﻿<?xml version="1.0" encoding="UTF-8"?>
<window id="9007">
	<!-- skinsettings -->
	<defaultcontrol always="true">800</defaultcontrol>
	<onload>Skin.SetString(inputmethod, )</onload>
<onload>Skin.SetString(recent1type, )</onload>
<onload>Skin.SetString(recent2type, )</onload>
<onload>Skin.SetString(recent3type, )</onload>
<onload>Skin.SetString(recent4type, )</onload>
<onload>Skin.SetString(recent5type, )</onload>
<onload>Skin.SetString(recent6type, )</onload>
<onload>Skin.SetString(recent7type, )</onload>
<onload>Skin.SetString(recent8type, )</onload>
<onload>Skin.SetString(recent9type, )</onload>
<onload>Skin.SetString(recent10type, )</onload>
<onload>Skin.SetString(gamercolor2, ff303030)</onload>
<onload condition="Skin.HasSetting(tilecolor)">Skin.ToggleSetting(tilecolor)</onload>
<onload condition="Skin.HasSetting(bgimage)">Skin.ToggleSetting(bgimage)</onload>
<onload condition="Skin.HasSetting(wincolor)">Skin.ToggleSetting(wincolor)</onload>
<onload condition="Skin.HasSetting(bgoverlay)">Skin.ToggleSetting(bgoverlay)</onload>
<onload condition="Skin.HasSetting(setupcomplete)">Skin.ToggleSetting(setupcomplete)</onload>
	<onload condition="Skin.HasSetting(winwallpaper)">Skin.ToggleSetting(winwallpaper)</onload>
<onload condition="Skin.HasSetting(customwallpaper)">Skin.ToggleSetting(customwallpaper)</onload>
<onload condition="!Skin.HasSetting(hometab)">Skin.ToggleSetting(hometab)</onload>
<onload condition="!Skin.HasSetting(gamestab)">Skin.ToggleSetting(gamestab)</onload>
<onload condition="Skin.HasSetting(appstab)">Skin.ToggleSetting(appstab)</onload>
<onload condition="Skin.HasSetting(autosign)">Skin.ToggleSetting(autosign)</onload>

	    <onload condition="String.IsEmpty(Skin.String(GTV.Library.Brightness))">Skin.SetString(GTV.Library.Brightness,ffffffff)</onload>
    <onload condition="String.IsEmpty(Skin.String(GTV.UnfocusedWidgetBrightness))">Skin.SetString(GTV.UnfocusedWidgetBrightness,66000000)</onload>
    <onload condition="String.IsEmpty(Skin.String(GTV.BackgroundCornerBrightness))">Skin.SetString(GTV.BackgroundCornerBrightness,4c)</onload>
    <onload condition="String.IsEmpty(Skin.String(GTV.WidgetColorGlowBrightness))">Skin.SetString(GTV.WidgetColorGlowBrightness,4c)</onload>

    <onload>Skin.SetString(BlurRadius,12)</onload> 
    <onload>Skin.SetString(ServiceInterval,0.2)</onload>
    <onload condition="!Skin.HasSetting(BlurEnabled)">Skin.ToggleSetting(BlurEnabled)</onload>
<onload>RunScript(special://skin/scripts/profileimage.py)</onload>
<onload condition="Skin.HasSetting(winwallpaper)">RunScript(special://skin/scripts/wallpaper.py)</onload>
<onload>RunScript(special://skin/scripts/profilename.py)</onload>

    <onload condition="Window.Previous(9008) | Skin.HasSetting(firsttimerun)">Control.SetFocus(903)</onload>
    <onload condition="!Skin.HasSetting(generateuwp)">Skin.ToggleSetting(generateuwp)</onload>
<onload condition="Skin.HasSetting(uwptab)">Skin.ToggleSetting(uwptab)</onload>
<onload condition="Skin.HasSetting(generategames)">Skin.ToggleSetting(generategames)</onload>
	<onload>Skin.SetString(gamercolor, FF4a3366)</onload>

		<onload>Skin.SetString(temprecenticon, )</onload>
<onload>Skin.SetString(temprecenname, )</onload>
<onload>Skin.SetString(temprecentexe, )</onload>
<onload>Skin.SetString(temprecenttype, )</onload>
<onload>Skin.SetString(temprecentart, )</onload>

		<onload>Skin.SetString(recenticon, )</onload>
<onload>Skin.SetString(recenname, )</onload>
<onload>Skin.SetString(recentexe, )</onload>
<onload>Skin.SetString(recenttype, )</onload>
<onload>Skin.SetString(recentart, )</onload>

		<onload>Skin.SetString(recent1icon, )</onload>
<onload>Skin.SetString(recen1name, )</onload>
<onload>Skin.SetString(recent1exe, )</onload>
<onload>Skin.SetString(recent1type, )</onload>
<onload>Skin.SetString(recent1art, )</onload>

		<onload>Skin.SetString(recent2icon, )</onload>
<onload>Skin.SetString(recen2name, )</onload>
<onload>Skin.SetString(recent2exe, )</onload>
<onload>Skin.SetString(recent2type, )</onload>
<onload>Skin.SetString(recent2art, )</onload>

		<onload>Skin.SetString(recent3icon, )</onload>
<onload>Skin.SetString(recen3name, )</onload>
<onload>Skin.SetString(recent3exe, )</onload>
<onload>Skin.SetString(recent3type, )</onload>
<onload>Skin.SetString(recent3art, )</onload>

		<onload>Skin.SetString(recent4icon, )</onload>
<onload>Skin.SetString(recen4name, )</onload>
<onload>Skin.SetString(recent4exe, )</onload>
<onload>Skin.SetString(recent4type, )</onload>
<onload>Skin.SetString(recent4art, )</onload>

		<onload>Skin.SetString(recent5icon, )</onload>
<onload>Skin.SetString(recen5name, )</onload>
<onload>Skin.SetString(recent5exe, )</onload>
<onload>Skin.SetString(recent5type, )</onload>
<onload>Skin.SetString(recent5art, )</onload>

		<onload>Skin.SetString(recent6icon, )</onload>
<onload>Skin.SetString(recen6name, )</onload>
<onload>Skin.SetString(recent6exe, )</onload>
<onload>Skin.SetString(recent6type, )</onload>
<onload>Skin.SetString(recent6art, )</onload>

		<onload>Skin.SetString(recent7icon, )</onload>
<onload>Skin.SetString(recen7name, )</onload>
<onload>Skin.SetString(recent7exe, )</onload>
<onload>Skin.SetString(recent7type, )</onload>
<onload>Skin.SetString(recent7art, )</onload>

		<onload>Skin.SetString(recent8icon, )</onload>
<onload>Skin.SetString(recen8name, )</onload>
<onload>Skin.SetString(recent8exe, )</onload>
<onload>Skin.SetString(recent8type, )</onload>
<onload>Skin.SetString(recent8art, )</onload>

		<onload>Skin.SetString(recent9icon, )</onload>
<onload>Skin.SetString(recen9name, )</onload>
<onload>Skin.SetString(recent9exe, )</onload>
<onload>Skin.SetString(recent9type, )</onload>
<onload>Skin.SetString(recent9art, )</onload>

		<onload>Skin.SetString(recent10icon, )</onload>
<onload>Skin.SetString(recen10name, )</onload>
<onload>Skin.SetString(recent10exe, )</onload>
<onload>Skin.SetString(recent10type, )</onload>
<onload>Skin.SetString(recent10art, )</onload>


	<controls>
	
		<!-- Background -->
        <include>ColorGrabImage</include>

        <include>DarkGreyBackground</include>
		<control type="group">
		
		<animation type="WindowOpen">
			<effect type="fade" start="0" end="100" delay="300" time="300"/>
			<effect type="slide" start="0,15" end="0,0" delay="300" time="200" tween="sine" easing="inout"/>
                    </animation>
<animation type="WindowClose">
			<effect type="fade" start="100" end="0" delay="0" time="300"/>
                    </animation>

 <control type="image">
            <left>0</left>
            <top>0</top>
            <width>3840</width>
            <height>2160</height>
            <fadetime>400</fadetime>
            <texture>demo/appbg.jpg</texture>
        </control>
<control type="image">
				 <left>0</left>
            <top>0</top>
            <width>3840</width>
            <height>2160</height>
            <fadetime>400</fadetime>
			<texture background="true">color_white.png</texture>
			<colordiffuse>8C000000</colordiffuse>
				<animation effect="fade" start="0" end="100" time="200" condition="$PARAM[animate]">WindowOpen</animation>
				<animation effect="fade" start="100" end="0" time="200" delay="70" condition="$PARAM[animate]">WindowClose</animation>
			</control>

<control type="group">
<left>120</left>

 <control type="label">
 <visible>!Skin.HasSetting(firsttimerun) + Control.HasFocus(800)</visible>
<animation type="Visible">
			<effect type="fade" start="0" end="100" delay="0" time="300"/>
			<effect type="slide" start="0,15" end="0,0" delay="0" time="200" tween="sine" easing="inout"/>
		</animation>

<animation type="Hidden">
			<effect type="fade" start="100" end="0" delay="0" time="300"/>
		</animation>
                                 <top>-1632</top>
                                <left>205</left>
                                <textcolor>TextBright</textcolor>
                                <font>font37</font>
                                <align>left</align>
                                <label>Select your input method</label>
                            </control>

<control type="list" id="800">

                 <visible>!Skin.HasSetting(firsttimerun) + !Control.HasFocus(900)</visible>
<animation type="Visible">
			<effect type="fade" start="0" end="100" delay="0" time="300"/>
			<effect type="slide" start="0,15" end="0,0" delay="0" time="200" tween="sine" easing="inout"/>
		</animation>

<animation type="Hidden">
			<effect type="fade" start="100" end="0" delay="0" time="300"/>
		</animation>
		


                <left>-100</left>
                <!-- <left>950</left> -->
                <width>4750</width>
                <top>980</top>
                <orientation>horizontal</orientation>
                <focusposition>1</focusposition>

                <onup>-</onup>
                <ondown>-</ondown>
<onright>-</onright>
<onleft>-</onleft>

                <itemlayout width="350" height="160">
                    <control type="group">
                        <left>150</left>
                        <width>480</width>
                        <height>160</height>
                        <control type="label">
                            <top>-8</top>
                            <textcolor>TextDim</textcolor>
                            <font>EpisodePlot</font>
                            <align>center</align>
                            <label>$INFO[ListItem.label]</label>
                        </control>
                    </control>
                </itemlayout>

                <focusedlayout width="350" height="160">
                    <control type="group">
                        <left>150</left>
                        <width>480</width>
                        <height>160</height>
                        <control type="group">
                            <control type="image">
<animation type="Visible">
			<effect type="fade" start="0" end="100" delay="0" time="200" />
		</animation>

<animation type="Hidden">
			<effect type="fade" start="100" end="0" delay="0" time="200" />
		</animation>

<animation type="Focus">
			<effect type="fade" start="0" end="100" delay="0" time="150" />
		</animation>

<animation type="UnFocus">
			<effect type="fade" start="100" end="0" delay="0" time="100" />
		</animation>
                            <left>100</left>
                            <top>140</top>
                                <texture colordiffuse="TextBright">masks/Mask160x160r80.png</texture>
                      <visible>Control.HasFocus(800)</visible>
                              <width>290</width>
                              <height>1</height>
                            </control>
                            <control type="label">
                                <top>-8</top>
                                <textcolor>TextBright</textcolor>
                                <font>EpisodePlot</font>
                                <align>center</align>
                                <label>$INFO[ListItem.label]</label>
                            </control>
                        </control>
                        
                    </control>
                </focusedlayout>
                <content>
          <item id="1">
                    <label>Xbox</label>
			<icon>demo/blur.jpg</icon>
			<onclick>Skin.SetString(inputmethod, )</onclick>
			<onclick>Control.SetFocus(900)</onclick>
		</item>
		<item id="2">
                    <label>PlayStation</label>
			<icon>demo/blur.jpg</icon>
			<onclick>Skin.SetString(inputmethod, PS)</onclick>
			<onclick>Control.SetFocus(900)</onclick>
		</item>
		          <item id="3">
                    <label>Keyboard</label>
			<icon>demo/blur.jpg</icon>
			<onclick>Skin.SetString(inputmethod, KEYBOARD)</onclick>
			<onclick>Control.SetFocus(900)</onclick>
		</item>
                </content>
            </control>
            
<control type="list" id="900">

                
		<visible>!Skin.HasSetting(firsttimerun)</visible>


                <left>0</left>
                <!-- <left>950</left> -->
                <width>0</width>
                <top>0</top>
                <orientation>horizontal</orientation>


                <onup>-</onup>
                <ondown>-</ondown>
<onright>-</onright>

                <itemlayout width="280" height="160">
                    <control type="group">
                        <left>150</left>
                        <width>480</width>
                        <height>160</height>
                    </control>
                </itemlayout>

                <focusedlayout width="280" height="160">
                    <control type="group">
                        <left>150</left>
                        <width>480</width>
                        <height>160</height>
                        <control type="group">
                         
                        </control>
                        
                    </control>
                </focusedlayout>
                <content>
                    <item id="1">
			<label2>-</label2>
			<icon>-</icon>
						<onclick>Skin.ToggleSetting(firsttimerun)</onclick>
<onclick>Control.SetFocus(901, 1)</onclick>
<onclick>RunScript(special://skin/scripts/setup.py)</onclick>
		</item>
		
                </content>
            </control>
  <control type="list" id="901">
<visible>!Window.Previous(9008)</visible>
<animation type="Conditional" condition="Control.HasFocus(901)">
			<effect type="fade" start="0" end="100" delay="0" time="300"/>
			<effect type="slide" start="0,15" end="0,0" delay="0" time="200" tween="sine" easing="inout"/>
		</animation>

<animation type="Conditional" condition="!Control.HasFocus(901)">
			<effect type="fade" start="100" end="0" delay="0" time="300"/>
		</animation>
		
		<animation type="Conditional" condition="Control.HasFocus(900)">
			<effect type="fade" start="100" end="0" delay="0" time="1"/>
		</animation>
		
                <left>151</left>
                <!-- <left>950</left> -->
                <width>3550</width>
                <top>1260</top>
                <orientation>horizontal</orientation>
                <focusposition>2</focusposition>

                <onup>901</onup>
                <ondown>-</ondown>
<onright>903</onright>
<onleft>-</onleft>
                <itemlayout width="410" height="260">
                    <control type="group">
                        <left>9</left>
                        <top>20</top>
                        <width>480</width>
                        <height>160</height>
                        <control type="image">
<animation type="Conditional" condition="true">
			<effect type="fade" start="100" end="50" delay="0" time="0" />
		</animation>
                            <top>0</top>
                            <left>0</left>
                            <width>360</width>
                            <height>130</height>
                          <texture diffuse="masks/Mask440x440r16.png">color_white.png</texture> 
                          <colordiffuse>ff303030</colordiffuse>
                        </control>
<control type="image">
                            <top>90</top>
                            <left>100</left>
                            <width>130</width>
                            <height>130</height>
                          <texture diffuse="masks/Mask440x440r16.png">$INFO[ListItem.Label2]</texture> 
                        </control>
 <control type="label">
                                <top>-30</top>
                                <left>-3625</left>
                                <width>7615</width>
                                <textcolor>TextBright</textcolor>
                                <font>EpisodePlot</font>
                                <align>center</align>
                                <label>$INFO[ListItem.label]</label>
                            </control>
                    </control>
                </itemlayout>

                <focusedlayout width="410" height="260">
                    <control type="group">
<animation type="Visible">
			<effect type="fade" start="0" end="100" delay="0" time="200" />
		</animation>

<animation type="Hidden">
			<effect type="fade" start="100" end="0" delay="0" time="200" />
		</animation>


                        <left>9</left>
                        <top>20</top>
                        <width>480</width>
                        <height>160</height>
                        <control type="group">
<control type="image">
<animation type="Conditional" condition="true">
			<effect type="fade" start="100" end="50" delay="0" time="0" />
		</animation>
                            <top>0</top>
                            <left>0</left>
                            <width>360</width>
                            <height>130</height>
                          <texture diffuse="masks/Mask440x440r16.png">color_white.png</texture> 
                          <colordiffuse>ff303030</colordiffuse>
                        </control>
<control type="image">
                            <top>90</top>
                            <left>100</left>
                            <width>130</width>
                            <height>130</height>
                          <texture diffuse="masks/Mask440x440r16.png">$INFO[ListItem.Label2]</texture> 
                        </control>
 <control type="label">
                                <top>-30</top>
                                <left>-3625</left>
                                <width>7615</width>
                                <textcolor>TextBright</textcolor>
                                <font>EpisodePlot</font>
                                <align>center</align>
                                <label>$INFO[ListItem.label]</label>
                            </control>
                             <control type="image">
<animation type="UnFocus">
<effect type="fade" start="100" end="0" delay="0" time="125"/>
		</animation>
<animation type="Focus">
<effect type="fade" start="0" end="100" delay="0" time="125"/>
		</animation>
<animation type="Hidden">
			<effect type="fade" start="100" end="0" delay="0" time="0" />
		</animation>
<animation type="Visible">
			<effect type="fade" start="0" end="100" delay="0" time="200" />
		</animation>
                            <top>-5</top>
                            <left>-5</left>
                            <width>370</width>
                            <height>140</height>
                          <texture border="50" diffuse="masks/Mask440x440r16.png">masks/Selector420x626r16.png</texture> 
                        <visible>Control.HasFocus(901)</visible>
                        </control>

                        </control>
                        
                    </control>
                </focusedlayout>
                <content>
                   
                     <item id="1">
			<label>Disabled</label>
			<label2>-</label2>
			<icon>-</icon>
			<onclick>Skin.SetString(autoupdate, 0)</onclick>
			<onclick>RunScript(special://skin/scripts/autoupdate.py)</onclick>
			<onclick condition="Skin.HasSetting(autoupdate)">Skin.ToggleSetting(autoupdate)</onclick>
	<onclick>Control.SetFocus(902, 1)</onclick>
		</item>
  <item id="2">
			<label>Enabled</label>
			<label2>-</label2>
			<icon>-</icon>
			<onclick>Skin.SetString(autoupdate, 1)</onclick>
			<onclick>RunScript(special://skin/scripts/autoupdate.py)</onclick>
			<onclick condition="!Skin.HasSetting(autoupdate)">Skin.ToggleSetting(autoupdate)</onclick>
	<onclick>Control.SetFocus(902, 1)</onclick>
		</item>

	
		
                </content>
            </control>
  <control type="list" id="902">
            
<animation type="Conditional" condition="Control.HasFocus(902)">
			<effect type="fade" start="0" end="100" delay="0" time="300"/>
			<effect type="slide" start="0,15" end="0,0" delay="0" time="200" tween="sine" easing="inout"/>
		</animation>

<animation type="Conditional" condition="!Control.HasFocus(902)">
			<effect type="fade" start="100" end="0" delay="0" time="300"/>
		</animation>
		<animation type="Conditional" condition="Control.HasFocus(900)">
			<effect type="fade" start="100" end="0" delay="0" time="1"/>
		</animation>
<visible>!Window.Previous(9008)</visible>

                <left>151</left>
                <!-- <left>950</left> -->
                <width>3550</width>
                <top>1260</top>
                <orientation>horizontal</orientation>
                <focusposition>2</focusposition>

                <onup>901</onup>
                <ondown>-</ondown>
<onright>903</onright>
<onleft>-</onleft>
                <itemlayout width="410" height="260">
                    <control type="group">
                        <left>9</left>
                        <top>20</top>
                        <width>480</width>
                        <height>160</height>
                        <control type="image">
<animation type="Conditional" condition="true">
			<effect type="fade" start="100" end="50" delay="0" time="0" />
		</animation>
                            <top>0</top>
                            <left>0</left>
                            <width>360</width>
                            <height>130</height>
                          <texture diffuse="masks/Mask440x440r16.png">color_white.png</texture> 
                          <colordiffuse>ff303030</colordiffuse>
                        </control>
<control type="image">
                            <top>90</top>
                            <left>100</left>
                            <width>130</width>
                            <height>130</height>
                          <texture diffuse="masks/Mask440x440r16.png">$INFO[ListItem.Label2]</texture> 
                        </control>
 <control type="label">
                                <top>-30</top>
                                <left>-3625</left>
                                <width>7615</width>
                                <textcolor>TextBright</textcolor>
                                <font>EpisodePlot</font>
                                <align>center</align>
                                <label>$INFO[ListItem.label]</label>
                            </control>
                    </control>
                </itemlayout>

                <focusedlayout width="410" height="260">
                    <control type="group">
<animation type="Visible">
			<effect type="fade" start="0" end="100" delay="0" time="200" />
		</animation>

<animation type="Hidden">
			<effect type="fade" start="100" end="0" delay="0" time="200" />
		</animation>


                        <left>9</left>
                        <top>20</top>
                        <width>480</width>
                        <height>160</height>
                        <control type="group">
<control type="image">
<animation type="Conditional" condition="true">
			<effect type="fade" start="100" end="50" delay="0" time="0" />
		</animation>
                            <top>0</top>
                            <left>0</left>
                            <width>360</width>
                            <height>130</height>
                          <texture diffuse="masks/Mask440x440r16.png">color_white.png</texture> 
                          <colordiffuse>ff303030</colordiffuse>
                        </control>
<control type="image">
                            <top>90</top>
                            <left>100</left>
                            <width>130</width>
                            <height>130</height>
                          <texture diffuse="masks/Mask440x440r16.png">$INFO[ListItem.Label2]</texture> 
                        </control>
 <control type="label">
                                <top>-30</top>
                                <left>-3625</left>
                                <width>7615</width>
                                <textcolor>TextBright</textcolor>
                                <font>EpisodePlot</font>
                                <align>center</align>
                                <label>$INFO[ListItem.label]</label>
                            </control>
                             <control type="image">
<animation type="UnFocus">
<effect type="fade" start="100" end="0" delay="0" time="125"/>
		</animation>
<animation type="Focus">
<effect type="fade" start="0" end="100" delay="0" time="125"/>
		</animation>
<animation type="Hidden">
			<effect type="fade" start="100" end="0" delay="0" time="0" />
		</animation>
<animation type="Visible">
			<effect type="fade" start="0" end="100" delay="0" time="200" />
		</animation>
                            <top>-5</top>
                            <left>-5</left>
                            <width>370</width>
                            <height>140</height>
                          <texture border="50" diffuse="masks/Mask440x440r16.png">masks/Selector420x626r16.png</texture> 
                        <visible>Control.HasFocus(902)</visible>
                        </control>

                        </control>
                        
                    </control>
                </focusedlayout>
                <content>
                
                     <item id="1">
			<label>No</label>
			<label2>-</label2>
			<icon>-</icon>
	<onclick>Control.SetFocus(903, 1)</onclick>
		</item>
  <item id="2">
			<label>Yes</label>
			<label2>-</label2>
			<icon>-</icon>
			<onclick>ActivateWindow(9008)</onclick>
	<onclick>Control.SetFocus(903, 1)</onclick>
		</item>
		

	
		
                </content>
            </control>

<control type="list" id="903">
            
<animation type="Conditional" condition="Control.HasFocus(903)">
			<effect type="fade" start="0" end="100" delay="0" time="300"/>
			<effect type="slide" start="0,15" end="0,0" delay="0" time="200" tween="sine" easing="inout"/>
		</animation>

<animation type="Conditional" condition="!Control.HasFocus(903)">
			<effect type="fade" start="100" end="0" delay="0" time="300"/>
		</animation>
		<animation type="Conditional" condition="Control.HasFocus(900)">
			<effect type="fade" start="100" end="0" delay="0" time="1"/>
		</animation>
<visible>!Window.Previous(9008)</visible>

                <left>151</left>
                <!-- <left>950</left> -->
                <width>3550</width>
                <top>1260</top>
                <orientation>horizontal</orientation>
                <focusposition>2</focusposition>

                <onup>901</onup>
                <ondown>-</ondown>
<onright>903</onright>
<onleft>-</onleft>
                <itemlayout width="410" height="260">
                    <control type="group">
                        <left>9</left>
                        <top>20</top>
                        <width>480</width>
                        <height>160</height>
                        <control type="image">
<animation type="Conditional" condition="true">
			<effect type="fade" start="100" end="50" delay="0" time="0" />
		</animation>
                            <top>0</top>
                            <left>0</left>
                            <width>360</width>
                            <height>130</height>
                          <texture diffuse="masks/Mask440x440r16.png">color_white.png</texture> 
                          <colordiffuse>ff303030</colordiffuse>
                        </control>
<control type="image">
                            <top>90</top>
                            <left>100</left>
                            <width>130</width>
                            <height>130</height>
                          <texture diffuse="masks/Mask440x440r16.png">$INFO[ListItem.Label2]</texture> 
                        </control>
 <control type="label">
                                <top>-30</top>
                                <left>-3625</left>
                                <width>7615</width>
                                <textcolor>TextBright</textcolor>
                                <font>EpisodePlot</font>
                                <align>center</align>
                                <label>$INFO[ListItem.label]</label>
                            </control>
                    </control>
                </itemlayout>

                <focusedlayout width="410" height="260">
                    <control type="group">
<animation type="Visible">
			<effect type="fade" start="0" end="100" delay="0" time="200" />
		</animation>

<animation type="Hidden">
			<effect type="fade" start="100" end="0" delay="0" time="200" />
		</animation>


                        <left>9</left>
                        <top>20</top>
                        <width>480</width>
                        <height>160</height>
                        <control type="group">
<control type="image">
<animation type="Conditional" condition="true">
			<effect type="fade" start="100" end="50" delay="0" time="0" />
		</animation>
                            <top>0</top>
                            <left>0</left>
                            <width>360</width>
                            <height>130</height>
                          <texture diffuse="masks/Mask440x440r16.png">color_white.png</texture> 
                          <colordiffuse>ff303030</colordiffuse>
                        </control>
<control type="image">
                            <top>90</top>
                            <left>100</left>
                            <width>130</width>
                            <height>130</height>
                          <texture diffuse="masks/Mask440x440r16.png">$INFO[ListItem.Label2]</texture> 
                        </control>
 <control type="label">
                                <top>-30</top>
                                <left>-3625</left>
                                <width>7615</width>
                                <textcolor>TextBright</textcolor>
                                <font>EpisodePlot</font>
                                <align>center</align>
                                <label>$INFO[ListItem.label]</label>
                            </control>
                             <control type="image">
<animation type="UnFocus">
<effect type="fade" start="100" end="0" delay="0" time="125"/>
		</animation>
<animation type="Focus">
<effect type="fade" start="0" end="100" delay="0" time="125"/>
		</animation>
<animation type="Hidden">
			<effect type="fade" start="100" end="0" delay="0" time="0" />
		</animation>
<animation type="Visible">
			<effect type="fade" start="0" end="100" delay="0" time="200" />
		</animation>
                            <top>-5</top>
                            <left>-5</left>
                            <width>370</width>
                            <height>140</height>
                          <texture border="50" diffuse="masks/Mask440x440r16.png">masks/Selector420x626r16.png</texture> 
                        <visible>Control.HasFocus(903)</visible>
                        </control>

                        </control>
                        
                    </control>
                </focusedlayout>
                <content>
                
                     <item id="1">
			<label>No</label>
			<label2>-</label2>
			<icon>-</icon>
	<onclick>RunScript(special://skin/scripts/removestartup.py)</onclick>
			<onclick condition="Skin.HasSetting(autostart)">Skin.ToggleSetting(autostart)</onclick>
	<onclick>Control.SetFocus(904, 0)</onclick>
		</item>
  <item id="2">
			<label>Yes</label>
			<label2>-</label2>
			<icon>-</icon>
			<onclick>RunScript(special://skin/scripts/addstartup.py)</onclick>
			<onclick condition="!Skin.HasSetting(autostart)">Skin.ToggleSetting(autostart)</onclick>
	<onclick>Control.SetFocus(904, 0)</onclick>
		</item>
		

	
		
                </content>
            </control>
            
            <control type="panel" id="904">
            
<animation type="Conditional" condition="Control.HasFocus(904)">
			<effect type="fade" start="0" end="100" delay="0" time="300"/>
			<effect type="slide" start="0,15" end="0,0" delay="0" time="200" tween="sine" easing="inout"/>
		</animation>

<animation type="Conditional" condition="!Control.HasFocus(904)">
			<effect type="fade" start="100" end="0" delay="0" time="300"/>
		</animation>
		<animation type="Conditional" condition="Control.HasFocus(900)">
			<effect type="fade" start="100" end="0" delay="0" time="1"/>
		</animation>
<visible>!Window.Previous(9008)</visible>

                <left>151</left>
                <!-- <left>950</left> -->
                <width>3550</width>
                <top>1200</top>
                <orientation>vertical</orientation>
                <focusposition>2</focusposition>

                <onup>-</onup>
                <ondown>-</ondown>
<onright>-</onright>
<onleft>-</onleft>
                <itemlayout width="410" height="190">
                    <control type="group">
                        <left>9</left>
                        <top>20</top>
                        <width>480</width>
                        <height>160</height>
                        <control type="image">
<animation type="Conditional" condition="true">
			<effect type="fade" start="100" end="50" delay="0" time="0" />
		</animation>
                            <top>0</top>
                            <left>0</left>
                            <width>360</width>
                            <height>130</height>
                          <texture diffuse="masks/Mask440x440r16.png">color_white.png</texture> 
                          <colordiffuse>ff303030</colordiffuse>
                        </control>
<control type="image">
                            <top>90</top>
                            <left>100</left>
                            <width>130</width>
                            <height>130</height>
                          <texture diffuse="masks/Mask440x440r16.png">$INFO[ListItem.Label2]</texture> 
                        </control>
 <control type="label">
                                <top>-30</top>
                                <left>-3625</left>
                                <width>7615</width>
                                <textcolor>TextBright</textcolor>
                                <font>EpisodePlot</font>
                                <align>center</align>
                                <label>$INFO[ListItem.label]</label>
                            </control>
                    </control>
                </itemlayout>

                <focusedlayout width="410" height="190">
                    <control type="group">
<animation type="Visible">
			<effect type="fade" start="0" end="100" delay="0" time="200" />
		</animation>

<animation type="Hidden">
			<effect type="fade" start="100" end="0" delay="0" time="200" />
		</animation>


                        <left>9</left>
                        <top>20</top>
                        <width>480</width>
                        <height>160</height>
                        <control type="group">
<control type="image">
<animation type="Conditional" condition="true">
			<effect type="fade" start="100" end="50" delay="0" time="0" />
		</animation>
                            <top>0</top>
                            <left>0</left>
                            <width>360</width>
                            <height>130</height>
                          <texture diffuse="masks/Mask440x440r16.png">color_white.png</texture> 
                          <colordiffuse>ff303030</colordiffuse>
                        </control>
<control type="image">
                            <top>90</top>
                            <left>100</left>
                            <width>130</width>
                            <height>130</height>
                          <texture diffuse="masks/Mask440x440r16.png">$INFO[ListItem.Label2]</texture> 
                        </control>
 <control type="label">
                                <top>-30</top>
                                <left>-3625</left>
                                <width>7615</width>
                                <textcolor>TextBright</textcolor>
                                <font>EpisodePlot</font>
                                <align>center</align>
                                <label>$INFO[ListItem.label]</label>
                            </control>
                             <control type="image">
<animation type="UnFocus">
<effect type="fade" start="100" end="0" delay="0" time="125"/>
		</animation>
<animation type="Focus">
<effect type="fade" start="0" end="100" delay="0" time="125"/>
		</animation>
<animation type="Hidden">
			<effect type="fade" start="100" end="0" delay="0" time="0" />
		</animation>
<animation type="Visible">
			<effect type="fade" start="0" end="100" delay="0" time="200" />
		</animation>
                            <top>-5</top>
                            <left>-5</left>
                            <width>370</width>
                            <height>140</height>
                          <texture border="50" diffuse="masks/Mask440x440r16.png">masks/Selector420x626r16.png</texture> 
                        <visible>Control.HasFocus(904)</visible>
                        </control>

                        </control>
                        
                    </control>
                </focusedlayout>
                <content>
                
                


                     <item id="1">
			<label>Default</label>
			<label2>-</label2>
			<icon>special://skin/layouts/vertical.png</icon>
			<onclick condition="!Skin.HasSetting(uwptab)">Skin.ToggleSetting(uwptab)</onclick>
			<onclick condition="!Skin.HasSetting(appstab)">Skin.ToggleSetting(appstab)</onclick>
			<onclick condition="Skin.HasSetting(bgimage)">Skin.ToggleSetting(bgimage)</onclick>
<onclick condition="Skin.HasSetting(XBMenu)">Skin.ToggleSetting(XBMenu)</onclick>
			<onclick>Skin.SetString(gamercolor, FF4a3366)</onclick>
	<onclick condition="!Skin.HasSetting(OneMenu)">Skin.ToggleSetting(OneMenu)</onclick>
	<onclick condition="!Skin.HasSetting(hometab)">Skin.ToggleSetting(hometab)</onclick>
	<onclick condition="Skin.HasSetting(OneBar)">Skin.ToggleSetting(OneBar)</onclick>
	<onclick>Control.SetFocus(905, 1)</onclick>
		</item>
		
		                <item id="2">
			<label>Tiles</label>
			<label2>-</label2>
			<icon>special://skin/layouts/default.png</icon>
<onclick>Skin.SetString(gamercolor, FF4a3366)</onclick>
<onclick condition="Skin.HasSetting(XBMenu)">Skin.ToggleSetting(XBMenu)</onclick>
			<onclick condition="!Skin.HasSetting(appstab)">Skin.ToggleSetting(appstab)</onclick>
			<onclick condition="!Skin.HasSetting(bgimage)">Skin.ToggleSetting(bgimage)</onclick>
				<onclick condition="!Skin.HasSetting(hometab)">Skin.ToggleSetting(hometab)</onclick>
	<onclick condition="Skin.HasSetting(OneMenu)">Skin.ToggleSetting(OneMenu)</onclick>
	<onclick condition="Skin.HasSetting(OneBar)">Skin.ToggleSetting(OneBar)</onclick>
	<onclick>Control.SetFocus(905, 1)</onclick>
		</item>
		
<item id="3">
			<label>Horizontal</label>
			<label2>-</label2>
			<icon>special://skin/layouts/horizontal.png</icon>
<onclick>Skin.SetString(gamercolor, FF4a3366)</onclick>
<onclick condition="Skin.HasSetting(XBMenu)">Skin.ToggleSetting(XBMenu)</onclick>
			<onclick condition="!Skin.HasSetting(appstab)">Skin.ToggleSetting(appstab)</onclick>
			<onclick condition="!Skin.HasSetting(bgimage)">Skin.ToggleSetting(bgimage)</onclick>
	<onclick condition="!Skin.HasSetting(OneBar)">Skin.ToggleSetting(OneBar)</onclick>
		<onclick condition="Skin.HasSetting(OneMenu)">Skin.ToggleSetting(OneMenu)</onclick>
	<onclick>Control.SetFocus(905, 1)</onclick>
		</item>

<item id="2">
			<label>Project X</label>
			<label2>-</label2>
			<icon>special://skin/layouts/projectx.png</icon>
			<onclick condition="!Skin.HasSetting(uwptab)">Skin.ToggleSetting(uwptab)</onclick>
			<onclick condition="!Skin.HasSetting(appstab)">Skin.ToggleSetting(appstab)</onclick>
			<onclick condition="Skin.HasSetting(bgimage)">Skin.ToggleSetting(bgimage)</onclick>
<onclick condition="!Skin.HasSetting(tilecolor)">Skin.ToggleSetting(tilecolor)</onclick>
<onclick condition="!Skin.HasSetting(bgoverlay)">Skin.ToggleSetting(bgoverlay)</onclick>
<onclick>Skin.SetString(bgoverlay, special://skin/extras/overlays/bg.jpg)</onclick>
			<onclick>Skin.SetString(gamercolor, FF038209)</onclick>
<onclick>Skin.SetString(gamercolor2, FF038209)</onclick>
	<onclick condition="!Skin.HasSetting(XBMenu)">Skin.ToggleSetting(XBMenu)</onclick>
		<onclick condition="Skin.HasSetting(OneMenu)">Skin.ToggleSetting(OneMenu)</onclick>
		<onclick condition="Skin.HasSetting(OneBar)">Skin.ToggleSetting(OneBar)</onclick>
	<onclick>Control.SetFocus(905, 1)</onclick>
		</item>
		

	
		
                </content>
            </control>

            
             <control type="list" id="905">
            
<animation type="Conditional" condition="Control.HasFocus(905)">
			<effect type="fade" start="0" end="100" delay="0" time="300"/>
			<effect type="slide" start="0,15" end="0,0" delay="0" time="200" tween="sine" easing="inout"/>
		</animation>

<animation type="Conditional" condition="!Control.HasFocus(905)">
			<effect type="fade" start="100" end="0" delay="0" time="300"/>
		</animation>
		
		<animation type="Conditional" condition="Control.HasFocus(900)">
			<effect type="fade" start="100" end="0" delay="0" time="1"/>
		</animation>
		
<visible>Skin.HasSetting(firsttimerun)</visible>
                <left>151</left>
                <!-- <left>950</left> -->
                <width>3550</width>
                <top>1260</top>
                <orientation>horizontal</orientation>
                <focusposition>2</focusposition>

                <onup>901</onup>
                <ondown>-</ondown>
<onright>903</onright>
<onleft>-</onleft>
                <itemlayout width="410" height="260">
                    <control type="group">
                        <left>9</left>
                        <top>20</top>
                        <width>480</width>
                        <height>160</height>
                        <control type="image">
<animation type="Conditional" condition="true">
			<effect type="fade" start="100" end="50" delay="0" time="0" />
		</animation>
                            <top>0</top>
                            <left>0</left>
                            <width>360</width>
                            <height>130</height>
                          <texture diffuse="masks/Mask440x440r16.png">color_white.png</texture> 
                          <colordiffuse>ff303030</colordiffuse>
                        </control>
<control type="image">
                            <top>90</top>
                            <left>100</left>
                            <width>130</width>
                            <height>130</height>
                          <texture diffuse="masks/Mask440x440r16.png">$INFO[ListItem.Label2]</texture> 
                        </control>
 <control type="label">
                                <top>-30</top>
                                <left>-3625</left>
                                <width>7615</width>
                                <textcolor>TextBright</textcolor>
                                <font>EpisodePlot</font>
                                <align>center</align>
                                <label>$INFO[ListItem.label]</label>
                            </control>
                    </control>
                </itemlayout>

                <focusedlayout width="410" height="260">
                    <control type="group">
<animation type="Visible">
			<effect type="fade" start="0" end="100" delay="0" time="200" />
		</animation>

<animation type="Hidden">
			<effect type="fade" start="100" end="0" delay="0" time="200" />
		</animation>


                        <left>9</left>
                        <top>20</top>
                        <width>480</width>
                        <height>160</height>
                        <control type="group">
<control type="image">
<animation type="Conditional" condition="true">
			<effect type="fade" start="100" end="50" delay="0" time="0" />
		</animation>
                            <top>0</top>
                            <left>0</left>
                            <width>360</width>
                            <height>130</height>
                          <texture diffuse="masks/Mask440x440r16.png">color_white.png</texture> 
                          <colordiffuse>ff303030</colordiffuse>
                        </control>
<control type="image">
                            <top>90</top>
                            <left>100</left>
                            <width>130</width>
                            <height>130</height>
                          <texture diffuse="masks/Mask440x440r16.png">$INFO[ListItem.Label2]</texture> 
                        </control>
 <control type="label">
                                <top>-30</top>
                                <left>-3625</left>
                                <width>7615</width>
                                <textcolor>TextBright</textcolor>
                                <font>EpisodePlot</font>
                                <align>center</align>
                                <label>$INFO[ListItem.label]</label>
                            </control>
                             <control type="image">
<animation type="UnFocus">
<effect type="fade" start="100" end="0" delay="0" time="125"/>
		</animation>
<animation type="Focus">
<effect type="fade" start="0" end="100" delay="0" time="125"/>
		</animation>
<animation type="Hidden">
			<effect type="fade" start="100" end="0" delay="0" time="0" />
		</animation>
<animation type="Visible">
			<effect type="fade" start="0" end="100" delay="0" time="200" />
		</animation>
                            <top>-5</top>
                            <left>-5</left>
                            <width>370</width>
                            <height>140</height>
                          <texture border="50" diffuse="masks/Mask440x440r16.png">masks/Selector420x626r16.png</texture> 
                        <visible>Control.HasFocus(905)</visible>
                        </control>

                        </control>
                        
                    </control>
                </focusedlayout>
                <content>
                
                     <item id="1">
			<label>Finish</label>
			<label2>-</label2>
			<icon>-</icon>
	<onclick>ReplaceWindow(startup)</onclick>
	<onclick condition="!Skin.HasSetting(setupcomplete)">Skin.ToggleSetting(setupcomplete)</onclick>
	<onclick>ReloadSkin()</onclick>
		</item>
		

	
		
                </content>
            </control>


            </control>



<control type="group">
<animation type="Visible">
			<effect type="fade" start="0" end="100" delay="0" time="300"/>
			<effect type="slide" start="0,15" end="0,0" delay="0" time="200" tween="sine" easing="inout"/>
		</animation>

<animation type="Hidden">
			<effect type="fade" start="100" end="0" delay="0" time="100"/>
		</animation>
<visible>Control.HasFocus(900)</visible>
<left>-230</left>
<top>-200</top>

  <control type="image">
<visible>!Skin.String(inputmethod, PS) + !Skin.String(inputmethod, KEYBOARD)</visible>
                            <top>1025</top>
                            <left>2500</left>
                            <width>1270</width>
                            <height>900</height>
                          <texture>demo/gamepad.png</texture> 
               
                        </control>
  <control type="image">
<visible>Skin.String(inputmethod, PS)</visible>
                            <top>935</top>
                            <left>2500</left>
                            <width>1270</width>
                            <height>900</height>
                          <texture>demo/gamepad_ps.png</texture> 
               
                        </control>
  <control type="image">
<visible>Skin.String(inputmethod, KEYBOARD)</visible>
                            <top>925</top>
                            <left>2500</left>
                            <width>1270</width>
                            <height>700</height>
                          <texture>demo/gamepad_kb.png</texture> 
               
                        </control>
<control type="group">
<left>1790</left>
<top>110</top>

<control type="group">
<visible>!Skin.String(inputmethod, PS) + !Skin.String(inputmethod, KEYBOARD)</visible>
<control type="image">
<animation type="WindowClose">
			<effect type="fade" start="100" end="0" delay="0" time="300"/>
                    </animation>
            <left>1590</left>
            <top>1180</top>
            <width>150</width>
            <height>150</height>
            <fadetime>400</fadetime>
            <texture>demo/startupa.png</texture>
        </control>
 <control type="image">
<animation type="WindowClose">
			<effect type="fade" start="100" end="0" delay="0" time="300"/>
                    </animation>
 <animation type="Conditional" condition="true" loop="true">
			<effect type="fade" start="0" end="100" delay="200" time="600"/>
			<effect type="zoom" start="90" end="110" delay="200" time="800" tween="sine" easing="inout" center="auto"/>
<effect type="zoom" start="110" end="90" delay="600" time="800" tween="sine" easing="inout" center="auto"/>
		<effect type="fade" start="100" end="0" delay="600" time="600"/>
		</animation>
            <left>1590</left>
            <top>1180</top>
            <width>150</width>
            <height>150</height>
            <fadetime>400</fadetime>
            <texture>demo/startuparing.png</texture>
        </control>
        </control>

<control type="group">
<left>-130</left>
<top>-35</top>
<visible>Skin.String(inputmethod, KEYBOARD)</visible>
<control type="image">
<animation type="WindowClose">
			<effect type="fade" start="100" end="0" delay="0" time="300"/>
                    </animation>
            <left>1590</left>
            <top>1180</top>
            <width>80</width>
            <height>80</height>
            <fadetime>400</fadetime>
            <texture>demo/kb_startupa.png</texture>
        </control>
 <control type="image">
<animation type="WindowClose">
			<effect type="fade" start="100" end="0" delay="0" time="300"/>
                    </animation>
 <animation type="Conditional" condition="true" loop="true">
			<effect type="fade" start="0" end="100" delay="200" time="600"/>
			<effect type="zoom" start="90" end="110" delay="200" time="800" tween="sine" easing="inout" center="auto"/>
<effect type="zoom" start="110" end="90" delay="600" time="800" tween="sine" easing="inout" center="auto"/>
		<effect type="fade" start="100" end="0" delay="600" time="600"/>
		</animation>
            <left>1555</left>
            <top>1145</top>
            <width>150</width>
            <height>150</height>
            <fadetime>400</fadetime>
            <texture>demo/startuparing.png</texture>
        </control>
        </control>

<control type="group">

<left>114</left>
<top>-39</top>
<visible>Skin.String(inputmethod, PS)</visible>
<control type="image">
<animation type="WindowClose">
			<effect type="fade" start="100" end="0" delay="0" time="300"/>
                    </animation>
            <left>1590</left>
            <top>1180</top>
            <width>80</width>
            <height>80</height>
            <fadetime>400</fadetime>
            <texture>demo/ps_startupa.png</texture>
            <colordiffuse>black</colordiffuse>
        </control>
 <control type="image">
<animation type="WindowClose">
			<effect type="fade" start="100" end="0" delay="0" time="300"/>
                    </animation>
 <animation type="Conditional" condition="true" loop="true">
			<effect type="fade" start="0" end="100" delay="200" time="600"/>
			<effect type="zoom" start="90" end="110" delay="200" time="800" tween="sine" easing="inout" center="auto"/>
<effect type="zoom" start="110" end="90" delay="600" time="800" tween="sine" easing="inout" center="auto"/>
		<effect type="fade" start="100" end="0" delay="600" time="600"/>
		</animation>
            <left>1555</left>
            <top>1145</top>
            <width>150</width>
            <height>150</height>
            <fadetime>400</fadetime>
            <texture>demo/startuparing.png</texture>
<colordiffuse>black</colordiffuse>
        </control>
        </control>
                        </control>

		 <control type="label">
                                <top>0</top>
                                <left>510</left>
                                <textcolor>TextBright</textcolor>
                                <font>HomeTitle</font>
                                <align>left</align>
                                <label>Welcome $INFO[Skin.String(profilename)]!</label>
                            </control>
                               <control type="label">
<visible>!Skin.String(inputmethod, PS) + !Skin.String(inputmethod, KEYBOARD)</visible>
                                <top>300</top>
                                <left>510</left>
                                <textcolor>TextMid</textcolor>
                                <font>HomeTitle2</font>
                                <align>left</align>
                                <label>Press A to get started.</label>
                            </control>
 <control type="label">
<visible>Skin.String(inputmethod, PS)</visible>
                                <top>300</top>
                                <left>510</left>
                                <textcolor>TextMid</textcolor>
                                <font>HomeTitle2</font>
                                <align>left</align>
                                <label>Press X to get started.</label>
                            </control>
 <control type="label">
<visible>Skin.String(inputmethod, KEYBOARD)</visible>
                                <top>300</top>
                                <left>510</left>
                                <textcolor>TextMid</textcolor>
                                <font>HomeTitle2</font>
                                <align>left</align>
                                <label>Press Enter to get started.</label>
                            </control>
                            </control>

<control type="group">
<animation type="Visible">
			<effect type="fade" start="0" end="100" delay="0" time="300"/>
			<effect type="slide" start="0,15" end="0,0" delay="0" time="200" tween="sine" easing="inout"/>
		</animation>

<animation type="Hidden">
			<effect type="fade" start="100" end="0" delay="0" time="100"/>
		</animation>
		<animation type="Conditional" condition="Control.HasFocus(900)">
			<effect type="fade" start="100" end="0" delay="0" time="1"/>
		</animation>
<visible>Control.HasFocus(901)</visible>
<left>-230</left>
<top>-200</top>

		 <control type="label">
                                <top>0</top>
                                <left>510</left>
                                <textcolor>TextBright</textcolor>
                                <font>HomeTitle</font>
                                <align>left</align>
                                <label>Automatic updates</label>
                            </control>
                               <control type="label">
                               <top>300</top>
                                <left>510</left>
                                <textcolor>TextMid</textcolor>
                                <font>HomeTitle2</font>
                                <align>left</align>
                                <label>Select an option</label>
                            </control>
                            </control>

<control type="group">
<animation type="Visible">
			<effect type="fade" start="0" end="100" delay="0" time="300"/>
			<effect type="slide" start="0,15" end="0,0" delay="0" time="200" tween="sine" easing="inout"/>
		</animation>

<animation type="Hidden">
			<effect type="fade" start="100" end="0" delay="0" time="100"/>
		</animation>
		<animation type="Conditional" condition="Control.HasFocus(900)">
			<effect type="fade" start="100" end="0" delay="0" time="1"/>
		</animation>
<visible>Control.HasFocus(902)</visible>
<left>-230</left>
<top>-200</top>

		 <control type="label">
                                <top>0</top>
                                <left>510</left>
                                <textcolor>TextBright</textcolor>
                                <font>HomeTitle</font>
                                <align>left</align>
                                <label>Your library is a little empty</label>
                            </control>
                               <control type="label">
                                <top>300</top>
                                <left>510</left>
                                <textcolor>TextMid</textcolor>
                                <font>HomeTitle2</font>
                                <align>left</align>
                                <label>Would you like to import your games/apps now?</label>
                            </control>
                            </control>



    <control type="group">
<animation type="Visible">
			<effect type="fade" start="0" end="100" delay="0" time="300"/>
			<effect type="slide" start="0,15" end="0,0" delay="0" time="200" tween="sine" easing="inout"/>
		</animation>

<animation type="Hidden">
			<effect type="fade" start="100" end="0" delay="0" time="100"/>
		</animation>

		<animation type="Conditional" condition="Control.HasFocus(900)">
			<effect type="fade" start="100" end="0" delay="0" time="1"/>
		</animation>
		
<visible>Control.HasFocus(903)</visible>
<left>-230</left>
<top>-200</top>

		 <control type="label">
                                <top>0</top>
                                <left>510</left>
                                <textcolor>TextBright</textcolor>
                                <font>HomeTitle</font>
                                <align>left</align>
                                <label>Startup</label>
                            </control>
                               <control type="label">
                                <top>300</top>
                                <left>510</left>
                                <textcolor>TextMid</textcolor>
                                <font>HomeTitle2</font>
                                <align>left</align>
                                <label>Automatically start WinDash on startup?</label>
                            </control>
                            </control>
                            
                            <control type="group">
<animation type="Visible">
			<effect type="fade" start="0" end="100" delay="0" time="300"/>
			<effect type="slide" start="0,15" end="0,0" delay="0" time="200" tween="sine" easing="inout"/>
		</animation>

<animation type="Hidden">
			<effect type="fade" start="100" end="0" delay="0" time="100"/>
		</animation>
		<animation type="Conditional" condition="Control.HasFocus(900)">
			<effect type="fade" start="100" end="0" delay="0" time="1"/>
		</animation>
<visible>Control.HasFocus(904)</visible>
<left>-230</left>
<top>-200</top>

		 <control type="label">
                                <top>0</top>
                                <left>510</left>
                                <textcolor>TextBright</textcolor>
                                <font>HomeTitle</font>
                                <align>left</align>
                                <label>Home screen</label>
                            </control>
                               <control type="label">
                                <top>300</top>
                                <left>510</left>
                                <textcolor>TextMid</textcolor>
                                <font>HomeTitle2</font>
                                <align>left</align>
                                <label>Select your home screen layout</label>
                            </control>
                              <control type="image">
<animation type="UnFocus">
<effect type="fade" start="100" end="0" delay="0" time="125"/>
		</animation>
<animation type="Focus">
<effect type="fade" start="0" end="100" delay="0" time="125"/>
		</animation>
<animation type="Hidden">
			<effect type="fade" start="100" end="0" delay="0" time="0" />
		</animation>
<animation type="Visible">
			<effect type="fade" start="0" end="100" delay="0" time="200" />
		</animation>
                            <top>730</top>
                            <left>1750</left>
                            <width>1920</width>
                            <height>1080</height>
                          <texture border="50" diffuse="masks/Mask440x440r16.png">$INFO[ListItem.Icon]</texture> 
                        </control>
                            </control>
                            
                            <control type="group">
<animation type="Visible">
			<effect type="fade" start="0" end="100" delay="0" time="300"/>
			<effect type="slide" start="0,15" end="0,0" delay="0" time="200" tween="sine" easing="inout"/>
		</animation>

<animation type="Hidden">
			<effect type="fade" start="100" end="0" delay="0" time="100"/>
		</animation>

		<animation type="Conditional" condition="Control.HasFocus(900)">
			<effect type="fade" start="100" end="0" delay="0" time="1"/>
		</animation>
		
<visible>Control.HasFocus(905)</visible>
<left>-230</left>
<top>-200</top>

		 <control type="label">
                                <top>0</top>
                                <left>510</left>
                                <textcolor>TextBright</textcolor>
                                <font>HomeTitle</font>
                                <align>left</align>
                                <label>All set</label>
                            </control>
                            <control>
                            </control>
                               <control type="label">
                                <top>300</top>
                                <left>510</left>
                                <textcolor>TextMid</textcolor>
                                <font>HomeTitle2</font>
                                <align>left</align>
                                <label>We'll setup the rest in the background. Select finish to complete the setup.</label>
                            </control>
                            </control>

		</control>


<control type="group">
		<animation type="WindowOpen">
			<effect type="fade" start="0" end="100" delay="300" time="300"/>
			<effect type="slide" start="0,15" end="0,0" delay="300" time="200" tween="sine" easing="inout"/>
                    </animation>
<animation type="WindowClose">
			<effect type="fade" start="100" end="0" delay="0" time="300"/>
                    </animation>
<visible>Control.HasFocus(800)</visible>
<left>-300</left>
<top>-300</top>
  <control type="image">
<animation type="Visible">
			<effect type="fade" start="0" end="100" delay="0" time="200"/>
			<effect type="slide" start="0,15" end="0,0" delay="0" time="100" tween="sine" easing="inout"/>
		</animation>

<animation type="Hidden">
			<effect type="fade" start="100" end="0" delay="0" time="160"/>
		</animation>
<visible>Container(800).HasFocus(1)</visible>
                            <top>1025</top>
                            <left>2500</left>
                            <width>1270</width>
                            <height>900</height>
                          <texture>demo/gamepad.png</texture> 
               
                        </control>
  <control type="image">
<animation type="Visible">
			<effect type="fade" start="0" end="100" delay="0" time="200"/>
			<effect type="slide" start="0,15" end="0,0" delay="0" time="100" tween="sine" easing="inout"/>
		</animation>

<animation type="Hidden">
			<effect type="fade" start="100" end="0" delay="0" time="160"/>
		</animation>
<visible>Container(800).HasFocus(2)</visible>
                            <top>1025</top>
                            <left>2500</left>
                            <width>1270</width>
                            <height>900</height>
                          <texture>demo/gamepad_ps.png</texture> 
               
                        </control>
  <control type="image">
<animation type="Visible">
			<effect type="fade" start="0" end="100" delay="0" time="200"/>
			<effect type="slide" start="0,15" end="0,0" delay="0" time="100" tween="sine" easing="inout"/>
		</animation>

<animation type="Hidden">
			<effect type="fade" start="100" end="0" delay="0" time="160"/>
		</animation>
<visible>Container(800).HasFocus(3)</visible>
                            <top>1025</top>
                            <left>2500</left>
                            <width>1270</width>
                            <height>700</height>
                          <texture>demo/gamepad_kb.png</texture> 
               
                        </control>
</control>


		<!-- Home items -->
<control type="group">
<visible>!Control.HasFocus(800)</visible>
<control type="group">
		<animation type="WindowOpen">
			<effect type="fade" start="0" end="100" delay="0" time="300"/>
			<effect type="slide" start="0,15" end="0,0" delay="0" time="200" tween="sine" easing="inout"/>
                    </animation>
<animation type="WindowClose">
			<effect type="fade" start="100" end="0" delay="0" time="300"/>
                    </animation>
<animation type="Visible">
			<effect type="fade" start="0" end="100" delay="0" time="200"/>
			<effect type="slide" start="0,15" end="0,0" delay="0" time="100" tween="sine" easing="inout"/>
		</animation>

<animation type="Hidden">
			<effect type="fade" start="100" end="0" delay="0" time="160"/>
		</animation>
				<visible>!Skin.String(inputmethod, PS) + !Skin.String(inputmethod, KEYBOARD)</visible>
<visible>!Window.IsVisible(shutdownmenu) + System.IdleTime(3) | !Window.IsVisible(Home)</visible>
<top>100</top>

 <control type="image">
            <left>0</left>
            <top>1800</top>
             <width>3840</width>
            <height>400</height>
            <fadetime>400</fadetime>
            <texture>masks/Mask412x618r162.png</texture>
     <colordiffuse>40000000</colordiffuse>
        </control>

 <control type="label">
                                 <left>3320</left>
                                  <top>1760</top>
                                <textcolor>TextBright</textcolor>
                                <font>OSDSettingsButtonText</font>
                                <align>left</align>
                                <label>Select</label>
                            </control>

 <control type="label">
                                 <left>2950</left>
                                  <top>1760</top>
                                <textcolor>TextBright</textcolor>
                                <font>OSDSettingsButtonText</font>
                                <align>left</align>
                                <label>Options</label>
                            </control>

 <control type="image">
            <left>3450</left>
            <top>1880</top>
            <width>60</width>
            <height>60</height>
            <fadetime>400</fadetime>
            <texture>demo/a.png</texture>
        </control>

 <control type="image">

            <left>3100</left>
            <top>1880</top>
            <width>60</width>
            <height>60</height>
            <fadetime>400</fadetime>
            <texture>demo/burger.png</texture>
        </control>

</control>

<control type="group">
		<animation type="WindowOpen">
			<effect type="fade" start="0" end="100" delay="0" time="300"/>
			<effect type="slide" start="0,15" end="0,0" delay="0" time="200" tween="sine" easing="inout"/>
                    </animation>
<animation type="WindowClose">
			<effect type="fade" start="100" end="0" delay="0" time="300"/>
                    </animation>
<animation type="Visible">
			<effect type="fade" start="0" end="100" delay="0" time="200"/>
			<effect type="slide" start="0,15" end="0,0" delay="0" time="100" tween="sine" easing="inout"/>
		</animation>

<animation type="Hidden">
			<effect type="fade" start="100" end="0" delay="0" time="160"/>
		</animation>
		<visible>Skin.String(inputmethod, PS)</visible>
<visible>!Window.IsVisible(shutdownmenu) + System.IdleTime(3) | !Window.IsVisible(Home)</visible>
<top>100</top>

 <control type="image">
            <left>0</left>
            <top>1800</top>
             <width>3840</width>
            <height>400</height>
            <fadetime>400</fadetime>
            <texture>masks/Mask412x618r162.png</texture>
     <colordiffuse>40000000</colordiffuse>
        </control>

 <control type="label">
                                 <left>3320</left>
                                  <top>1760</top>
                                <textcolor>TextBright</textcolor>
                                <font>OSDSettingsButtonText</font>
                                <align>left</align>
                                <label>Select</label>
                            </control>

 <control type="label">
                                 <left>2950</left>
                                  <top>1760</top>
                                <textcolor>TextBright</textcolor>
                                <font>OSDSettingsButtonText</font>
                                <align>left</align>
                                <label>Options</label>
                            </control>

 <control type="image">
            <left>3450</left>
            <top>1880</top>
            <width>60</width>
            <height>60</height>
            <fadetime>400</fadetime>
            <texture>demo/ps_a.png</texture>
        </control>

 <control type="image">

            <left>3100</left>
            <top>1880</top>
            <width>60</width>
            <height>60</height>
            <fadetime>400</fadetime>
            <texture>demo/burger.png</texture>
        </control>

</control>

<control type="group">
		<animation type="WindowOpen">
			<effect type="fade" start="0" end="100" delay="0" time="300"/>
			<effect type="slide" start="0,15" end="0,0" delay="0" time="200" tween="sine" easing="inout"/>
                    </animation>
<animation type="WindowClose">
			<effect type="fade" start="100" end="0" delay="0" time="300"/>
                    </animation>
<animation type="Visible">
			<effect type="fade" start="0" end="100" delay="0" time="200"/>
			<effect type="slide" start="0,15" end="0,0" delay="0" time="100" tween="sine" easing="inout"/>
		</animation>

<animation type="Hidden">
			<effect type="fade" start="100" end="0" delay="0" time="160"/>
		</animation>
				<visible>Skin.String(inputmethod, KEYBOARD)</visible>
<visible>!Window.IsVisible(shutdownmenu) + System.IdleTime(3) | !Window.IsVisible(Home)</visible>
<top>100</top>

 <control type="image">
            <left>0</left>
            <top>1800</top>
             <width>3840</width>
            <height>400</height>
            <fadetime>400</fadetime>
            <texture>masks/Mask412x618r162.png</texture>
     <colordiffuse>40000000</colordiffuse>
        </control>

 <control type="label">
                                 <left>3320</left>
                                  <top>1760</top>
                                <textcolor>TextBright</textcolor>
                                <font>OSDSettingsButtonText</font>
                                <align>left</align>
                                <label>Select</label>
                            </control>

 <control type="label">
                                 <left>2950</left>
                                  <top>1760</top>
                                <textcolor>TextBright</textcolor>
                                <font>OSDSettingsButtonText</font>
                                <align>left</align>
                                <label>Options</label>
                            </control>

 <control type="image">
            <left>3450</left>
            <top>1880</top>
            <width>60</width>
            <height>60</height>
            <fadetime>400</fadetime>
            <texture>demo/kb_a.png</texture>
        </control>

 <control type="image">

            <left>3100</left>
            <top>1880</top>
            <width>60</width>
            <height>60</height>
            <fadetime>400</fadetime>
            <texture>demo/kb_burger.png</texture>
        </control>

</control>
</control>
	</controls>

</window>
