﻿<?xml version="1.0" encoding="UTF-8"?>
<window id="9020">

    <defaultcontrol>7000</defaultcontrol>
    <controls>
		<control type="group">
		
		<animation type="WindowOpen">
			<effect type="fade" start="0" end="100" delay="0" time="300"/>
                    </animation>
<animation type="WindowClose">
			<effect type="fade" start="100" end="0" delay="0" time="300"/>
                    </animation>

 <control type="image">
            <left>0</left>
            <top>0</top>
            <width>3840</width>
            <height>2160</height>
            <fadetime>400</fadetime>
            <texture background="true" fallback="demo/homebg2.jpg">demo/appbg.jpg</texture>
        </control>
<control type="image">
				 <left>0</left>
            <top>0</top>
            <width>3840</width>
            <height>2160</height>
            <fadetime>400</fadetime>
			<texture background="true">color_white.png</texture>
			<colordiffuse>8C000000</colordiffuse>
				<animation effect="fade" start="0" end="100" time="200" condition="$PARAM[animate]">WindowOpen</animation>
				<animation effect="fade" start="100" end="0" time="200" delay="70" condition="$PARAM[animate]">WindowClose</animation>
			</control>
        </control>
<control type="group">
<left>120</left>
 <control type="label">
		<animation type="WindowOpen">
			<effect type="fade" start="0" end="100" delay="0" time="300"/>
			<effect type="slide" start="0,15" end="0,0" delay="0" time="200" tween="sine" easing="inout"/>
                    </animation>
<animation type="WindowClose">
			<effect type="fade" start="100" end="0" delay="0" time="300"/>
                    </animation>
                                 <top>-1632</top>
                                <left>205</left>
                                <textcolor>TextBright</textcolor>
                                <font>font37</font>
                                <align>left</align>
                                <label>Personalization</label>
                            </control>
</control>

        <control type="grouplist" id="7000">
		<animation type="WindowOpen">
			<effect type="fade" start="0" end="100" delay="0" time="300"/>
			<effect type="slide" start="0,15" end="0,0" delay="0" time="200" tween="sine" easing="inout"/>
                    </animation>
<animation type="WindowClose">
			<effect type="fade" start="100" end="0" delay="0" time="300"/>
                    </animation>
            <top>0</top>
            <left>920</left>
            <width>3840</width>
            <height>2160</height>
            <align>center</align>



            <control type="radiobutton" id="7001">
                <description>Setup home menus</description>
                <width>2000</width>
                <align>left</align>
                <include>Button120</include>
                <label>Colour background</label>
                <onclick>Skin.ToggleSetting(bgimage)</onclick>
                <selected>!Skin.HasSetting(bgimage)</selected>
            </control>
            <control type="button" id="7002">
                <description>Unfocused widget brightness</description>
                <width>2000</width>
                <align>left</align>
                <include>Button120</include>
                <label>Set colour</label>
                <onclick>ActivateWindow(9014)</onclick>
                <visible>!Skin.HasSetting(bgimage)</visible>
            </control>
                        <control type="radiobutton" id="7003">
                <description>Setup home menus</description>
                <width>2000</width>
                <align>left</align>
                <include>Button120</include>
                <label>Use Windows Accent</label>
                <onclick>Skin.ToggleSetting(wincolor)</onclick>
<onclick>RunScript(special://skin/scripts/wincolor.py)</onclick>
                <selected>Skin.HasSetting(wincolor)</selected>
                <visible>!Skin.HasSetting(bgimage)</visible>
            </control>

            <control type="radiobutton" id="7004">
                <description>Setup home menus</description>
                <width>2000</width>
                <align>left</align>
                <include>Button120</include>
                <label>Windows wallpaper</label>
                <onclick>Skin.ToggleSetting(winwallpaper)</onclick>
<onclick>RunScript(special://skin/scripts/wallpaper.py)</onclick>
                <selected>Skin.HasSetting(winwallpaper)</selected>
                <visible>!Skin.HasSetting(customwallpaper) + Skin.HasSetting(bgimage)</visible>
            </control>

            <control type="radiobutton" id="7005">
                <description>Setup home menus</description>
                <width>2000</width>
                <align>left</align>
                <include>Button120</include>
                <label>Custom wallpaper</label>
                <onclick>Skin.ToggleSetting(customwallpaper)</onclick>
                <selected>Skin.HasSetting(customwallpaper)</selected>
                <visible>!Skin.HasSetting(winwallpaper) + Skin.HasSetting(bgimage)</visible>
            </control>


            <control type="button" id="7006">
                <description>Unfocused widget brightness</description>
                <width>2000</width>
                <align>left</align>
                <include>Button120</include>
                <label>Set wallpaper</label>
                <onclick>Skin.SetString(wallpaper, )</onclick>
                <onclick>Skin.SetImage(wallpaper)</onclick>
                <visible>Skin.HasSetting(customwallpaper) + Skin.HasSetting(bgimage)</visible>
            </control>
            
<control type="radiobutton" id="7007">
                <description>Setup home menus</description>
                <width>2000</width>
                <align>left</align>
                <include>Button120</include>
                <label>Home tab</label>
                <onclick>Skin.ToggleSetting(hometab)</onclick>
                <selected>Skin.HasSetting(hometab)</selected>
                <visible>false</visible>
            </control>
            

            
              <control type="radiobutton" id="7008">
                <description>Setup home menus</description>
                <width>2000</width>
                <align>left</align>
                <include>Button120</include>
                <label>Apps tab</label>
                <onclick>Skin.ToggleSetting(appstab)</onclick>
                <selected>Skin.HasSetting(appstab)</selected>
            </control>

<control type="radiobutton" id="7009">
                <description>Setup home menus</description>
                <width>2000</width>
                <align>left</align>
                <include>Button120</include>
                <label>UWP tab</label>
                <onclick>Skin.ToggleSetting(uwptab)</onclick>
                <selected>Skin.HasSetting(uwptab)</selected>
                <visible>Skin.HasSetting(generateuwp)</visible>
            </control>
            
 <control type="button" id="7010">
                <description>Unfocused widget brightness</description>
                <width>2000</width>
                <align>left</align>
                <include>Button120</include>
                <label>Layout options</label>
			<onclick>ActivateWindow(9012)</onclick>
            </control>

 <control type="radiobutton" id="7011">
                <description>Setup home menus</description>
                <width>2000</width>
                <align>left</align>
                <include>Button120</include>
                <label>Enable ambient music</label>
                <onclick condition="!Skin.HasSetting(ambient)">Skin.SetString(ambientsetting, True)</onclick>
                                <onclick condition="!Skin.HasSetting(ambient)">RunScript(special://skin/scripts/ambientsetup.py)</onclick>
                <onclick condition="!Skin.HasSetting(ambient)">Skin.ToggleSetting(ambient)</onclick>
 <onclick condition="Skin.HasSetting(ambient)">Skin.SetString(ambientsetting, False)</onclick>
                                <onclick condition="Skin.HasSetting(ambient)">RunScript(special://skin/scripts/ambientsetup.py)</onclick>
                <onclick condition="Skin.HasSetting(ambient)">Skin.ToggleSetting(ambient)</onclick>
                <selected>Skin.HasSetting(ambient)</selected>
            </control>



          
        </control>
        		<include>bottombar</include>
    </controls>
</window>