﻿<?xml version="1.0" encoding="UTF-8"?>
<window id="9012">
	<!-- skinsettings -->
	<defaultcontrol always="true">901</defaultcontrol>

    
	<controls>
	
		<!-- Background -->
		<control type="group">
		
		<animation type="WindowOpen">
			<effect type="fade" start="0" end="100" delay="300" time="300"/>
			<effect type="slide" start="0,15" end="0,0" delay="300" time="200" tween="sine" easing="inout"/>
                    </animation>
<animation type="WindowClose">
			<effect type="fade" start="100" end="0" delay="0" time="300"/>
                    </animation>

        
         <control type="image">
            <left>0</left>
            <top>0</top>
            <width>3840</width>
            <height>2160</height>
            <fadetime>400</fadetime>
            <texture background="true" fallback="demo/homebg2.jpg">demo/appbg.jpg</texture>
        </control>
<control type="image">
				 <left>0</left>
            <top>0</top>
            <width>3840</width>
            <height>2160</height>
            <fadetime>400</fadetime>
			<texture background="true">color_white.png</texture>
			<colordiffuse>8C000000</colordiffuse>
				<animation effect="fade" start="0" end="100" time="200" condition="$PARAM[animate]">WindowOpen</animation>
				<animation effect="fade" start="100" end="0" time="200" delay="70" condition="$PARAM[animate]">WindowClose</animation>
			</control>

<control type="group">
<left>120</left>




  <control type="panel" id="901">
            
		

                <left>151</left>
                <!-- <left>950</left> -->
                <width>1350</width>
                <height>650</height>
                <top>1200</top>
                <orientation>vertical</orientation>
                <focusposition>2</focusposition>

                <onup>-</onup>
                <ondown>-</ondown>
<onright>-</onright>
<onleft>-</onleft>
                <itemlayout width="410" height="190">
                    <control type="group">
                        <left>9</left>
                        <top>20</top>
                        <width>480</width>
                        <height>160</height>
                        <control type="image">
<animation type="Conditional" condition="true">
			<effect type="fade" start="100" end="50" delay="0" time="0" />
		</animation>
                            <top>0</top>
                            <left>0</left>
                            <width>360</width>
                            <height>130</height>
                          <texture diffuse="masks/Mask440x440r16.png">color_white.png</texture> 
                          <colordiffuse>ff303030</colordiffuse>
                        </control>
<control type="image">
                            <top>90</top>
                            <left>100</left>
                            <width>130</width>
                            <height>130</height>
                          <texture diffuse="masks/Mask440x440r16.png">$INFO[ListItem.Label2]</texture> 
                        </control>
 <control type="label">
                                <top>-30</top>
                                <left>-3625</left>
                                <width>7615</width>
                                <textcolor>TextBright</textcolor>
                                <font>EpisodePlot</font>
                                <align>center</align>
                                <label>$INFO[ListItem.label]</label>
                            </control>
                    </control>
                </itemlayout>

                <focusedlayout width="410" height="190">
                    <control type="group">
<animation type="Visible">
			<effect type="fade" start="0" end="100" delay="0" time="200" />
		</animation>

<animation type="Hidden">
			<effect type="fade" start="100" end="0" delay="0" time="200" />
		</animation>


                        <left>9</left>
                        <top>20</top>
                        <width>480</width>
                        <height>160</height>
                        <control type="group">
<control type="image">
<animation type="Conditional" condition="true">
			<effect type="fade" start="100" end="50" delay="0" time="0" />
		</animation>
                            <top>0</top>
                            <left>0</left>
                            <width>360</width>
                            <height>130</height>
                          <texture diffuse="masks/Mask440x440r16.png">color_white.png</texture> 
                          <colordiffuse>ff303030</colordiffuse>
                        </control>
<control type="image">
                            <top>90</top>
                            <left>100</left>
                            <width>130</width>
                            <height>130</height>
                          <texture diffuse="masks/Mask440x440r16.png">$INFO[ListItem.Label2]</texture> 
                        </control>
 <control type="label">
                                <top>-30</top>
                                <left>-3625</left>
                                <width>7615</width>
                                <textcolor>TextBright</textcolor>
                                <font>EpisodePlot</font>
                                <align>center</align>
                                <label>$INFO[ListItem.label]</label>
                            </control>
                             <control type="image">
<animation type="UnFocus">
<effect type="fade" start="100" end="0" delay="0" time="125"/>
		</animation>
<animation type="Focus">
<effect type="fade" start="0" end="100" delay="0" time="125"/>
		</animation>
<animation type="Hidden">
			<effect type="fade" start="100" end="0" delay="0" time="0" />
		</animation>
<animation type="Visible">
			<effect type="fade" start="0" end="100" delay="0" time="200" />
		</animation>
                            <top>-5</top>
                            <left>-5</left>
                            <width>370</width>
                            <height>140</height>
                          <texture border="50" diffuse="masks/Mask440x440r16.png">masks/Selector420x626r16.png</texture> 
                        <visible>Control.HasFocus(901)</visible>
                        </control>

                        </control>
                        
                    </control>
                </focusedlayout>
                <content>
                   
                                        <item id="2">
			<label>Default</label>
			<label2>-</label2>
			<icon>special://skin/layouts/vertical.png</icon>
	<onclick condition="!Skin.HasSetting(OneMenu)">Skin.ToggleSetting(OneMenu)</onclick>
	<onclick condition="!Skin.HasSetting(hometab)">Skin.ToggleSetting(hometab)</onclick>
	<onclick condition="Skin.HasSetting(OneBar)">Skin.ToggleSetting(OneBar)</onclick>
<onclick condition="Skin.HasSetting(XBMenu)">Skin.ToggleSetting(XBMenu)</onclick>
		<onclick>ReplaceWindow(skinsettings)</onclick>
		</item>
		
<item id="1">
			<label>Tiles</label>
			<label2>-</label2>
			<icon>special://skin/layouts/default.png</icon>
				<onclick condition="!Skin.HasSetting(hometab)">Skin.ToggleSetting(hometab)</onclick>
	<onclick condition="Skin.HasSetting(OneMenu)">Skin.ToggleSetting(OneMenu)</onclick>
	<onclick condition="Skin.HasSetting(OneBar)">Skin.ToggleSetting(OneBar)</onclick>
<onclick condition="Skin.HasSetting(XBMenu)">Skin.ToggleSetting(XBMenu)</onclick>
	<onclick>ReplaceWindow(skinsettings)</onclick>
		</item>


<item id="2">
			<label>Horizontal</label>
			<label2>-</label2>
			<icon>special://skin/layouts/horizontal.png</icon>
	<onclick condition="!Skin.HasSetting(OneBar)">Skin.ToggleSetting(OneBar)</onclick>
		<onclick condition="Skin.HasSetting(OneMenu)">Skin.ToggleSetting(OneMenu)</onclick>
<onclick condition="Skin.HasSetting(XBMenu)">Skin.ToggleSetting(XBMenu)</onclick>
		<onclick>ReplaceWindow(skinsettings)</onclick>
		</item>

<item id="2">
			<label>Project X</label>
			<label2>-</label2>
			<icon>special://skin/layouts/projectx.png</icon>
	<onclick condition="!Skin.HasSetting(XBMenu)">Skin.ToggleSetting(XBMenu)</onclick>
		<onclick condition="Skin.HasSetting(OneMenu)">Skin.ToggleSetting(OneMenu)</onclick>
		<onclick condition="Skin.HasSetting(OneBar)">Skin.ToggleSetting(OneBar)</onclick>
		<onclick>ReplaceWindow(skinsettings)</onclick>
		</item>

	
		
                </content>
            </control>
  
  
  <control type="image">
<animation type="UnFocus">
<effect type="fade" start="100" end="0" delay="0" time="125"/>
		</animation>
<animation type="Focus">
<effect type="fade" start="0" end="100" delay="0" time="125"/>
		</animation>
<animation type="Hidden">
			<effect type="fade" start="100" end="0" delay="0" time="0" />
		</animation>
<animation type="Visible">
			<effect type="fade" start="0" end="100" delay="0" time="200" />
		</animation>
                            <top>500</top>
                            <left>1500</left>
                            <width>1920</width>
                            <height>1080</height>
                          <texture border="50" diffuse="masks/Mask440x440r16.png">$INFO[ListItem.Icon]</texture> 
                        </control>


            </control>




<control type="group">
<animation type="Visible">
			<effect type="fade" start="0" end="100" delay="0" time="300"/>
			<effect type="slide" start="0,15" end="0,0" delay="0" time="200" tween="sine" easing="inout"/>
		</animation>

<animation type="Hidden">
			<effect type="fade" start="100" end="0" delay="0" time="100"/>
		</animation>
<visible>Control.HasFocus(901)</visible>
<left>-230</left>
<top>-200</top>

		 <control type="label">
                                <top>0</top>
                                <left>510</left>
                                <textcolor>TextBright</textcolor>
                                <font>HomeTitle</font>
                                <align>left</align>
                                <label>Layout options</label>
                            </control>
                               <control type="label">
                               <top>300</top>
                                <left>510</left>
                                <textcolor>TextMid</textcolor>
                                <font>HomeTitle2</font>
                                <align>left</align>
                                <label>Change the layout of your home screen. </label>
                            </control>
                            </control>



		</control>
		<!-- Home items -->
				<include>bottombar</include>
	</controls>

</window>
