﻿<?xml version="1.0" encoding="UTF-8"?>
<window id="9014">
	<!-- skinsettings -->
	<defaultcontrol always="true">901</defaultcontrol>
	<controls>
	
		<!-- Background -->

		<control type="group">
		
		<animation type="WindowOpen">
			<effect type="fade" start="0" end="100" delay="0" time="300"/>
                    </animation>
<animation type="WindowClose">
			<effect type="fade" start="100" end="0" delay="0" time="300"/>
                    </animation>

<control type="group">

<top>100</top>

      <control type="image">
            <left>0</left>
            <top>-100</top>
            <width>3840</width>
            <height>2160</height>
            <fadetime>400</fadetime>
            <texture>color_white.png</texture>
            			<aspectratio>scale</aspectratio>
            			<colordiffuse>FF4f4d4d</colordiffuse>
        </control>
                        <control type="image">
            <animation type="Conditional" condition="true">
			<effect type="fade" start="100" end="75" delay="0" time="0" />
		</animation>
            <left>0</left>
            <top>-100</top>
            <width>3840</width>
            <height>2160</height>
            <fadetime>400</fadetime>
            <texture background="true" fallback="demo/homebg2.jpg">$INFO[ListItem.Icon]</texture>
           <colordiffuse>$INFO[Container(901).ListItem.Label2]</colordiffuse>
            			<aspectratio>scale</aspectratio>
        </control>

</control>   
<control type="group">
		<animation type="WindowOpen">
			<effect type="fade" start="0" end="100" delay="0" time="300"/>
			<effect type="slide" start="0,15" end="0,0" delay="0" time="200" tween="sine" easing="inout"/>
                    </animation>
<animation type="WindowClose">
			<effect type="fade" start="100" end="0" delay="0" time="300"/>
                    </animation>
<left>120</left>
 <control type="label">
                                 <top>-1632</top>
                                <left>205</left>
                                <textcolor>TextBright</textcolor>
                                <font>font37</font>
                                <align>left</align>
                                <label>Background Colour</label>
                            </control>


                            

   <control type="fixedlist" id="901">

                 
<animation type="Visible">
			<effect type="fade" start="0" end="100" delay="0" time="300"/>
			<effect type="slide" start="0,15" end="0,0" delay="0" time="200" tween="sine" easing="inout"/>
		</animation>

<animation type="Hidden">
			<effect type="fade" start="100" end="0" delay="0" time="300"/>
		</animation>
		


                <left>-420</left>
                <!-- <left>950</left> -->
                <width>4750</width>
                <top>980</top>
                <orientation>horizontal</orientation>
                <focusposition>1</focusposition>

                <onup>-</onup>
                <ondown>-</ondown>
<onright>-</onright>
<onleft>-</onleft>

                <itemlayout width="350" height="160">
                    <control type="group">
                        <left>150</left>
                        <width>480</width>
                        <height>160</height>
                        <control type="label">
                            <top>-8</top>
                            <textcolor>TextDim</textcolor>
                            <font>EpisodePlot</font>
                            <align>center</align>
                            <label>$INFO[ListItem.label]</label>
                        </control>
                    </control>
                </itemlayout>

                <focusedlayout width="350" height="160">
                    <control type="group">
                        <left>150</left>
                        <width>480</width>
                        <height>160</height>
                        <control type="group">
                            <control type="image">
<animation type="Visible">
			<effect type="fade" start="0" end="100" delay="0" time="200" />
		</animation>

<animation type="Hidden">
			<effect type="fade" start="100" end="0" delay="0" time="200" />
		</animation>

<animation type="Focus">
			<effect type="fade" start="0" end="100" delay="0" time="150" />
		</animation>

<animation type="UnFocus">
			<effect type="fade" start="100" end="0" delay="0" time="100" />
		</animation>
                            <left>100</left>
                            <top>140</top>
                                <texture colordiffuse="TextBright">masks/Mask160x160r80.png</texture>
                      <visible>Control.HasFocus(901)</visible>
                              <width>290</width>
                              <height>1</height>
                            </control>
                            <control type="label">
                                <top>-8</top>
                                <textcolor>TextBright</textcolor>
                                <font>EpisodePlot</font>
                                <align>center</align>
                                <label>$INFO[ListItem.label]</label>
                            </control>
                        </control>
                        
                    </control>
                </focusedlayout>
                <content>
          <item id="1">
                    <label>Default</label>
			<label2>FF4a3366</label2>
			<icon>demo/blur.jpg</icon>
			<onclick>Skin.SetString(gamercolor, $INFO[ListItem.Label2])</onclick>
			<onclick>ReplaceWindow(9020)</onclick>
		</item>
				<item id="1">
                    <label>White</label>
			<label2>00FFFFFF</label2>
			<icon>demo/blur.jpg</icon>
			<onclick>Skin.SetString(gamercolor, $INFO[ListItem.Label2])</onclick>
			<onclick>ReplaceWindow(9020)</onclick>
		</item>
		<item id="1">
                    <label>Light Grey</label>
			<label2>FF858585</label2>
			<icon>demo/blur.jpg</icon>
			<onclick>Skin.SetString(gamercolor, $INFO[ListItem.Label2])</onclick>
			<onclick>ReplaceWindow(9020)</onclick>
		</item>
		          <item id="1">
                    <label>Grey</label>
			<label2>FF4f4f4f</label2>
			<icon>demo/blur.jpg</icon>
			<onclick>Skin.SetString(gamercolor, $INFO[ListItem.Label2])</onclick>
			<onclick>ReplaceWindow(9020)</onclick>
		</item>
		<item id="1">
                    <label>Dark Grey</label>
			<label2>FF302f2f</label2>
			<icon>demo/blur.jpg</icon>
			<onclick>Skin.SetString(gamercolor, $INFO[ListItem.Label2])</onclick>
			<onclick>ReplaceWindow(9020)</onclick>
		</item>
		<item id="1">
                    <label>Black</label>
			<label2>FF000000</label2>
			<icon>demo/blur.jpg</icon>
			<onclick>Skin.SetString(gamercolor, $INFO[ListItem.Label2])</onclick>
			<onclick>ReplaceWindow(9020)</onclick>
		</item>
		    <item id="1">
                    <label>Red</label>
			<label2>FF8c0000</label2>
			<icon>demo/blur.jpg</icon>
			<onclick>Skin.SetString(gamercolor, $INFO[ListItem.Label2])</onclick>
			<onclick>ReplaceWindow(9020)</onclick>
		</item>
		    <item id="1">
                    <label>Red Orange</label>
			<label2>FFb33e00</label2>
			<icon>demo/blur.jpg</icon>
			<onclick>Skin.SetString(gamercolor, $INFO[ListItem.Label2])</onclick>
			<onclick>ReplaceWindow(9020)</onclick>
		</item>
		
				    <item id="1">
                    <label>Orange</label>
			<label2>FFff6600</label2>
			<icon>demo/blur.jpg</icon>
			<onclick>Skin.SetString(gamercolor, $INFO[ListItem.Label2])</onclick>
			<onclick>ReplaceWindow(9020)</onclick>
		</item>
		
						    <item id="1">
                    <label>Gold</label>
			<label2>FFb8a200</label2>
			<icon>demo/blur.jpg</icon>
			<onclick>Skin.SetString(gamercolor, $INFO[ListItem.Label2])</onclick>
			<onclick>ReplaceWindow(9020)</onclick>
		</item>
		
		   <item id="1">
                    <label>Lime</label>
			<label2>FF90b800</label2>
			<icon>demo/blur.jpg</icon>
			<onclick>Skin.SetString(gamercolor, $INFO[ListItem.Label2])</onclick>
			<onclick>ReplaceWindow(9020)</onclick>
		</item>
						   <item id="1">
                    <label>Lime Green</label>
			<label2>FF7fa600</label2>
			<icon>demo/blur.jpg</icon>
			<onclick>Skin.SetString(gamercolor, $INFO[ListItem.Label2])</onclick>
			<onclick>ReplaceWindow(9020)</onclick>
		</item>

				   <item id="1">
                    <label>Green</label>
			<label2>FF4d9902</label2>
			<icon>demo/blur.jpg</icon>
			<onclick>Skin.SetString(gamercolor, $INFO[ListItem.Label2])</onclick>
			<onclick>ReplaceWindow(9020)</onclick>
		</item>
		   <item id="1">
                    <label>Dark Green</label>
			<label2>FF038209</label2>
			<icon>demo/blur.jpg</icon>
			<onclick>Skin.SetString(gamercolor, $INFO[ListItem.Label2])</onclick>
			<onclick>ReplaceWindow(9020)</onclick>
		</item>
		   <item id="1">
                    <label>Faint Green</label>
			<label2>FF00a64b</label2>
			<icon>demo/blur.jpg</icon>
			<onclick>Skin.SetString(gamercolor, $INFO[ListItem.Label2])</onclick>
			<onclick>ReplaceWindow(9020)</onclick>
		</item>

		   <item id="1">
                    <label>Teal Green</label>
			<label2>FF00a671</label2>
			<icon>demo/blur.jpg</icon>
			<onclick>Skin.SetString(gamercolor, $INFO[ListItem.Label2])</onclick>
			<onclick>ReplaceWindow(9020)</onclick>
		</item>
		   <item id="1">
                    <label>Teal</label>
			<label2>FF00c7bd</label2>
			<icon>demo/blur.jpg</icon>
			<onclick>Skin.SetString(gamercolor, $INFO[ListItem.Label2])</onclick>
			<onclick>ReplaceWindow(9020)</onclick>
		</item>
		   <item id="1">
                    <label>Teal Blue</label>
			<label2>FF00a7ba</label2>
			<icon>demo/blur.jpg</icon>
			<onclick>Skin.SetString(gamercolor, $INFO[ListItem.Label2])</onclick>
			<onclick>ReplaceWindow(9020)</onclick>
		</item>
		   <item id="1">
                    <label>Light Blue</label>
			<label2>FF008da6</label2>
			<icon>demo/blur.jpg</icon>
			<onclick>Skin.SetString(gamercolor, $INFO[ListItem.Label2])</onclick>
			<onclick>ReplaceWindow(9020)</onclick>
		</item>
		   <item id="1">
                    <label>Blue</label>
			<label2>FF006ca6</label2>
			<icon>demo/blur.jpg</icon>
			<onclick>Skin.SetString(gamercolor, $INFO[ListItem.Label2])</onclick>
			<onclick>ReplaceWindow(9020)</onclick>
		</item>
		   <item id="1">
                    <label>Dark Blue</label>
			<label2>FF0037a6</label2>
			<icon>demo/blur.jpg</icon>
			<onclick>Skin.SetString(gamercolor, $INFO[ListItem.Label2])</onclick>
			<onclick>ReplaceWindow(9020)</onclick>
		</item>
		   <item id="1">
                    <label>Deep Blue</label>
			<label2>FF1100a6</label2>
			<icon>demo/blur.jpg</icon>
			<onclick>Skin.SetString(gamercolor, $INFO[ListItem.Label2])</onclick>
			<onclick>ReplaceWindow(9020)</onclick>
		</item>
		   <item id="1">
                    <label>Blue Purple</label>
			<label2>FF4200a6</label2>
			<icon>demo/blur.jpg</icon>
			<onclick>Skin.SetString(gamercolor, $INFO[ListItem.Label2])</onclick>
			<onclick>ReplaceWindow(9020)</onclick>
		</item>
		   <item id="1">
                    <label>Light Purple</label>
			<label2>FF6f00c9</label2>
			<icon>demo/blur.jpg</icon>
			<onclick>Skin.SetString(gamercolor, $INFO[ListItem.Label2])</onclick>
			<onclick>ReplaceWindow(9020)</onclick>
		</item>
		   <item id="1">
                    <label>Purple</label>
			<label2>FF5e00a6</label2>
			<icon>demo/blur.jpg</icon>
			<onclick>Skin.SetString(gamercolor, $INFO[ListItem.Label2])</onclick>
			<onclick>ReplaceWindow(9020)</onclick>
		</item>
		   <item id="1">
                    <label>Deep Purple</label>
			<label2>FF530394</label2>
			<icon>demo/blur.jpg</icon>
			<onclick>Skin.SetString(gamercolor, $INFO[ListItem.Label2])</onclick>
			<onclick>ReplaceWindow(9020)</onclick>
		</item>
		   <item id="1">
                    <label>Purple Pink</label>
			<label2>FF81008f</label2>
			<icon>demo/blur.jpg</icon>
			<onclick>Skin.SetString(gamercolor, $INFO[ListItem.Label2])</onclick>
			<onclick>ReplaceWindow(9020)</onclick>
		</item>

		   <item id="1">
                    <label>Light Pink</label>
			<label2>FFc900b5</label2>
			<icon>demo/blur.jpg</icon>
			<onclick>Skin.SetString(gamercolor, $INFO[ListItem.Label2])</onclick>
			<onclick>ReplaceWindow(9020)</onclick>
		</item>
		   <item id="1">
                    <label>Medium Pink</label>
			<label2>FFa30096</label2>
			<icon>demo/blur.jpg</icon>
			<onclick>Skin.SetString(gamercolor, $INFO[ListItem.Label2])</onclick>
			<onclick>ReplaceWindow(9020)</onclick>
		</item>
		   <item id="1">
                    <label>Pink Red</label>
			<label2>FFa80065</label2>
			<icon>demo/blur.jpg</icon>
			<onclick>Skin.SetString(gamercolor, $INFO[ListItem.Label2])</onclick>
			<onclick>ReplaceWindow(9020)</onclick>
		</item>
		   <item id="1">
                    <label>Deep Pink</label>
			<label2>FF870068</label2>
			<icon>demo/blur.jpg</icon>
			<onclick>Skin.SetString(gamercolor, $INFO[ListItem.Label2])</onclick>
			<onclick>ReplaceWindow(9020)</onclick>
		</item>
		   <item id="1">
                    <label>Red Pink</label>
			<label2>FFbf0261</label2>
			<icon>demo/blur.jpg</icon>
			<onclick>Skin.SetString(gamercolor, $INFO[ListItem.Label2])</onclick>
			<onclick>ReplaceWindow(9020)</onclick>
		</item>


		   <item id="1">
                    <label>Red</label>
			<label2>FFad003a</label2>
			<icon>demo/blur.jpg</icon>
			<onclick>Skin.SetString(gamercolor, $INFO[ListItem.Label2])</onclick>
			<onclick>ReplaceWindow(9020)</onclick>
		</item>
		
                </content>
            </control>

  

            

            </control>
		

		</control>
		<!-- Home items -->
		<include>bottombar</include>
	</controls>

</window>
