﻿<?xml version="1.0" encoding="UTF-8"?>
<window id="9001">
	<!-- skinsettings -->
	<defaultcontrol always="true">900</defaultcontrol>
<onload>RunScript(special://skin/scripts/generateuwp.py)</onload>
<onload condition="Skin.HasSetting(generategames) + System.InternetState">RunScript(special://skin/scripts/generategames.py)</onload>
	<controls>
	
		<!-- Background -->
		<control type="group">
		
		<animation type="WindowOpen">
			<effect type="fade" start="0" end="100" delay="0" time="300"/>
                    </animation>
<animation type="WindowClose">
			<effect type="fade" start="100" end="0" delay="0" time="300"/>
                    </animation>
 <control type="image">
            <left>0</left>
            <top>0</top>
            <width>3840</width>
            <height>2160</height>
            <fadetime>400</fadetime>
            <texture background="true" fallback="demo/homebg2.jpg">demo/appbg.jpg</texture>
        </control>
<control type="image">
				 <left>0</left>
            <top>0</top>
            <width>3840</width>
            <height>2160</height>
            <fadetime>400</fadetime>
			<texture background="true">color_white.png</texture>
			<colordiffuse>8C000000</colordiffuse>
				<animation effect="fade" start="0" end="100" time="200" condition="$PARAM[animate]">WindowOpen</animation>
				<animation effect="fade" start="100" end="0" time="200" delay="70" condition="$PARAM[animate]">WindowClose</animation>
			</control>

<control type="group">
		<animation type="WindowOpen">
			<effect type="fade" start="0" end="100" delay="0" time="300"/>
			<effect type="slide" start="0,15" end="0,0" delay="0" time="200" tween="sine" easing="inout"/>
                    </animation>
<animation type="WindowClose">
			<effect type="fade" start="100" end="0" delay="0" time="300"/>
                    </animation>
<left>120</left>
 <control type="label">
                                 <top>-1632</top>
                                <left>205</left>
                                <textcolor>TextBright</textcolor>
                                <font>font37</font>
                                <align>left</align>
                                <label>My Games & Apps</label>
                            </control>

<control type="list" id="900">

                 
<animation type="Visible">
			<effect type="fade" start="0" end="100" delay="0" time="300"/>
			<effect type="slide" start="0,15" end="0,0" delay="0" time="200" tween="sine" easing="inout"/>
		</animation>

<animation type="Hidden">
			<effect type="fade" start="100" end="0" delay="0" time="300"/>
		</animation>
		


                <left>-100</left>
                <!-- <left>950</left> -->
                <width>3550</width>
                <top>380</top>
                <orientation>horizontal</orientation>
                <focusposition>2</focusposition>
<onleft>-</onleft>
                <onup>-</onup>
                <ondown>Control.SetFocus(901, 0)</ondown>
<onright>-</onright>

                <itemlayout width="280" height="160">
                    <control type="group">
                        <left>150</left>
                        <width>480</width>
                        <height>160</height>
                        <control type="label">
                            <top>-8</top>
                            <textcolor>TextDim</textcolor>
                            <font>EpisodePlot</font>
                            <align>center</align>
                            <label>$INFO[ListItem.label2]</label>
                        </control>
                    </control>
                </itemlayout>

                <focusedlayout width="280" height="160">
                    <control type="group">
                        <left>150</left>
                        <width>480</width>
                        <height>160</height>
                        <control type="group">
                            <control type="image">
<animation type="Visible">
			<effect type="fade" start="0" end="100" delay="0" time="200" />
		</animation>

<animation type="Hidden">
			<effect type="fade" start="100" end="0" delay="0" time="200" />
		</animation>

<animation type="Focus">
			<effect type="fade" start="0" end="100" delay="0" time="150" />
		</animation>

<animation type="UnFocus">
			<effect type="fade" start="100" end="0" delay="0" time="100" />
		</animation>
                            <left>120</left>
                            <top>140</top>
                                <texture colordiffuse="TextBright">masks/Mask160x160r80.png</texture>
                      <visible>Control.HasFocus(900)</visible>
                              <width>250</width>
                              <height>1</height>
                            </control>
                            <control type="label">
                                <top>-8</top>
                                <textcolor>TextBright</textcolor>
                                <font>EpisodePlot</font>
                                <align>center</align>
                                <label>$INFO[ListItem.label2]</label>
                            </control>
                        </control>
                        
                    </control>
                </focusedlayout>
                <content>
                    <item id="1">
			<label2>Games</label2>
			<icon>demo/homebg2.jpg</icon>
			<onclick>Control.SetFocus(901, 0)</onclick>
		</item>
  <item id="2">
			<label2>Apps</label2>
			<icon>demo/gamebg.jpg</icon>
	<onclick>Control.SetFocus(901, 0)</onclick>
		</item>
		  <item id="3">
			<label2>UWP</label2>
			<icon>demo/tvbg.png</icon>
	<onclick>Control.SetFocus(901, 0)</onclick>
		</item>
		  <item id="4">
			<label2>Windows</label2>
			<icon>demo/tvbg.png</icon>
	<onclick>Control.SetFocus(901, 0)</onclick>
		</item>
		
                </content>
            </control>
                          


            

 <control type="panel" id="901">
            
<animation type="Visible">
			<effect type="fade" start="0" end="100" delay="0" time="300" />
			<effect type="slide" start="0,15" end="0,0" delay="0" time="200" tween="sine" easing="inout" />
		</animation>

<animation type="Hidden">
			<effect type="fade" start="100" end="0" delay="0" time="200" />
		</animation>
		
<visible>Container(900).HasFocus(1)</visible>
                <left>200</left>
                <!-- <left>950</left> -->
                <width>3500</width>
                <height>1300</height>
                <top>600</top>
                <orientation>vertical</orientation>
                <focusposition>2</focusposition>

<onclick condition="String.IsEmpty(ListItem.Label2)">Skin.SetString(temprecenticon, $INFO[ListItem.Path]$INFO[ListItem.Label]/icon.jpg)</onclick>
<onclick condition="String.IsEmpty(ListItem.Label2)">Skin.SetString(temprecentart, $INFO[ListItem.Path]$INFO[ListItem.Label]/fanart.jpg)</onclick>
<onclick condition="String.IsEmpty(ListItem.Label2)">Skin.SetString(temprecenname, $INFO[ListItem.Label])</onclick>
<onclick condition="String.IsEmpty(ListItem.Label2)">Skin.SetString(temprecentexe, $INFO[ListItem.Path]$INFO[ListItem.Label]/app.py)</onclick>
<onclick condition="String.IsEmpty(ListItem.Label2)">Skin.SetString(temprecenttype, game)</onclick>
<onclick condition="String.IsEmpty(ListItem.Label2)">RunScript(special://skin/scripts/recentcontent.py)</onclick>

<onclick condition="String.IsEmpty(ListItem.Label2)">RunScript($INFO[ListItem.Path]$INFO[ListItem.Label]/app.py)</onclick>
<onclick condition="String.IsEmpty(ListItem.Label2)">Skin.SetString(gamefanart, $INFO[ListItem.Path]$INFO[ListItem.Label]/fanart.jpg)</onclick>
<onclick condition="String.IsEmpty(ListItem.Label2)">ActivateWindow(9000)</onclick>



                   <onup>900</onup>
                <ondown>-</ondown>
<onright>-</onright>
<onleft>-</onleft>
               <itemlayout width="460" height="460">
                    <control type="group">
                        <left>9</left>
                        <top>20</top>
                        <width>480</width>
                        <height>160</height>
                        <control type="image">
<animation type="Conditional" condition="true">
			<effect type="fade" start="100" end="50" delay="0" time="0" />
		</animation>
                            <top>0</top>
                            <left>0</left>
                            <width>430</width>
                            <height>430</height>
                          <texture diffuse="masks/Mask440x440r16.png">color_grey.png</texture> 
                          <colordiffuse>$INFO[Skin.String(gamercolor2)]</colordiffuse>
                        </control>
                          <control type="image">
                            <top>0</top>
                            <left>0</left>
                            <width>430</width>
                            <height>430</height>
                          <texture fallback="apps2.png" diffuse="masks/Mask440x440r16.png">$INFO[ListItem.Path]$INFO[ListItem.Label]/icon.jpg</texture> 
<aspectratio scalediffuse="false" align="center" aligny="center">scale</aspectratio>
<visible>String.IsEmpty(ListItem.Icon)</visible>
                        </control>
<control type="image">
                            <top>150</top>
                            <left>150</left>
                            <width>125</width>
                            <height>125</height>
                          <texture diffuse="masks/Mask440x440r16.png">$INFO[ListItem.Icon]</texture> 
<visible>!String.IsEmpty(ListItem.Icon)</visible>
                        </control>

                    </control>
                </itemlayout>

                <focusedlayout width="460" height="460">
                    <control type="group">
<animation type="Visible">
			<effect type="fade" start="0" end="100" delay="0" time="200" />
		</animation>

<animation type="Hidden">
			<effect type="fade" start="100" end="0" delay="0" time="200" />
		</animation>


                        <left>9</left>
                        <top>20</top>
                        <width>480</width>
                        <height>160</height>
                        <control type="group">
<control type="image">
<animation type="Conditional" condition="true">
			<effect type="fade" start="100" end="50" delay="0" time="0" />
		</animation>
                            <top>0</top>
                            <left>0</left>
                            <width>430</width>
                            <height>430</height>
                          <texture diffuse="masks/Mask440x440r16.png">color_grey.png</texture> 
                          <colordiffuse>$INFO[Skin.String(gamercolor2)]</colordiffuse>
                        </control>
                          <control type="image">
                            <top>0</top>
                            <left>0</left>
                            <width>430</width>
                            <height>430</height>
                          <texture fallback="apps2.png" diffuse="masks/Mask440x440r16.png">$INFO[ListItem.Path]$INFO[ListItem.Label]/icon.jpg</texture> 
<aspectratio scalediffuse="false" align="center" aligny="center">scale</aspectratio>
<visible>String.IsEmpty(ListItem.Icon)</visible>
                        </control>
<control type="image">
                            <top>150</top>
                            <left>150</left>
                            <width>125</width>
                            <height>125</height>
                          <texture diffuse="masks/Mask440x440r16.png">$INFO[ListItem.Icon]</texture> 
<visible>!String.IsEmpty(ListItem.Icon)</visible>
                        </control>
<control type="image">
<animation type="Conditional" condition="true">
			<effect type="fade" start="100" end="50" delay="0" time="0" />
		</animation>
<animation type="UnFocus">
<effect type="slide" start="0,0" end="0,100" delay="0" time="250" tween="sine" easing="out"/>
<effect type="fade" start="100" end="0" delay="0" time="70"/>
		</animation>
<animation type="Focus">
<effect type="fade" start="0" end="100" delay="0" time="250"/>
<effect type="slide" start="0,100" end="0,0" delay="0" time="70" tween="sine" easing="out"/>
		</animation>
                            <top>303</top>
                            <left>0</left>
                            <width>430</width>
                            <height>125</height>
                          <texture diffuse="masks/Mask440x440r16.png">color_grey.png</texture> 
                          <colordiffuse>black</colordiffuse>
                          <visible>Control.HasFocus(901) + !String.IsEmpty(ListItem.Label2)</visible>
                        </control>
 <control type="label">
<animation type="UnFocus">
<effect type="slide" start="0,0" end="0,100" delay="0" time="250" tween="sine" easing="out"/>
<effect type="fade" start="100" end="0" delay="0" time="70"/>
		</animation>
<animation type="Focus">
<effect type="fade" start="0" end="100" delay="0" time="250"/>
<effect type="slide" start="0,100" end="0,0" delay="0" time="70" tween="sine" easing="out"/>
		</animation>
                               <top>360</top>
                                <left>30</left>
                                                                <width>315</width>
<scroll>false</scroll>
                                <textcolor>TextBright</textcolor>
                                <font>SettingsTiles</font>
                                <align>left</align>
                                <label>$INFO[ListItem.label2]</label>
                            </control>
                             <control type="image">
<animation type="UnFocus">
<effect type="fade" start="100" end="0" delay="0" time="125"/>
		</animation>
<animation type="Focus">
<effect type="fade" start="0" end="100" delay="0" time="125"/>
		</animation>
<animation type="Hidden">
			<effect type="fade" start="100" end="0" delay="0" time="250" />
		</animation>
<animation type="Visible">
			<effect type="fade" start="0" end="100" delay="0" time="150" />
		</animation>
                            <top>-5</top>
                            <left>-5</left>
                            <width>440</width>
                            <height>440</height>
                          <texture border="100" diffuse="masks/Mask440x440r16.png">masks/Selector420x626r16.png</texture> 
                        <visible>Control.HasFocus(901)</visible>
                        </control>

                        </control>
                        
                    </control>
                </focusedlayout>
                <content>
 <item id="1">
			<label2>Manage</label2>
			<icon>icons/hdd.png</icon>
			<onclick>ActivateWindow(9009)</onclick>

		</item>
		
                </content>
       <content type="programs">special://xbmc/games</content>

            </control>

    

<control type="panel" id="901">
            
<animation type="Visible">
			<effect type="fade" start="0" end="100" delay="0" time="300" />
			<effect type="slide" start="0,15" end="0,0" delay="0" time="200" tween="sine" easing="inout" />
		</animation>

<animation type="Hidden">
			<effect type="fade" start="100" end="0" delay="0" time="200" />
		</animation>
		
<visible>Container(900).HasFocus(2)</visible>
                <left>200</left>
                <!-- <left>950</left> -->
                <width>3500</width>
                <height>1300</height>
                <top>600</top>
                <focusposition>2</focusposition>
                
                <onclick condition="String.IsEmpty(ListItem.Label2)">Skin.SetString(temprecenticon, $INFO[ListItem.Path]$INFO[ListItem.Label]/icon.png)</onclick>
<onclick condition="String.IsEmpty(ListItem.Label2)">Skin.SetString(temprecenname, $INFO[ListItem.Label])</onclick>
<onclick condition="String.IsEmpty(ListItem.Label2)">Skin.SetString(temprecentexe, $INFO[ListItem.Path]$INFO[ListItem.Label]/app.py)</onclick>
<onclick condition="String.IsEmpty(ListItem.Label2)">Skin.SetString(temprecenttype, app)</onclick>
<onclick condition="String.IsEmpty(ListItem.Label2)">RunScript(special://skin/scripts/recentcontent.py)</onclick>

<onclick condition="String.IsEmpty(ListItem.Label2)">RunScript($INFO[ListItem.Path]$INFO[ListItem.Label]/app.py)</onclick>
<onclick condition="String.IsEmpty(ListItem.Label2)">Skin.SetString(gamefanart, )</onclick>
<onclick condition="String.IsEmpty(ListItem.Label2)">ActivateWindow(9000)</onclick>


                   <onup>900</onup>
                <ondown>-</ondown>
<onright>-</onright>
<onleft>-</onleft>
               <itemlayout width="460" height="460">
                    <control type="group">
                        <left>9</left>
                        <top>20</top>
                        <width>480</width>
                        <height>160</height>
                        <control type="image">
<animation type="Conditional" condition="true">
			<effect type="fade" start="100" end="50" delay="0" time="0" />
		</animation>
                            <top>0</top>
                            <left>0</left>
                            <width>430</width>
                            <height>430</height>
                          <texture diffuse="masks/Mask440x440r16.png">color_grey.png</texture> 
                         <colordiffuse>$INFO[Skin.String(gamercolor2)]</colordiffuse>
                        </control>
<control type="image">
                            <top>150</top>
                            <left>150</left>
                            <width>125</width>
                            <height>125</height>
                            <texture fallback="icons/hdd.png" diffuse="masks/Mask440x440r16.png">$INFO[ListItem.Icon]$INFO[ListItem.Path]$INFO[ListItem.Label]/icon.png</texture> 
                        </control>

                    </control>
                </itemlayout>

                <focusedlayout width="460" height="460">
                    <control type="group">
<animation type="Visible">
			<effect type="fade" start="0" end="100" delay="0" time="200" />
		</animation>

<animation type="Hidden">
			<effect type="fade" start="100" end="0" delay="0" time="200" />
		</animation>


                        <left>9</left>
                        <top>20</top>
                        <width>480</width>
                        <height>160</height>
                        <control type="group">
<control type="image">
<animation type="Conditional" condition="true">
			<effect type="fade" start="100" end="50" delay="0" time="0" />
		</animation>
                            <top>0</top>
                            <left>0</left>
                            <width>430</width>
                            <height>430</height>
                          <texture diffuse="masks/Mask440x440r16.png">color_grey.png</texture> 
                          <colordiffuse>$INFO[Skin.String(gamercolor2)]</colordiffuse>
                        </control>
<control type="image">
                            <top>150</top>
                            <left>150</left>
                            <width>125</width>
                            <height>125</height>
                            <texture fallback="icons/hdd.png" diffuse="masks/Mask440x440r16.png">$INFO[ListItem.Icon]$INFO[ListItem.Path]$INFO[ListItem.Label]/icon.png</texture> 
                        </control>
<control type="image">
<animation type="Conditional" condition="true">
			<effect type="fade" start="100" end="50" delay="0" time="0" />
		</animation>
<animation type="UnFocus">
<effect type="slide" start="0,0" end="0,100" delay="0" time="250" tween="sine" easing="out"/>
<effect type="fade" start="100" end="0" delay="0" time="70"/>
		</animation>
<animation type="Focus">
<effect type="fade" start="0" end="100" delay="0" time="250"/>
<effect type="slide" start="0,100" end="0,0" delay="0" time="70" tween="sine" easing="out"/>
		</animation>
                            <top>303</top>
                            <left>0</left>
                            <width>430</width>
                            <height>125</height>
                          <texture diffuse="masks/Mask440x440r16.png">color_grey.png</texture> 
                          <colordiffuse>black</colordiffuse>
                          <visible>Control.HasFocus(901) + !String.IsEmpty(ListItem.Label)</visible>
                        </control>
 <control type="label">
<animation type="UnFocus">
<effect type="slide" start="0,0" end="0,100" delay="0" time="250" tween="sine" easing="out"/>
<effect type="fade" start="100" end="0" delay="0" time="70"/>
		</animation>
<animation type="Focus">
<effect type="fade" start="0" end="100" delay="0" time="250"/>
<effect type="slide" start="0,100" end="0,0" delay="0" time="70" tween="sine" easing="out"/>
		</animation>
                               <top>360</top>
                                <left>30</left>
                                                                <width>315</width>
<scroll>false</scroll>
                                <textcolor>TextBright</textcolor>
                                <font>SettingsTiles</font>
                                <align>left</align>
                                <label>$INFO[ListItem.label]</label>
                            </control>
                             <control type="image">
<animation type="UnFocus">
<effect type="fade" start="100" end="0" delay="0" time="125"/>
		</animation>
<animation type="Focus">
<effect type="fade" start="0" end="100" delay="0" time="125"/>
		</animation>
<animation type="Hidden">
			<effect type="fade" start="100" end="0" delay="0" time="250" />
		</animation>
<animation type="Visible">
			<effect type="fade" start="0" end="100" delay="0" time="150" />
		</animation>
                            <top>-5</top>
                            <left>-5</left>
                            <width>440</width>
                            <height>440</height>
                          <texture border="100" diffuse="masks/Mask440x440r16.png">masks/Selector420x626r16.png</texture> 
                        <visible>Control.HasFocus(901)</visible>
                        </control>

                        </control>
                        
                    </control>
                </focusedlayout>
                <content>
 <item id="1">
 <label2>true</label2>
			<label>Manage</label>
			<icon>icons/hdd.png</icon>
			<onclick>ActivateWindow(9009)</onclick>

		</item>
		
                </content>
<content>
                  
  
  <item id="1">
 <label2>true</label2>
			<label>My Files</label>
			<icon>icons/files.png</icon>
			<onclick>Skin.SetString(gamelaunch, /windows/explorer.lnk)</onclick>
			<onclick>RunScript(special://skin/scripts/launcher.py)</onclick>
			<icon></icon>
			<visible>false</visible>
		</item>
  <item id="2">
 <label2>true</label2>
			<label>Settings</label>
			<icon>icons/settings.png</icon>
			<onclick>ActivateWindow(skinsettings)</onclick>
			<icon></icon>
		</item>
  
 

	
		
                </content>
               <content type="programs">special://xbmc/apps</content>

            </control>

<control type="panel" id="901">
            
<animation type="Visible">
			<effect type="fade" start="0" end="100" delay="0" time="300" />
			<effect type="slide" start="0,15" end="0,0" delay="0" time="200" tween="sine" easing="inout" />
		</animation>

<animation type="Hidden">
			<effect type="fade" start="100" end="0" delay="0" time="200" />
		</animation>
		
		<onclick condition="String.IsEmpty(ListItem.Label2)">Skin.SetString(temprecenticon, $INFO[ListItem.Path]$INFO[ListItem.Label]/icon.png)</onclick>
<onclick condition="String.IsEmpty(ListItem.Label2)">Skin.SetString(temprecenname, $INFO[ListItem.Label])</onclick>
<onclick condition="String.IsEmpty(ListItem.Label2)">Skin.SetString(temprecentexe, $INFO[ListItem.Path]$INFO[ListItem.Label]/app.py)</onclick>
<onclick condition="String.IsEmpty(ListItem.Label2)">Skin.SetString(temprecenttype, uwpapp)</onclick>
<onclick condition="String.IsEmpty(ListItem.Label2)">RunScript(special://skin/scripts/recentcontent.py)</onclick>

<visible>Container(900).HasFocus(3)</visible>
<onclick condition="String.IsEmpty(ListItem.Label2)">RunScript($INFO[ListItem.Path]$INFO[ListItem.Label]/app.py)</onclick>
<onclick condition="String.IsEmpty(ListItem.Label2)">Skin.SetString(gamefanart, )</onclick>
<onclick condition="String.IsEmpty(ListItem.Label2)">ActivateWindow(9000)</onclick>



                <left>200</left>
                <!-- <left>950</left> -->
                <width>3500</width>
                <height>1300</height>
                <top>600</top>
                <focusposition>2</focusposition>

                <onup>900</onup>
                <ondown>-</ondown>
<onright>-</onright>
<onleft>-</onleft>
                <itemlayout width="460" height="460">
                    <control type="group">
                        <left>9</left>
                        <top>20</top>
                        <width>480</width>
                        <height>160</height>
                        <control type="image">
<animation type="Conditional" condition="true">
			<effect type="fade" start="100" end="50" delay="0" time="0" />
		</animation>
                            <top>0</top>
                            <left>0</left>
                            <width>430</width>
                            <height>430</height>
                          <texture diffuse="masks/Mask440x440r16.png">color_grey.png</texture> 
                          <colordiffuse>$INFO[Skin.String(gamercolor2)]</colordiffuse>
                        </control>
<control type="image">
                            <top>150</top>
                            <left>150</left>
                            <width>125</width>
                            <height>125</height>
                            <texture fallback="icons/apps.png" diffuse="masks/Mask440x440r16.png">$INFO[ListItem.Path]$INFO[ListItem.Label]/icon.png</texture> 
                        </control>

                    </control>
                </itemlayout>

                <focusedlayout width="460" height="460">
                    <control type="group">
<animation type="Visible">
			<effect type="fade" start="0" end="100" delay="0" time="200" />
		</animation>

<animation type="Hidden">
			<effect type="fade" start="100" end="0" delay="0" time="200" />
		</animation>


                        <left>9</left>
                        <top>20</top>
                        <width>480</width>
                        <height>160</height>
                        <control type="group">
<control type="image">
<animation type="Conditional" condition="true">
			<effect type="fade" start="100" end="50" delay="0" time="0" />
		</animation>
                            <top>0</top>
                            <left>0</left>
                            <width>430</width>
                            <height>430</height>
                          <texture diffuse="masks/Mask440x440r16.png">color_grey.png</texture> 
                          <colordiffuse>$INFO[Skin.String(gamercolor2)]</colordiffuse>
                        </control>
<control type="image">
                            <top>150</top>
                            <left>150</left>
                            <width>125</width>
                            <height>125</height>
                            <texture fallback="icons/apps.png" diffuse="masks/Mask440x440r16.png">$INFO[ListItem.Path]$INFO[ListItem.Label]/icon.png</texture> 
                        </control>
<control type="image">
<animation type="Conditional" condition="true">
			<effect type="fade" start="100" end="50" delay="0" time="0" />
		</animation>
<animation type="UnFocus">
<effect type="slide" start="0,0" end="0,100" delay="0" time="250" tween="sine" easing="out"/>
<effect type="fade" start="100" end="0" delay="0" time="70"/>
		</animation>
<animation type="Focus">
<effect type="fade" start="0" end="100" delay="0" time="250"/>
<effect type="slide" start="0,100" end="0,0" delay="0" time="70" tween="sine" easing="out"/>
		</animation>
                            <top>303</top>
                            <left>0</left>
                            <width>430</width>
                            <height>125</height>
                          <texture diffuse="masks/Mask440x440r16.png">color_grey.png</texture> 
                          <colordiffuse>black</colordiffuse>
                          <visible>Control.HasFocus(901) + !String.IsEmpty(ListItem.Label)</visible>
                        </control>
 <control type="label">
<animation type="UnFocus">
<effect type="slide" start="0,0" end="0,100" delay="0" time="250" tween="sine" easing="out"/>
<effect type="fade" start="100" end="0" delay="0" time="70"/>
		</animation>
<animation type="Focus">
<effect type="fade" start="0" end="100" delay="0" time="250"/>
<effect type="slide" start="0,100" end="0,0" delay="0" time="70" tween="sine" easing="out"/>
		</animation>
                               <top>360</top>
                                <left>30</left>
                                                                <width>315</width>
<scroll>false</scroll>
                                <textcolor>TextBright</textcolor>
                                <font>SettingsTiles</font>
                                <align>left</align>
                                <label>$INFO[ListItem.label]</label>
                            </control>
                             <control type="image">
<animation type="UnFocus">
<effect type="fade" start="100" end="0" delay="0" time="125"/>
		</animation>
<animation type="Focus">
<effect type="fade" start="0" end="100" delay="0" time="125"/>
		</animation>
<animation type="Hidden">
			<effect type="fade" start="100" end="0" delay="0" time="250" />
		</animation>
<animation type="Visible">
			<effect type="fade" start="0" end="100" delay="0" time="150" />
		</animation>
                            <top>-5</top>
                            <left>-5</left>
                            <width>440</width>
                            <height>440</height>
                          <texture border="100" diffuse="masks/Mask440x440r16.png">masks/Selector420x626r16.png</texture> 
                        <visible>Control.HasFocus(901)</visible>
                        </control>

                        </control>
                        
                    </control>
                </focusedlayout>

<content type="programs">special://xbmc/uwpapps</content>
                
            </control>



<control type="panel" id="901">
            
<animation type="Visible">
			<effect type="fade" start="0" end="100" delay="0" time="300" />
			<effect type="slide" start="0,15" end="0,0" delay="0" time="200" tween="sine" easing="inout" />
		</animation>

<animation type="Hidden">
			<effect type="fade" start="100" end="0" delay="0" time="200" />
		</animation>
		
<visible>Container(900).HasFocus(4)</visible>

<onclick condition="String.IsEmpty(ListItem.Label2)">Skin.SetString(temprecenticon, $INFO[ListItem.Path]$INFO[ListItem.Label]/icon.png)</onclick>
<onclick condition="String.IsEmpty(ListItem.Label2)">Skin.SetString(temprecenname, $INFO[ListItem.Label])</onclick>
<onclick condition="String.IsEmpty(ListItem.Label2)">Skin.SetString(temprecentexe, $INFO[ListItem.Path]$INFO[ListItem.Label]/app.py)</onclick>
<onclick condition="String.IsEmpty(ListItem.Label2)">Skin.SetString(temprecenttype, winapp)</onclick>
<onclick condition="String.IsEmpty(ListItem.Label2)">RunScript(special://skin/scripts/recentcontent.py)</onclick>


<onclick condition="String.IsEmpty(ListItem.Label2)">RunScript($INFO[ListItem.Path]$INFO[ListItem.Label]/app.py)</onclick>
<onclick condition="String.IsEmpty(ListItem.Label2)">Skin.SetString(gamefanart, )</onclick>
<onclick condition="String.IsEmpty(ListItem.Label2)">ActivateWindow(9000)</onclick>



                <left>200</left>
                <!-- <left>950</left> -->
                <width>3500</width>
                <height>1300</height>
                <top>600</top>
                <focusposition>2</focusposition>

                <onup>900</onup>
                <ondown>-</ondown>
<onright>-</onright>
<onleft>-</onleft>
                <itemlayout width="460" height="460">
                    <control type="group">
                        <left>9</left>
                        <top>20</top>
                        <width>480</width>
                        <height>160</height>
                        <control type="image">
<animation type="Conditional" condition="true">
			<effect type="fade" start="100" end="50" delay="0" time="0" />
		</animation>
                            <top>0</top>
                            <left>0</left>
                            <width>430</width>
                            <height>430</height>
                          <texture diffuse="masks/Mask440x440r16.png">color_grey.png</texture> 
                          <colordiffuse>$INFO[Skin.String(gamercolor2)]</colordiffuse>
                        </control>
<control type="image">
                            <top>140</top>
                            <left>150</left>
                            <width>125</width>
                            <height>125</height>
                            <texture fallback="icons/apps.png" diffuse="masks/Mask440x440r16.png">$INFO[ListItem.Path]$INFO[ListItem.Label]/icon.png</texture> 
                        </control>

                    </control>
                </itemlayout>

                <focusedlayout width="460" height="460">
                    <control type="group">
<animation type="Visible">
			<effect type="fade" start="0" end="100" delay="0" time="200" />
		</animation>

<animation type="Hidden">
			<effect type="fade" start="100" end="0" delay="0" time="200" />
		</animation>


                        <left>9</left>
                        <top>20</top>
                        <width>480</width>
                        <height>160</height>
                        <control type="group">
<control type="image">
<animation type="Conditional" condition="true">
			<effect type="fade" start="100" end="50" delay="0" time="0" />
		</animation>
                            <top>0</top>
                            <left>0</left>
                            <width>430</width>
                            <height>430</height>
                          <texture diffuse="masks/Mask440x440r16.png">color_grey.png</texture> 
                          <colordiffuse>$INFO[Skin.String(gamercolor2)]</colordiffuse>
                        </control>
<control type="image">
                            <top>140</top>
                            <left>150</left>
                            <width>125</width>
                            <height>125</height>
                            <texture fallback="icons/apps.png" diffuse="masks/Mask440x440r16.png">$INFO[ListItem.Path]$INFO[ListItem.Label]/icon.png</texture> 
                        </control>
<control type="image">
<animation type="Conditional" condition="true">
			<effect type="fade" start="100" end="50" delay="0" time="0" />
		</animation>
<animation type="UnFocus">
<effect type="slide" start="0,0" end="0,100" delay="0" time="250" tween="sine" easing="out"/>
<effect type="fade" start="100" end="0" delay="0" time="70"/>
		</animation>
<animation type="Focus">
<effect type="fade" start="0" end="100" delay="0" time="250"/>
<effect type="slide" start="0,100" end="0,0" delay="0" time="70" tween="sine" easing="out"/>
		</animation>
                            <top>303</top>
                            <left>0</left>
                            <width>430</width>
                            <height>125</height>
                          <texture diffuse="masks/Mask440x440r16.png">color_grey.png</texture> 
                          <colordiffuse>black</colordiffuse>
                          <visible>Control.HasFocus(901) + !String.IsEmpty(ListItem.Label)</visible>
                        </control>
 <control type="label">
<animation type="UnFocus">
<effect type="slide" start="0,0" end="0,100" delay="0" time="250" tween="sine" easing="out"/>
<effect type="fade" start="100" end="0" delay="0" time="70"/>
		</animation>
<animation type="Focus">
<effect type="fade" start="0" end="100" delay="0" time="250"/>
<effect type="slide" start="0,100" end="0,0" delay="0" time="70" tween="sine" easing="out"/>
		</animation>
                               <top>360</top>
                                <left>30</left>
                                                                <width>315</width>
<scroll>false</scroll>
                                <textcolor>TextBright</textcolor>
                                <font>SettingsTiles</font>
                                <align>left</align>
                                <label>$INFO[ListItem.label]</label>
                            </control>
                             <control type="image">
<animation type="UnFocus">
<effect type="fade" start="100" end="0" delay="0" time="125"/>
		</animation>
<animation type="Focus">
<effect type="fade" start="0" end="100" delay="0" time="125"/>
		</animation>
<animation type="Hidden">
			<effect type="fade" start="100" end="0" delay="0" time="250" />
		</animation>
<animation type="Visible">
			<effect type="fade" start="0" end="100" delay="0" time="150" />
		</animation>
                            <top>-5</top>
                            <left>-5</left>
                            <width>440</width>
                            <height>440</height>
                          <texture border="100" diffuse="masks/Mask440x440r16.png">masks/Selector420x626r16.png</texture> 
                        <visible>Control.HasFocus(901)</visible>
                        </control>

                        </control>
                        
                    </control>
                </focusedlayout>
<content type="programs">special://xbmc/winapps</content>
                
            </control>


            </control>
		

		</control>
		<!-- Home items -->
		<include>bottombar</include>
	</controls>

</window>
