﻿<?xml version="1.0" encoding="UTF-8"?>
<fonts>
    <fontset id="Default">

        <!-- GTV Fonts -->
     <font>
            <name>HomeTitle</name>
            <filename>WorkSans-Light.ttf</filename>
            <aspect>0.89</aspect>
            <size>166</size>
        </font>
 <font>
            <name>HomeTitle2</name>
            <filename>WorkSans-Light.ttf</filename>
            <aspect>0.89</aspect>
            <size>60</size>
        </font>
 <font>
            <name>HomeTitle3</name>
            <filename>WorkSans-Regular.ttf</filename>
            <aspect>0.89</aspect>
            <size>60</size>
        </font>
 <font>
            <name>HomeTitle4</name>
            <filename>WorkSans-Light.ttf</filename>
            <aspect>0.89</aspect>
            <size>47</size>
        </font>
         <font>
            <name>HomeTitle5</name>
            <filename>WorkSans-Light.ttf</filename>
            <aspect>0.89</aspect>
            <size>39</size>
        </font>
         <font>
            <name>HomeTitle6</name>
            <filename>WorkSans-Light.ttf</filename>
            <aspect>0.89</aspect>
            <size>32</size>
        </font>
         <font>
            <name>HomeTitle7</name>
            <filename>WorkSans-Light.ttf</filename>
            <aspect>0.89</aspect>
            <size>43</size>
        </font>

         <font>
            <name>HomeTitle8</name>
            <filename>WorkSans-Light.ttf</filename>
            <aspect>0.89</aspect>
            <size>90</size>
        </font>

         <font>
            <name>Version</name>
            <filename>WorkSans-Light.ttf</filename>
            <aspect>0.89</aspect>
            <size>32</size>
        </font>

        <font>
            <name>VersionFont</name>
            <filename>WorkSans-Regular.ttf</filename>
            <aspect>0.89</aspect>
            <size>32</size>
        </font>
        <font>
            <name>MenuButtonText</name>
            <filename>WorkSans-Medium.ttf</filename>
            <aspect>0.95</aspect>
            <size>48</size>
        </font>
        <font>
            <name>KeyboardButton</name>
            <filename>WorkSans-Medium.ttf</filename>
            <aspect>0.95</aspect>
            <size>78</size>
        </font>
        <font>
            <name>ListItemText</name>
            <filename>WorkSans-Medium.ttf</filename>
            <aspect>0.95</aspect>
            <size>68</size>
        </font>
        <font>
            <name>ListItemText2Line</name>
            <filename>WorkSans-Medium.ttf</filename>
            <aspect>0.95</aspect>
            <size>48</size>
        </font>

        <font>
            <name>DebugText</name>
            <filename>WorkSans-Medium.ttf</filename>
            <aspect>0.95</aspect>
            <size>48</size>
        </font>

        <font>
            <name>SemiBold46</name>
            <filename>WorkSans-SemiBold.ttf</filename>
            <aspect>0.95</aspect>
            <size>46</size>
        </font>

        <font>
            <name>SemiBold56</name>
            <filename>WorkSans-SemiBold.ttf</filename>
            <aspect>0.95</aspect>
            <size>56</size>
        </font>

        <font>
            <name>SemiBold90</name>
            <filename>WorkSans-SemiBold.ttf</filename>
            <aspect>0.95</aspect>
            <size>90</size>
        </font>

        <font>
            <name>SemiBold160</name>
            <filename>WorkSans-SemiBold.ttf</filename>
            <aspect>0.95</aspect>
            <size>160</size>
        </font>






        <font>
            <name>SubMenuButtonText</name>
            <filename>WorkSans-Medium.ttf</filename>
            <aspect>0.95</aspect>
            <size>56</size>
        </font>
        <font>
            <name>SelectDialogItemText</name>
            <filename>WorkSans-Medium.ttf</filename>
            <aspect>0.95</aspect>
            <size>68</size>
        </font>
        <font>
            <name>SelectDialogItemText2Line</name>
            <filename>WorkSans-Medium.ttf</filename>
            <aspect>0.95</aspect>
            <size>52</size>
        </font>
        <font>
            <name>DialogButtonFont</name>
            <filename>WorkSans-Medium.ttf</filename>
            <aspect>0.95</aspect>
            <size>46</size>
        </font>
        <font>
            <name>OSDSettingsButtonText</name>
            <filename>WorkSans-Medium.ttf</filename>
            <aspect>0.95</aspect>
            <size>38</size>
        </font>
        <font>
            <name>ContextTitle</name>
            <filename>WorkSans-Medium.ttf</filename>
            <aspect>0.95</aspect>
            <size>88</size>
        </font>
        <font>
            <name>WidgetLabel</name>
            <filename>WorkSans-Regular.ttf</filename>
            <aspect>0.95</aspect>
            <size>90</size>
        </font>
        <font>
            <name>WidgetLabelInfo</name>
            <filename>WorkSans-Regular.ttf</filename>
            <aspect>0.95</aspect>
            <size>150</size>
        </font>
        <font>
            <name>WidgetTitle</name>
            <filename>WorkSans-Regular.ttf</filename>
            <aspect>0.89</aspect>
            <size>50</size>
        </font>
        <font>
            <name>Medium50</name>
            <filename>WorkSans-Medium.ttf</filename>
            <aspect>0.89</aspect>
            <size>50</size>
        </font>
        <font>
            <name>Medium42</name>
            <filename>WorkSans-Medium.ttf</filename>
            <aspect>0.89</aspect>
            <size>42</size>
        </font>
        <font>
            <name>WidgetRating</name>
            <filename>WorkSans-Medium.ttf</filename>
            <aspect>0.95</aspect>
            <size>38</size>
        </font>
        <font>
            <name>LibraryMainTitleBig</name>
            <filename>WorkSans-Medium.ttf</filename>
            <aspect>0.95</aspect>
            <size>166</size>
        </font>
        <font>
            <name>LibraryMainTitleMedium</name>
            <filename>WorkSans-Regular.ttf</filename>
            <aspect>0.95</aspect>
            <size>146</size>
        </font>
        <font>
            <name>LibraryMainTitleMediumV2</name>
            <filename>WorkSans-Regular.ttf</filename>
            <aspect>0.95</aspect>
            <size>186</size>
        </font>
        <font>
            <name>LibraryMainTitleSmall</name>
            <filename>WorkSans-Regular.ttf</filename>
            <aspect>0.95</aspect>
            <size>100</size>
        </font>
        <font>
            <name>LibrarySectionHeaderVar</name>
            <filename>WorkSans-Regular.ttf</filename>
            <aspect>0.95</aspect>
            <size>100</size>
        </font>
        <font>
            <name>LibraryInfoLine</name>
            <filename>WorkSans-Medium.ttf</filename>
            <aspect>0.95</aspect>
            <size>70</size>
        </font>
        <font>
            <name>LibraryInfoIcon</name>
            <filename>WorkSans-Bold.ttf</filename>
            <aspect>0.95</aspect>
            <size>48</size>
        </font>
        <font>
            <name>EpisodePlot</name>
            <filename>WorkSans-Regular.ttf</filename>
            <aspect>0.89</aspect>
            <linespacing>1.1</linespacing>
            <size>56</size>
        </font>

     <font>
            <name>SettingsTiles</name>
            <filename>WorkSans-Regular.ttf</filename>
            <aspect>0.89</aspect>
            <linespacing>1.1</linespacing>
            <size>40</size>
        </font>









        <font>
            <name>PlayingIconOuter</name>
            <filename>line-awesome.ttf</filename>
            <size>400</size>
        </font>
        <font>
            <name>PlayingIconInner</name>
            <filename>line-awesome.ttf</filename>
            <size>220</size>
        </font>
        <font>
            <name>MainMenuIcon</name>
            <filename>line-awesome.ttf</filename>
            <size>120</size>
        </font>
        <font>
            <name>ButtonIcon</name>
            <filename>line-awesome.ttf</filename>
            <size>96</size>
        </font>
        <font>
            <name>ButtonIconSmall</name>
            <filename>line-awesome.ttf</filename>
            <size>78</size>
        </font>
        <font>
            <name>VolumeIcon</name>
            <filename>line-awesome.ttf</filename>
            <size>82</size>
        </font>

        <font>
            <name>Mono48</name>
            <filename>RobotoMono-Bold.ttf</filename>
            <size>48</size>
        </font>

        <!-- Standard Kodi Fonts -->
        <font>
            <name>font10</name>
            <filename>NotoSans-Regular.ttf</filename>
            <size>46</size>
            <style>lighten</style>
        </font>
        <font>
            <name>font12</name>
            <filename>NotoSans-Regular.ttf</filename>
            <size>50</size>
            <style>lighten</style>
        </font>
        <font>
            <name>font13</name>
            <filename>NotoSans-Regular.ttf</filename>
            <size>60</size>
            <style>lighten</style>
        </font>
        <font>
            <name>font14</name>
            <filename>NotoSans-Regular.ttf</filename>
            <size>66</size>
            <style>lighten</style>
        </font>
        <font>
            <name>font25_narrow</name>
            <filename>NotoSans-Regular.ttf</filename>
            <size>50</size>
            <style>lighten</style>
            <linespacing>0.8</linespacing>
        </font>
        <font>
            <name>font27</name>
            <filename>NotoSans-Regular.ttf</filename>
            <size>54</size>
            <style>lighten</style>
        </font>
        <font>
            <name>font27_narrow</name>
            <filename>NotoSans-Regular.ttf</filename>
            <size>50</size>
            <style>lighten</style>
            <linespacing>0.8</linespacing>
        </font>
        <font>
            <name>font37</name>
            <filename>NotoSans-Regular.ttf</filename>
            <size>74</size>
            <style>lighten</style>
        </font>
        <font>
            <name>font45</name>
            <filename>NotoSans-Regular.ttf</filename>
            <size>90</size>
            <style>lighten</style>
        </font>
        <font>
            <name>font60</name>
            <filename>NotoSans-Regular.ttf</filename>
            <size>120</size>
            <style>lighten</style>
        </font>
        <font>
            <name>font_clock</name>
            <filename>Roboto-Thin.ttf</filename>
            <size>140</size>
        </font>
        <font>
            <name>font_flag</name>
            <filename>NotoSans-Bold.ttf</filename>
            <size>36</size>
        </font>
        <font>
            <name>font20_title</name>
            <filename>NotoSans-Bold.ttf</filename>
            <size>40</size>
        </font>
        <font>
            <name>font25_title</name>
            <filename>NotoSans-Bold.ttf</filename>
            <size>50</size>
        </font>
        <font>
            <name>font30_title</name>
            <filename>NotoSans-Bold.ttf</filename>
            <size>60</size>
        </font>
        <font>
            <name>font32_title</name>
            <filename>NotoSans-Bold.ttf</filename>
            <size>64</size>
        </font>
        <font>
            <name>font36_title</name>
            <filename>NotoSans-Bold.ttf</filename>
            <size>72</size>
        </font>
        <font>
            <name>font45_title</name>
            <filename>NotoSans-Bold.ttf</filename>
            <size>90</size>
        </font>
        <font>
            <name>font52_title</name>
            <filename>NotoSans-Bold.ttf</filename>
            <size>104</size>
        </font>
        <font>
            <name>font_MainMenu</name>
            <filename>NotoSans-Bold.ttf</filename>
            <size>120</size>
        </font>
        <font>
            <name>WeatherTemp</name>
            <aspect>0.85</aspect>
            <filename>NotoSans-Bold.ttf</filename>
            <size>240</size>
        </font>
        <font>
            <name>Mono26</name>
            <filename>NotoMono-Regular.ttf</filename>
            <size>52</size>
        </font>

    </fontset>

    <fontset id="Arial">

        <!-- Singular Fonts -->
        <font>
            <name>Singular</name>
            <filename>arial.ttf</filename>
            <size>300</size>
        </font>
        <font>
            <name>SettingsHeader</name>
            <filename>arial.ttf</filename>
            <size>100</size>
        </font>
        <font>
            <name>LargeTitle</name>
            <filename>arial.ttf</filename>
            <size>82</size>
        </font>
        <font>
            <name>MenuHeader</name>
            <filename>arial.ttf</filename>
            <size>68</size>
        </font>
        <font>
            <name>MenuItem</name>
            <filename>arial.ttf</filename>
            <size>64</size>
        </font>
        <font>
            <name>WidgetLabel</name>
            <filename>arial.ttf</filename>
            <size>60</size>
        </font>
        <font>
            <name>ItemLabel</name>
            <filename>arial.ttf</filename>
            <size>52</size>
        </font>
        <font>
            <name>ItemLabelSecondary</name>
            <filename>arial.ttf</filename>
            <size>48</size>
        </font>
        <font>
            <name>NotificationText</name>
            <filename>arial.ttf</filename>
            <size>48</size>
        </font>
        <font>
            <name>MenuItemSmall</name>
            <filename>arial.ttf</filename>
            <size>36</size>
        </font>
        <font>
            <name>PlotText</name>
            <filename>arial.ttf</filename>
            <size>34</size>
        </font>
        <font>
            <name>InfoLine</name>
            <filename>arial.ttf</filename>
            <size>30</size>
        </font>

        <font>
            <name>PlayingIconOuter</name>
            <filename>line-awesome.ttf</filename>
            <size>400</size>
        </font>
        <font>
            <name>PlayingIconInner</name>
            <filename>line-awesome.ttf</filename>
            <size>220</size>
        </font>
        <font>
            <name>MainMenuIcon</name>
            <filename>line-awesome.ttf</filename>
            <size>120</size>
        </font>
        <font>
            <name>ButtonIcon</name>
            <filename>line-awesome.ttf</filename>
            <size>64</size>
        </font>
        <font>
            <name>ButtonIconSmall</name>
            <filename>line-awesome.ttf</filename>
            <size>78</size>
        </font>
        <font>
            <name>VolumeIcon</name>
            <filename>line-awesome.ttf</filename>
            <size>82</size>
        </font>

        <font>
            <name>Mono48</name>
            <filename>RobotoMono-Bold.ttf</filename>
            <size>48</size>
        </font>

        <!-- Standard Kodi Fonts -->
        <font>
            <name>font10</name>
            <filename>arial.ttf</filename>
            <size>46</size>
            <style>lighten</style>
        </font>
        <font>
            <name>font12</name>
            <filename>arial.ttf</filename>
            <size>50</size>
            <style>lighten</style>
        </font>
        <font>
            <name>font13</name>
            <filename>arial.ttf</filename>
            <size>60</size>
            <style>lighten</style>
        </font>
        <font>
            <name>font14</name>
            <filename>arial.ttf</filename>
            <size>66</size>
            <style>lighten</style>
        </font>
        <font>
            <name>font25_narrow</name>
            <filename>arial.ttf</filename>
            <size>50</size>
            <style>lighten</style>
            <linespacing>0.8</linespacing>
        </font>
        <font>
            <name>font27</name>
            <filename>arial.ttf</filename>
            <size>54</size>
            <style>lighten</style>
        </font>
        <font>
            <name>font27_narrow</name>
            <filename>arial.ttf</filename>
            <size>50</size>
            <style>lighten</style>
            <linespacing>0.8</linespacing>
        </font>
        <font>
            <name>font37</name>
            <filename>arial.ttf</filename>
            <size>74</size>
            <style>lighten</style>
        </font>
        <font>
            <name>font45</name>
            <filename>arial.ttf</filename>
            <size>90</size>
            <style>lighten</style>
        </font>
        <font>
            <name>font60</name>
            <filename>arial.ttf</filename>
            <size>120</size>
            <style>lighten</style>
        </font>
        <font>
            <name>font_clock</name>
            <filename>Roboto-Thin.ttf</filename>
            <size>140</size>
        </font>
        <font>
            <name>font_flag</name>
            <filename>arial.ttf</filename>
            <size>36</size>
        </font>
        <font>
            <name>font20_title</name>
            <filename>arial.ttf</filename>
            <size>40</size>
        </font>
        <font>
            <name>font25_title</name>
            <filename>arial.ttf</filename>
            <size>50</size>
        </font>
        <font>
            <name>font30_title</name>
            <filename>arial.ttf</filename>
            <size>60</size>
        </font>
        <font>
            <name>font32_title</name>
            <filename>arial.ttf</filename>
            <size>64</size>
        </font>
        <font>
            <name>font36_title</name>
            <filename>arial.ttf</filename>
            <size>72</size>
        </font>
        <font>
            <name>font45_title</name>
            <filename>arial.ttf</filename>
            <size>90</size>
        </font>
        <font>
            <name>font52_title</name>
            <filename>arial.ttf</filename>
            <size>104</size>
        </font>
        <font>
            <name>font_MainMenu</name>
            <filename>arial.ttf</filename>
            <size>120</size>
        </font>
        <font>
            <name>WeatherTemp</name>
            <aspect>0.85</aspect>
            <filename>arial.ttf</filename>
            <size>240</size>
        </font>
        <font>
            <name>Mono26</name>
            <filename>arial.ttf</filename>
            <size>52</size>
        </font>

    </fontset>
</fonts>