﻿<?xml version="1.0" encoding="UTF-8"?>
<window>
    <defaultcontrol>900</defaultcontrol>
<onload condition="Skin.HasSetting(lighttheme)">Skin.ToggleSetting(lighttheme)</onload>
<onload>RunScript(special://skin/scripts/profileimage.py)</onload>
<onload condition="Skin.HasSetting(winwallpaper)">RunScript(special://skin/scripts/wallpaper.py)</onload>
<onload>RunScript(special://skin/scripts/profilename.py)</onload>
<onload condition="!Skin.HasSetting(firsttimerun)">ActivateWindow(9007)</onload>
<onload condition="!Skin.HasSetting(hometab)">Skin.ToggleSetting(HomeTab)</onload>
<onload condition="!Skin.HasSetting(appstab)">Skin.ToggleSetting(appstab)</onload>
<onload condition="!Skin.HasSetting(gamestab)">Skin.ToggleSetting(gamestab)</onload>
<onload condition="!Skin.HasSetting(uwptab)">Skin.ToggleSetting(uwptab)</onload>
<onload condition="Skin.HasSetting(OneBar)">Control.SetFocus(901,2)</onload>
<onload condition="!Skin.HasSetting(OneMenu) + !Skin.HasSetting(OneBar)">Control.SetFocus(9001,0)</onload>
<onload condition="!Skin.HasSetting(OneBar)">Control.SetFocus(900)</onload>
<onload condition="Skin.HasSetting(OneMenu)">Control.SetFocus(900, 1)</onload>
<onload condition="Skin.HasSetting(wincolor) + !Skin.HasSetting(bgimage)">RunScript(special://skin/scripts/wincolor.py)</onload>
<onload condition="Skin.HasSetting(bgvideo)">PlayMedia($INFO[Skin.String(bgvideofile)], 1)</onload>
<onload condition="Skin.HasSetting(bgvideo)">PlayerControl(repeat)</onload>
<onunload condition="Skin.HasSetting(bgvideo)">PlayerControl(Stop)</onunload>
    <controls>

 <include condition="Skin.HasSetting(OneBar) | Skin.HasSetting(OneMenu) + !Skin.HasSetting(bgvideo)">wallpaper</include>
<include condition="!Skin.HasSetting(OneBar) + !Skin.HasSetting(OneMenu) + !Skin.HasSetting(bgvideo)">wallpaperv2</include>

<control type="group">
<visible>Skin.HasSetting(bgvideo)</visible>
<control type="image">
				 <left>0</left>
            <top>0</top>
            <width>3840</width>
            <height>2160</height>
            <fadetime>400</fadetime>
			<texture background="true">color_black.png</texture>
			<visible>true</visible>
			</control>
<control type="videowindow" id="2">
      <description>My first video control</description>
    <left>0</left>
            <top>0</top>
            <width>3840</width>
            <height>2160</height>
            <fadetime>200</fadetime>
      <visible>true</visible>
</control>

<control type="image">
				 <left>0</left>
            <top>0</top>
            <width>3840</width>
            <height>2160</height>
            <fadetime>400</fadetime>
			<texture background="true">color_white.png</texture>
			<colordiffuse>D6000000</colordiffuse>
			<visible>true</visible>
			</control>
</control>


                       

<include condition="Skin.HasSetting(OneBar)">OneBar</include>
        <include condition="Skin.HasSetting(OneMenu)">OneMenu</include>
<include condition="!Skin.HasSetting(OneMenu) + !Skin.HasSetting(OneBar) + !Skin.HasSetting(XBMenu)">MainMenu</include>
<include condition="Skin.HasSetting(XBMenu)">XBMenu</include>






                             

    </controls>
</window>
