﻿<?xml version="1.0" encoding="UTF-8"?>
<window>
    <defaultcontrol>900</defaultcontrol>
<onload condition="Skin.HasSetting(lighttheme)">Skin.ToggleSetting(lighttheme)</onload>
<onload>RunScript(special://skin/scripts/profileimage.py)</onload>
<onload condition="Skin.HasSetting(winwallpaper)">RunScript(special://skin/scripts/wallpaper.py)</onload>
<onload>RunScript(special://skin/scripts/profilename.py)</onload>
<onload condition="!Skin.HasSetting(firsttimerun)">ActivateWindow(9007)</onload>
<onload condition="Skin.HasSetting(OneMenu) + !Skin.HasSetting(hometab)">Skin.ToggleSetting(HomeTab)</onload>
<onload condition="Skin.HasSetting(OneBar)">Control.SetFocus(901,2)</onload>
<onload condition="!Skin.HasSetting(OneMenu) + !Skin.HasSetting(OneBar)">Control.SetFocus(9001,0)</onload>
<onload condition="!Skin.HasSetting(OneBar)">Control.SetFocus(900)</onload>
<onload condition="Skin.HasSetting(OneMenu)">Control.SetFocus(900, 1)</onload>
<onload condition="Skin.HasSetting(wincolor) + !Skin.HasSetting(bgimage)">RunScript(special://skin/scripts/wincolor.py)</onload>
    <controls>

 <include condition="Skin.HasSetting(OneBar) | Skin.HasSetting(OneMenu)">wallpaper</include>
<include condition="!Skin.HasSetting(OneBar) + !Skin.HasSetting(OneMenu)">wallpaperv2</include>
                       

<include condition="Skin.HasSetting(OneBar)">OneBar</include>
        <include condition="Skin.HasSetting(OneMenu)">OneMenu</include>
<include condition="!Skin.HasSetting(OneMenu) + !Skin.HasSetting(OneBar) + !Skin.HasSetting(XBMenu)">MainMenu</include>
<include condition="Skin.HasSetting(XBMenu)">XBMenu</include>






                             

    </controls>
</window>
