﻿<?xml version="1.0" encoding="UTF-8"?>

<includes>

    <include name="OneMenu">


            <control type="image">
            <animation type="Conditional" condition="true">
			<effect type="fade" start="100" end="50" delay="0" time="0" />
		</animation>
            <left>0</left>
            <top>0</top>
            <width>300</width>
            <height>2160</height>
            <fadetime>400</fadetime>
            <texture background="true" fallback="demo/homebg2.jpg">demo/blur.jpg</texture>
            			<colordiffuse>FF363636</colordiffuse>
            			<aspectratio>scale</aspectratio>
            			<visible>Skin.HasSetting(bgimage)</visible>
        </control>
                    <control type="image">
            <animation type="Conditional" condition="true">
			<effect type="fade" start="100" end="30" delay="0" time="0" />
		</animation>
            <left>0</left>
            <top>0</top>
            <width>300</width>
            <height>2160</height>
            <fadetime>400</fadetime>
            <texture background="true" fallback="demo/homebg2.jpg">demo/blur.jpg</texture>
            			<colordiffuse>FF363636</colordiffuse>
            			<aspectratio>scale</aspectratio>
            			<visible>!Skin.HasSetting(bgimage)</visible>
        </control>

        <control type="group">
                    <top>100</top>


		<animation type="WindowOpen" condition="!Window.Previous(Startup)">
			<effect type="fade" start="0" end="100" delay="0" time="300"/>
			<effect type="slide" start="0,15" end="0,0" delay="0" time="200" tween="sine" easing="inout"/>
                    </animation>
<animation type="WindowClose">
			<effect type="fade" start="100" end="0" delay="0" time="300"/>
                    </animation>
            <left>0</left>
            <top>0</top>
     
        <control type="group">
                    		<animation type="WindowOpen" condition="Window.Previous(Startup)">
			<effect type="fade" start="0" end="100" delay="500" time="300"/>
		<effect type="slide" start="0,15" end="0,0" delay="500" time="200" tween="sine" easing="inout"/>
                    </animation>

		<animation type="WindowOpen" condition="!Window.Previous(Startup)">
			<effect type="fade" start="0" end="100" delay="0" time="300"/>
			<effect type="slide" start="0,15" end="0,0" delay="0" time="200" tween="sine" easing="inout"/>
                    </animation>
<left>-3415</left>

                          <control type="image">
                            <top>100</top>
                            <left>3500</left>
                            <width>125</width>
                            <height>125</height>
                          <texture diffuse="masks/Mask80x80r40.png" fallback="DefaultActorSolid.png">$INFO[Skin.String(profileimage)]</texture> 
                        </control>

</control>
                        <control type="group">
                   <posy>-100</posy>
                        		<animation type="WindowOpen" condition="Window.Previous(Startup)">
					<effect type="fade" start="0" end="100" delay="1000" time="500"/>
					</animation>
<animation type="Visible">
			<effect type="fade" start="0" end="100" delay="0" time="300" />
			<effect type="slide" start="0,15" end="0,0" delay="0" time="200" tween="sine" easing="inout" />
		</animation>

<animation type="Hidden">
			<effect type="fade" start="100" end="0" delay="0" time="100" />
		</animation>
<visible>Container(900).HasFocus(0)</visible>

            <control type="image">
            <animation type="Conditional" condition="true">
			<effect type="fade" start="100" end="40" delay="0" time="0" />
		</animation>
               <top>1000</top>
                            <left>1470</left>
                            <width>931</width>
                            <height>125</height>
            <fadetime>400</fadetime>
            <texture diffuse="masks/Mask1648x760r16.png">color_black.png</texture>

        </control>

<control type="image">
               <top>1035</top>
                            <left>2290</left>
                            <width>60</width>
                            <height>60</height>
            <texture>icons/search-line.png</texture>
        </control>

<control type="label">
                                 <top>-40</top>
                            <left>1520</left>
                                <width>2615</width>
                                <textcolor>TextBright</textcolor>
                                <font>HomeTitle2</font>
                                <align>left</align>
                                <label>Search the web.</label>
                             <scroll>false</scroll>
                            </control>
<control type="label">
                                 <top>160</top>
                            <left>2170</left>
                                <width>2615</width>
                                <textcolor>TextBright</textcolor>
                                <font>HomeTitle6</font>
                                <align>left</align>
                                <label>Powered by Bing.</label>
                             <scroll>false</scroll>
                            </control>

</control>

            <control type="list" id="900">
		                                      		<animation type="WindowOpen" condition="Window.Previous(Startup)">
					<effect type="fade" start="0" end="100" delay="1000" time="500"/>
                    </animation>
                <left>-30</left>
                <!-- <left>950</left> -->
                <width>3840</width>
                <top>476</top>
                <orientation>vertical</orientation>
                <focusposition>2</focusposition>
<onleft>-</onleft>
<ondown>-</ondown>
<onup>-</onup>
                <onright condition="!Container(900).HasFocus(2) + !String.IsEmpty(Container(901).ListItem(1).Label) + !Container(900).HasFocus(0)">Control.SetFocus(901)</onright>

<onright condition="Container(900).HasFocus(2) + !String.IsEmpty(Container(9001).ListItem(1).Label)">Control.SetFocus(9001)</onright>

	<onright condition="Container(900).HasFocus(0)">Skin.SetString(bingsearch, )</onright>
			<onright condition="Container(900).HasFocus(0)">Skin.SetString(bingsearch)</onright>
			<onright condition="Container(900).HasFocus(0)">RunScript(special://skin/scripts/bing.py)</onright>
<onright condition="Container(900).HasFocus(0)">Skin.SetString(gamefanart, )</onright>
<onright condition="Container(900).HasFocus(0)">ActivateWindow(9000)</onright>

                <itemlayout width="280" height="100">
                    <control type="group">
                        <left>150</left>
                        <width>480</width>
                        <height>160</height>
                                                     <control type="image">
                                                     <animation type="Conditional" condition="true">
			<effect type="fade" start="100" end="60" delay="0" time="0" />
		</animation>
                           <top>0</top>
                            <left>0</left>
                            <width>60</width>
                            <height>60</height>
                          <texture>$INFO[ListItem.icon]</texture> 
                          <colordiffuse></colordiffuse>
                        </control>
                    </control>
                </itemlayout>

                <focusedlayout width="280" height="100">
                    <control type="group">
                        <left>150</left>
                        <width>480</width>
                        <height>160</height>
                        <control type="group">
                            <control type="image">
<animation type="Visible">
			<effect type="fade" start="0" end="100" delay="0" time="200" />
		</animation>

<animation type="Hidden">
			<effect type="fade" start="100" end="0" delay="0" time="200" />
		</animation>

<animation type="Focus">
			<effect type="fade" start="0" end="100" delay="0" time="150" />
		</animation>

<animation type="UnFocus">
			<effect type="fade" start="100" end="0" delay="0" time="100" />
		</animation>
                            <left>-10</left>
                            <top>2</top>
                                <texture colordiffuse="TextBright">masks/Mask160x160r80.png</texture>
                      <visible>Control.HasFocus(900)</visible>
                      <colordiffuse>$INFO[Skin.String(gamercolor2)]</colordiffuse>
                              <width>1</width>
                              <height>60</height>
                            </control>
                             <control type="image">
 
                           <top>0</top>
                            <left>0</left>
                            <width>60</width>
                            <height>60</height>
                          <texture>$INFO[ListItem.icon]</texture> 
                        </control>
                            
                        </control>
                        
                    </control>
                </focusedlayout>
                <content>
            <item id="0">
			<label2>Search</label2>
			<icon>icons/search-line.png</icon>
	<onclick>Skin.SetString(bingsearch, )</onclick>
			<onclick>Skin.SetString(bingsearch)</onclick>
			<onclick>RunScript(special://skin/scripts/bing.py)</onclick>
			<onclick>Skin.SetString(gamefanart, )</onclick>
			<onclick>ActivateWindow(9000)</onclick>
			<visible>Skin.HasSetting(hometab) + System.InternetState</visible>
		</item>
                    <item id="1">
			<label2>Home</label2>
			<icon>icons/home.png</icon>
			<onclick condition="!String.IsEmpty(Container(901).ListItem(1).Label)">Control.SetFocus(901, 0)</onclick>
			<visible>Skin.HasSetting(hometab)</visible>
		</item>
  <item id="2">
			<label2>Games</label2>
	<icon>icons/gamepad-line.png</icon>
<onclick condition="!String.IsEmpty(Container(9001).ListItem(1).Label)">Control.SetFocus(9001)</onclick>
		</item>
		 <item id="3">
			<label2>Apps</label2>
	<icon>icons/apps-line.png</icon>
	<onclick condition="!String.IsEmpty(Container(901).ListItem(1).Label)">Control.SetFocus(901)</onclick>
	<visible>Skin.HasSetting(appstab)</visible>
		</item>
		 <item id="4">
			<label2>UWP</label2>
	<icon>icons/microsoft-fill.png</icon>
	<onclick condition="!String.IsEmpty(Container(901).ListItem(1).Label)">Control.SetFocus(901)</onclick>
	<visible>Skin.HasSetting(uwptab)</visible>
		</item>
		
                </content>
            </control>
            
                            <control type="group">
	<animation type="WindowOpen" condition="Window.Previous(Startup)">
					<effect type="fade" start="0" end="100" delay="1000" time="500"/>
		<effect type="zoom" start="50" end="100" delay="1000" time="500" center="935,935" tween="sine" easing="out"/>
                    </animation>                            

                          <control type="panel" id="901">
                                      		<animation type="WindowOpen" condition="Window.Previous(Startup)">
					<effect type="fade" start="0" end="100" delay="1000" time="500"/>
		<effect type="zoom" start="50" end="100" delay="1000" time="500" center="935,935" tween="sine" easing="out"/>
                    </animation>
                    
<animation type="Visible">
			<effect type="fade" start="0" end="100" delay="0" time="300" />
			<effect type="slide" start="0,15" end="0,0" delay="0" time="200" tween="sine" easing="inout" />
		</animation>

<animation type="Hidden">
			<effect type="fade" start="100" end="0" delay="0" time="100" />
		</animation>
		
    <visible>Container(900).HasFocus(1)</visible>

                <left>321</left>
                <!-- <left>950</left> -->
                <width>4000</width>
                <height>1100</height>
                <top>460</top>
                <orientation>horizontal</orientation>
                <focusposition>2</focusposition>

                <onup>Control.Move(900, -1)</onup>
                <ondown>Control.Move(900, 1)</ondown>
<onright>Control.SetFocus(903, 0)</onright>
<onleft>900</onleft>
                <itemlayout width="750" height="320">
                    <control type="group">
                        <left>9</left>
                        <top>20</top>
                        <width>480</width>
                        <height>160</height>
                          <control type="image">
<visible>String.IsEmpty(ListItem.Thumb)</visible>
                           <top>-5</top>
                            <left>-5</left>
                            <width>890</width>
                            <height>890</height>
                                                <texture fallback="appfb.jpg" diffuse="masks/Mask440x440r16.png">$INFO[ListItem.Icon]</texture> 
                          <aspectratio scalediffuse="false" align="center" aligny="center">scale</aspectratio>
                        </control>
                        <control type="image">
<visible>!String.IsEmpty(ListItem.Thumb)</visible>
                        <animation type="Conditional" condition="true">
			<effect type="fade" start="100" end="70" delay="0" time="0" />
		</animation>
                           <top>-5</top>
                            <left>-5</left>
                            <width>890</width>
                            <height>890</height>
                          <texture diffuse="masks/Mask440x440r16.png">color_grey.png</texture> 
                          <colordiffuse>$INFO[Skin.String(gamercolor2)]</colordiffuse>
                        </control>
                                                  <control type="image">
<visible>!String.IsEmpty(ListItem.Thumb)</visible>
                           <top>360</top>
                            <left>360</left>
                            <width>125</width>
                            <height>125</height>
                          <texture diffuse="masks/Mask440x440r16.png">$INFO[ListItem.Thumb]</texture> 
                        </control>
                          <control type="image">
                          <visible>String.IsEmpty(ListItem.Thumb)</visible>
                           <top>-5</top>
                            <left>-5</left>
                            <width>890</width>
                            <height>890</height>
                          <texture diffuse="masks/Mask440x440r16.png">masks\BackgroundMaskBlack.png</texture> 
                          <colordiffuse>8C000000</colordiffuse>
                        </control>
 <control type="label">
                                <top>740</top>
                                <left>70</left>
                                <width>615</width>
                                <textcolor>TextBright</textcolor>
                                <font>EpisodePlot</font>
                                <align>left</align>
                                <label>$INFO[ListItem.label]</label>
                             <scroll>false</scroll>
                            </control>

                    </control>
                </itemlayout>

                <focusedlayout width="750" height="320">
                    <control type="group">
<animation type="Visible">
			<effect type="fade" start="0" end="100" delay="0" time="200" />
		</animation>

<animation type="Hidden">
			<effect type="fade" start="100" end="0" delay="0" time="200" />
		</animation>


                        <left>9</left>
                        <top>20</top>
                        <width>480</width>
                        <height>160</height>
                        <control type="group">
                          <control type="image">
<visible>String.IsEmpty(ListItem.Thumb)</visible>
                           <top>-5</top>
                            <left>-5</left>
                            <width>890</width>
                            <height>890</height>
                          <texture fallback="appfb.jpg" diffuse="masks/Mask440x440r16.png">$INFO[ListItem.Icon]</texture> 
                          <aspectratio scalediffuse="false" align="center" aligny="center">scale</aspectratio>
                        </control>
                           <control type="image">
<visible>!String.IsEmpty(ListItem.Thumb)</visible>
                        <animation type="Conditional" condition="true">
			<effect type="fade" start="100" end="70" delay="0" time="0" />
		</animation>
                           <top>-5</top>
                            <left>-5</left>
                            <width>890</width>
                            <height>890</height>
                          <texture diffuse="masks/Mask440x440r16.png">color_grey.png</texture> 
                          <colordiffuse>$INFO[Skin.String(gamercolor2)]</colordiffuse>
                        </control>
                                                  <control type="image">
<visible>!String.IsEmpty(ListItem.Thumb)</visible>
                           <top>360</top>
                            <left>360</left>
                            <width>125</width>
                            <height>125</height>
                          <texture diffuse="masks/Mask440x440r16.png">$INFO[ListItem.Thumb]</texture> 
                        </control>
                          <control type="image">
                          <visible>String.IsEmpty(ListItem.Thumb)</visible>
                           <top>-5</top>
                            <left>-5</left>
                            <width>890</width>
                            <height>890</height>
                          <texture diffuse="masks/Mask440x440r16.png">masks\BackgroundMaskBlack.png</texture> 
                          <colordiffuse>8C000000</colordiffuse>
                        </control>
 <control type="label">
                                <top>740</top>
                                <left>70</left>
                                <width>615</width>
                                <textcolor>TextBright</textcolor>
                                <font>EpisodePlot</font>
                                <align>left</align>
                                <label>$INFO[ListItem.label]</label>
                             <scroll>false</scroll>
                            </control>

                             <control type="image">
<animation type="UnFocus">
<effect type="fade" start="100" end="0" delay="0" time="25"/>
		</animation>
<animation type="Focus">
<effect type="fade" start="0" end="100" delay="0" time="25"/>
		</animation>
<animation type="Hidden">
			<effect type="fade" start="100" end="0" delay="0" time="250" />
		</animation>
<animation type="Visible">
			<effect type="fade" start="0" end="100" delay="0" time="150" />
		</animation>
                            <top>-5</top>
                            <left>-5</left>
                            <width>890</width>
                            <height>890</height>
                          <texture border="100" diffuse="masks/Mask440x440r16.png">masks/Selector420x626r16.png</texture> 
                          <visible>Control.HasFocus(901)</visible>
                        </control>

                        </control>
                        
                    </control>
                </focusedlayout>
                <content>
<item id="1">
			<label>$INFO[Skin.String(temprecenname)]</label>
			<thumb>$INFO[Skin.String(temprecenticon)]</thumb>
												<onclick>RunScript($INFO[Skin.String(temprecentexe)])</onclick>
<onclick>Skin.SetString(gamefanart, )</onclick>
<onclick>ActivateWindow(9000)</onclick>
						<visible>Skin.String(temprecenttype, app)</visible>
		</item>
<item id="1">
			<label>$INFO[Skin.String(temprecenname)]</label>
			<thumb>$INFO[Skin.String(temprecenticon)]</thumb>
												<onclick>RunScript($INFO[Skin.String(temprecentexe)])</onclick>
<onclick>Skin.SetString(gamefanart, )</onclick>
<onclick>ActivateWindow(9000)</onclick>
						<visible>Skin.String(temprecenttype, uwpapp) | Skin.String(temprecenttype, winapp)</visible>
		</item>
<item id="1">
			<label>$INFO[Skin.String(temprecenname)]</label>
			<icon>$INFO[Skin.String(temprecenticon)]</icon>
												<onclick>RunScript($INFO[Skin.String(temprecentexe)])</onclick>
														
<onclick>Skin.SetString(gamefanart, $INFO[Skin.String(temprecentart])</onclick>
<onclick>ActivateWindow(9000)</onclick>
<visible>Skin.String(temprecenttype, game)</visible>
		</item>
		<item id="1">
			<label>$INFO[Skin.String(temprecenname)]</label>
			<thumb>$INFO[Skin.String(temprecenticon)]</thumb>
										<onclick>RunScript($INFO[Skin.String(temprecentexe)])</onclick>
														
<onclick>Skin.SetString(gamefanart, )</onclick>
<onclick>ActivateWindow(9000)</onclick>
<visible>Skin.String(temprecenttype, wingame)</visible>
		</item>
		
		<item id="1">
			<label>Welcome to WinDash</label>
			<icon>demo/jump.jpg</icon>
<onclick>ActivateWindow(9001)</onclick>
		<visible>String.IsEmpty(Skin.String(temprecenname)) | String.IsEmpty(Skin.String(temprecenticon))</visible>
		</item>
                 
		
                </content>
            </control>  
                                        </control>
 

<control type="group">
		<animation type="WindowOpen" condition="Window.Previous(Startup)">
					<effect type="fade" start="0" end="100" delay="1300" time="500"/>
		<effect type="zoom" start="90" end="100" delay="1100" time="500" center="1935,935" tween="sine" easing="out"/>
                    </animation>



            <control type="list" id="903">
            
<animation type="Visible">
			<effect type="fade" start="0" end="100" delay="0" time="300" />
			<effect type="slide" start="0,15" end="0,0" delay="0" time="200" tween="sine" easing="inout" />
		</animation>

<animation type="Hidden">
			<effect type="fade" start="100" end="0" delay="0" time="100" />
		</animation>
		<animation type="WindowOpen" condition="Window.Previous(Startup)">
					<effect type="fade" start="0" end="100" delay="1300" time="500"/>
		<effect type="zoom" start="90" end="100" delay="1100" time="500" center="1935,935" tween="sine" easing="out"/>
                    </animation>
<visible>Container(900).HasFocus(1)</visible>
                <left>1241</left>
                <!-- <left>950</left> -->
                <width>3550</width>
                <top>915</top>
                <orientation>horizontal</orientation>
                <focusposition>2</focusposition>

                                <onup>Control.Move(900, -1)</onup>
                <ondown>Control.Move(900, 1)</ondown>
<onright>-</onright>
<onleft>901</onleft>
                <itemlayout width="460" height="360">
                    <control type="group">
                        <left>9</left>
                        <top>20</top>
                        <width>480</width>
                        <height>160</height>
<control type="image">
<animation type="Conditional" condition="true">
			<effect type="fade" start="100" end="50" delay="0" time="0" />
		</animation>
                            <top>0</top>
                            <left>0</left>
                            <width>430</width>
                            <height>430</height>
                          <texture diffuse="masks/Mask440x440r16.png">color_grey.png</texture> 
                          <colordiffuse>$INFO[Skin.String(gamercolor2)]</colordiffuse>
                        </control>
                          <control type="image">
<visible>String.IsEmpty(ListItem.Thumb)</visible>
                            <top>0</top>
                            <left>0</left>
                            <width>430</width>
                            <height>430</height>
                          <texture fallback="apps2.png" diffuse="masks/Mask440x440r16.png">$INFO[ListItem.ActualIcon]</texture> 
                        </control>
<control type="image">
<visible>!String.IsEmpty(ListItem.Thumb)</visible>
                            <top>140</top>
                            <left>150</left>
                              <width>125</width>
                            <height>125</height>
                              <texture fallback="icons/apps.png" diffuse="masks/Mask440x440r16.png">$INFO[ListItem.Thumb]</texture> 
                        </control>
 <control type="label">
                                <top>360</top>
                                <left>20</left>
                                <width>365</width>
                                <textcolor>TextBright</textcolor>
                                <font>SettingsTiles</font>
                                <align>left</align>
                                <label>$INFO[ListItem.label]</label>
                                <scroll>false</scroll>
                            </control>
                    </control>
                </itemlayout>

                <focusedlayout width="460" height="360">
                    <control type="group">
<animation type="Visible">
			<effect type="fade" start="0" end="100" delay="0" time="200" />
		</animation>

<animation type="Hidden">
			<effect type="fade" start="100" end="0" delay="0" time="200" />
		</animation>


                        <left>9</left>
                        <top>20</top>
                        <width>480</width>
                        <height>160</height>
                        <control type="group">
<control type="image">
<animation type="Conditional" condition="true">
			<effect type="fade" start="100" end="50" delay="0" time="0" />
		</animation>
                            <top>0</top>
                            <left>0</left>
                            <width>430</width>
                            <height>430</height>
                          <texture diffuse="masks/Mask440x440r16.png">color_grey.png</texture> 
                          <colordiffuse>$INFO[Skin.String(gamercolor2)]</colordiffuse>
                        </control>
                          <control type="image">
<visible>String.IsEmpty(ListItem.Thumb)</visible>
                            <top>0</top>
                            <left>0</left>
                            <width>430</width>
                            <height>430</height>
                          <texture fallback="apps2.png" diffuse="masks/Mask440x440r16.png">$INFO[ListItem.ActualIcon]</texture> 
                        </control>
<control type="image">
<visible>!String.IsEmpty(ListItem.Thumb)</visible>
                            <top>140</top>
                            <left>150</left>
                              <width>125</width>
                            <height>125</height>
                              <texture fallback="icons/apps.png" diffuse="masks/Mask440x440r16.png">$INFO[ListItem.Thumb]</texture> 
                        </control>
 <control type="label">
                                <top>360</top>
                                <left>20</left>
                                <width>365</width>
                                <textcolor>TextBright</textcolor>
                                <font>SettingsTiles</font>
                                <align>left</align>
                                <label>$INFO[ListItem.label]</label>
                                <scroll>false</scroll>
                            </control>
                             <control type="image">
<animation type="UnFocus">
<effect type="fade" start="100" end="0" delay="0" time="125"/>
		</animation>
<animation type="Focus">
<effect type="fade" start="0" end="100" delay="0" time="125"/>
		</animation>
<animation type="Hidden">
			<effect type="fade" start="100" end="0" delay="0" time="250" />
		</animation>
<animation type="Visible">
			<effect type="fade" start="0" end="100" delay="0" time="150" />
		</animation>
                            <top>-5</top>
                            <left>-5</left>
                            <width>440</width>
                            <height>440</height>
                          <texture border="100" diffuse="masks/Mask440x440r16.png">masks/Selector420x626r16.png</texture> 
                        <visible>Control.HasFocus(903)</visible>
                        </control>

                        </control>
                        
                    </control>
                </focusedlayout>

                <content>
                      <item id="1">
			<label>Games & Apps</label>
			<label2>false</label2>
			<icon>icons/gapps.png</icon>
			<onclick>ActivateWindow(9001)</onclick>
		</item>
		
<item id="1">
			<label>$INFO[Skin.String(recen1name)]</label>
			<thumb>$INFO[Skin.String(recent1icon)]</thumb>
												<onclick>RunScript($INFO[Skin.String(recent1exe)])</onclick>
<onclick>Skin.SetString(gamefanart, )</onclick>
<onclick>ActivateWindow(9000)</onclick>
						<visible>Skin.String(recent1type, uwpapp) | Skin.String(recent1type, winapp)</visible>
		</item>
		<item id="1">
			<label>$INFO[Skin.String(recen1name)]</label>
			<thumb>$INFO[Skin.String(recent1icon)]</thumb>
												<onclick>RunScript($INFO[Skin.String(recent1exe)])</onclick>
<onclick>Skin.SetString(gamefanart, )</onclick>
<onclick>ActivateWindow(9000)</onclick>
						<visible>Skin.String(recent1type, app)</visible>
		</item>
<item id="1">

			<icon>$INFO[Skin.String(recent1icon)]</icon>
												<onclick>RunScript($INFO[Skin.String(recent1exe)])</onclick>
<onclick>Skin.SetString(gamefanart, $INFO[Skin.String(recent1art)])</onclick>
<onclick>ActivateWindow(9000)</onclick>
<visible>Skin.String(recent1type, game)</visible>
		</item>
		<item id="1">
			<label>$INFO[Skin.String(recen1name)]</label>
			<thumb>$INFO[Skin.String(recent1icon)]</thumb>
										<onclick>RunScript($INFO[Skin.String(recent1exe)])</onclick>
<onclick>Skin.SetString(gamefanart, )</onclick>
<onclick>ActivateWindow(9000)</onclick>
<visible>Skin.String(recent1type, wingame)</visible>
		</item>

<item id="1">
			<label>$INFO[Skin.String(recen2name)]</label>
			<thumb>$INFO[Skin.String(recent2icon)]</thumb>
												<onclick>RunScript($INFO[Skin.String(recent2exe)])</onclick>
<onclick>Skin.SetString(gamefanart, )</onclick>
<onclick>ActivateWindow(9000)</onclick>
						<visible>Skin.String(recent2type, uwpapp) | Skin.String(recent2type, winapp)</visible>
		</item>
		<item id="1">
			<label>$INFO[Skin.String(recen2name)]</label>
			<thumb>$INFO[Skin.String(recent2icon)]</thumb>
												<onclick>RunScript($INFO[Skin.String(recent2exe)])</onclick>
<onclick>Skin.SetString(gamefanart, )</onclick>
<onclick>ActivateWindow(9000)</onclick>
						<visible>Skin.String(recent2type, app)</visible>
		</item>
<item id="1">

			<icon>$INFO[Skin.String(recent2icon)]</icon>
												<onclick>RunScript($INFO[Skin.String(recent2exe)])</onclick>	
<onclick>Skin.SetString(gamefanart, $INFO[Skin.String(recent2art)])</onclick>
<onclick>ActivateWindow(9000)</onclick>
<visible>Skin.String(recent2type, game)</visible>
		</item>
		<item id="1">
			<label>$INFO[Skin.String(recen2name)]</label>
			<thumb>$INFO[Skin.String(recent2icon)]</thumb>
										<onclick>RunScript($INFO[Skin.String(recent2exe)])</onclick>
<onclick>Skin.SetString(gamefanart, )</onclick>
<onclick>ActivateWindow(9000)</onclick>
<visible>Skin.String(recent2type, wingame)</visible>
		</item>

<item id="1">
			<label>$INFO[Skin.String(recen3name)]</label>
			<thumb>$INFO[Skin.String(recent3icon)]</thumb>
												<onclick>RunScript($INFO[Skin.String(recent3exe)])</onclick>
<onclick>Skin.SetString(gamefanart, )</onclick>
<onclick>ActivateWindow(9000)</onclick>
						<visible>Skin.String(recent3type, uwpapp) | Skin.String(recent3type, winapp)</visible>
		</item>
		<item id="1">
			<label>$INFO[Skin.String(recen3name)]</label>
			<thumb>$INFO[Skin.String(recent3icon)]</thumb>
												<onclick>RunScript($INFO[Skin.String(recent3exe)])</onclick>
<onclick>Skin.SetString(gamefanart, )</onclick>
<onclick>ActivateWindow(9000)</onclick>
						<visible>Skin.String(recent3type, app)</visible>
		</item>
<item id="1">

			<icon>$INFO[Skin.String(recent3icon)]</icon>
												<onclick>RunScript($INFO[Skin.String(recent3exe)])</onclick>	
<onclick>Skin.SetString(gamefanart, $INFO[Skin.String(recent3art)])</onclick>
<onclick>ActivateWindow(9000)</onclick>
<visible>Skin.String(recent3type, game)</visible>
		</item>
		<item id="1">
			<label>$INFO[Skin.String(recen3name)]</label>
			<thumb>$INFO[Skin.String(recent3icon)]</thumb>
										<onclick>RunScript($INFO[Skin.String(recent3exe)])</onclick>
<onclick>Skin.SetString(gamefanart, )</onclick>
<onclick>ActivateWindow(9000)</onclick>
<visible>Skin.String(recent3type, wingame)</visible>
		</item>

<item id="1">
			<label>$INFO[Skin.String(recen4name)]</label>
			<thumb>$INFO[Skin.String(recent4icon)]</thumb>
												<onclick>RunScript($INFO[Skin.String(recent4exe)])</onclick>
<onclick>Skin.SetString(gamefanart, )</onclick>
<onclick>ActivateWindow(9000)</onclick>
						<visible>Skin.String(recent4type, uwpapp) | Skin.String(recent4type, winapp)</visible>
		</item>
		<item id="1">
			<label>$INFO[Skin.String(recen4name)]</label>
			<thumb>$INFO[Skin.String(recent4icon)]</thumb>
												<onclick>RunScript($INFO[Skin.String(recent4exe)])</onclick>
<onclick>Skin.SetString(gamefanart, )</onclick>
<onclick>ActivateWindow(9000)</onclick>
						<visible>Skin.String(recent4type, app)</visible>
		</item>
<item id="1">

			<icon>$INFO[Skin.String(recent4icon)]</icon>
												<onclick>RunScript($INFO[Skin.String(recent4exe)])</onclick>	
<onclick>Skin.SetString(gamefanart, $INFO[Skin.String(recent4art)])</onclick>
<onclick>ActivateWindow(9000)</onclick>
<visible>Skin.String(recent4type, game)</visible>
		</item>
		<item id="1">
			<label>$INFO[Skin.String(recen4name)]</label>
			<thumb>$INFO[Skin.String(recent4icon)]</thumb>
										<onclick>RunScript($INFO[Skin.String(recent4exe)])</onclick>
<onclick>Skin.SetString(gamefanart, )</onclick>
<onclick>ActivateWindow(9000)</onclick>
<visible>Skin.String(recent4type, wingame)</visible>
		</item>


		</content>
            </control>
            </control>

<control type="group">
	<animation type="WindowOpen" condition="Window.Previous(Startup)">
					<effect type="fade" start="0" end="100" delay="1300" time="500"/>
		<effect type="zoom" start="90" end="100" delay="1100" time="500" center="1935,935" tween="sine" easing="out"/>
                    </animation>

 <control type="group">
<visible>Container(900).HasFocus(1) + !Integer.IsGreater(Container(903).NumItems, 1)</visible>
<left>670</left>
<top>-400</top>
<animation type="Visible">
			<effect type="fade" start="0" end="100" delay="0" time="300" />
			<effect type="slide" start="0,15" end="0,0" delay="0" time="200" tween="sine" easing="inout" />
		</animation>

<animation type="Hidden">
			<effect type="fade" start="100" end="0" delay="0" time="100" />
		</animation>
<control type="image">
<animation type="Conditional" condition="true">
			<effect type="fade" start="100" end="50" delay="0" time="0" />
		</animation>
<colordiffuse>ff303030</colordiffuse>
                            <top>1335</top>
                            <left>1040</left>
                            <width>1812</width>
                            <height>430</height>
                          <texture diffuse="masks/Mask1648x760r16.png">masks/Mask1648x760r16.png</texture> 
                        </control>

<control type="image">

                            <top>1500</top>
                            <left>1140</left>
                            <width>125</width>
                            <height>125</height>
                          <texture diffuse="masks/Mask1648x760r16.png">general/clock.png</texture> 

                        </control>
                        
     <control type="label">

                               <top>580</top>
                            <left>1440</left>
                                <textcolor>TextBright</textcolor>
                                <font>HomeTitle3</font>
                                <align>left</align>
                                <label>Recent</label>
                                    
                            </control>

     <control type="label">

                               <top>750</top>
                            <left>1440</left>
                                <textcolor>TextBright</textcolor>
                                <font>HomeTitle4</font>
                                <align>left</align>
                                <label>As you launch games & apps, they'll appear here.</label>
                                    
                            </control>
                            </control>

<control type="group">
<visible>Container(900).HasFocus(1) + Integer.IsGreater(Container(903).NumItems, 1) + !Integer.IsGreater(Container(903).NumItems, 2)</visible>
<left>1130</left>
<top>-400</top>
<animation type="Visible">
			<effect type="fade" start="0" end="100" delay="0" time="300" />
			<effect type="slide" start="0,15" end="0,0" delay="0" time="200" tween="sine" easing="inout" />
		</animation>

<animation type="Hidden">
			<effect type="fade" start="100" end="0" delay="0" time="100" />
		</animation>
<control type="image">
<animation type="Conditional" condition="true">
			<effect type="fade" start="100" end="50" delay="0" time="0" />
		</animation>
<colordiffuse>ff303030</colordiffuse>
                            <top>1335</top>
                            <left>1040</left>
                            <width>1352</width>
                            <height>430</height>
                          <texture diffuse="masks/Mask1648x760r16.png">masks/Mask1648x760r16.png</texture> 
                        </control>

<control type="image">

                            <top>1500</top>
                            <left>1140</left>
                            <width>125</width>
                            <height>125</height>
                          <texture diffuse="masks/Mask1648x760r16.png">general/clock.png</texture> 

                        </control>
                        
     <control type="label">

                               <top>580</top>
                            <left>1340</left>
                                <textcolor>TextBright</textcolor>
                                <font>HomeTitle3</font>
                                <align>left</align>
                                <label>Recent</label>
                                    
                            </control>

     <control type="label">

                               <top>750</top>
                            <left>1340</left>
                                <textcolor>TextBright</textcolor>
                                <font>HomeTitle4</font>
                                <align>left</align>
                                <label>As you launch games & apps, they'll appear here.</label>
                                    
                            </control>
                            </control>

<control type="group">
<visible>Container(900).HasFocus(1) + Integer.IsGreater(Container(903).NumItems, 2) + !Integer.IsGreater(Container(903).NumItems, 3)</visible>
<left>1590</left>
<top>-400</top>
<animation type="Visible">
			<effect type="fade" start="0" end="100" delay="0" time="300" />
			<effect type="slide" start="0,15" end="0,0" delay="0" time="200" tween="sine" easing="inout" />
		</animation>

<animation type="Hidden">
			<effect type="fade" start="100" end="0" delay="0" time="100" />
		</animation>
<control type="image">
<animation type="Conditional" condition="true">
			<effect type="fade" start="100" end="50" delay="0" time="0" />
		</animation>
<colordiffuse>ff303030</colordiffuse>
                            <top>1335</top>
                            <left>1040</left>
                            <width>892</width>
                            <height>430</height>
                          <texture diffuse="masks/Mask1648x760r16.png">masks/Mask1648x760r16.png</texture> 
                        </control>
                      

     <control type="label">

                               <top>650</top>
                            <left>1200</left>
                                <textcolor>TextBright</textcolor>
                                <font>HomeTitle4</font>
                                <align>left</align>
                                <label>As you launch games & apps[CR]they'll appear here.</label>
                                    
                            </control>
                            </control>

<control type="group">
<visible>Container(900).HasFocus(1) + Integer.IsGreater(Container(903).NumItems, 3) + !Integer.IsGreater(Container(903).NumItems, 4)</visible>
<left>2050</left>
<top>-400</top>
<animation type="Visible">
			<effect type="fade" start="0" end="100" delay="0" time="300" />
			<effect type="slide" start="0,15" end="0,0" delay="0" time="200" tween="sine" easing="inout" />
		</animation>

<animation type="Hidden">
			<effect type="fade" start="100" end="0" delay="0" time="100" />
		</animation>
<control type="image">
<animation type="Conditional" condition="true">
			<effect type="fade" start="100" end="50" delay="0" time="0" />
		</animation>
<colordiffuse>ff303030</colordiffuse>
                            <top>1335</top>
                            <left>1040</left>
                            <width>432</width>
                            <height>430</height>
                          <texture diffuse="masks/Mask1648x760r16.png">masks/Mask1648x760r16.png</texture> 
                        </control>
                      

     <control type="label">

                               <top>650</top>
                            <left>1090</left>
                                <textcolor>TextBright</textcolor>
                                <font>HomeTitle4</font>
                                <align>left</align>
                                <label>Recent apps[CR]will appear here.</label>
                                    
                            </control>
                            </control>
                            </control>
            
           
             
            <control type="fixedlist" id="9001">
            
<animation type="Visible">
			<effect type="fade" start="0" end="100" delay="0" time="300" />
			<effect type="slide" start="0,15" end="0,0" delay="0" time="200" tween="sine" easing="inout" />
		</animation>

<animation type="Hidden">
			<effect type="fade" start="100" end="0" delay="0" time="100" />
		</animation>
		

                <left>1450</left>
                <!-- <left>950</left> -->
                <width>3500</width>
                <height>1000</height>
                <top>470</top>
                <orientation>horizontal</orientation>
                <focusposition>1</focusposition>
     <visible>Container(900).HasFocus(2)</visible>
<onclick condition="String.IsEmpty(ListItem.Label2)">Skin.SetString(temprecenticon, $INFO[ListItem.Path]$INFO[ListItem.Label]/icon.jpg)</onclick>
<onclick condition="String.IsEmpty(ListItem.Label2)">Skin.SetString(temprecentart, $INFO[ListItem.Path]$INFO[ListItem.Label]/fanart.jpg)</onclick>
<onclick condition="String.IsEmpty(ListItem.Label2)">Skin.SetString(temprecenname, $INFO[ListItem.Label])</onclick>
<onclick condition="String.IsEmpty(ListItem.Label2)">Skin.SetString(temprecentexe, $INFO[ListItem.Path]$INFO[ListItem.Label]/app.py)</onclick>
<onclick condition="String.IsEmpty(ListItem.Label2)">Skin.SetString(temprecenttype, game)</onclick>
<onclick condition="String.IsEmpty(ListItem.Label2)">RunScript(special://skin/scripts/recentcontent.py)</onclick>

<onclick condition="String.IsEmpty(ListItem.Label2)">RunScript($INFO[ListItem.Path]$INFO[ListItem.Label]/app.py)</onclick>
<onclick condition="String.IsEmpty(ListItem.Label2)">Skin.SetString(gamefanart, $INFO[ListItem.Path]$INFO[ListItem.Label]/fanart.jpg)</onclick>
<onclick condition="String.IsEmpty(ListItem.Label2)">ActivateWindow(9000)</onclick>



                                   <onup>Control.Move(900, -1)</onup>
                <ondown>Control.SetFocus(9019, 0)</ondown>
<onright>-</onright>
<onleft>900</onleft>
               <itemlayout width="490" height="460">
                    <control type="group">
                        <left>-959</left>
                        <top>20</top>
                        <width>480</width>
                        <height>160</height>
                        <control type="image">
<animation type="Conditional" condition="true">
			<effect type="fade" start="100" end="50" delay="0" time="0" />
		</animation>
                            <top>0</top>
                            <left>0</left>
                            <width>430</width>
                            <height>430</height>
                          <texture diffuse="masks/Mask440x440r16.png">color_grey.png</texture> 
                          <colordiffuse>$INFO[Skin.String(gamercolor2)]</colordiffuse>
                        </control>
                          <control type="image">
                            <top>0</top>
                            <left>0</left>
                            <width>430</width>
                            <height>430</height>
                          <texture fallback="apps2.png" diffuse="masks/Mask440x440r16.png">$INFO[ListItem.Path]$INFO[ListItem.Label]/icon.jpg</texture> 
<aspectratio scalediffuse="false" align="center" aligny="center">scale</aspectratio>
                        </control>
 <control type="label">
                               <top>340</top>
                                <left>30</left>
                                <width>7615</width>
                                <textcolor>TextBright</textcolor>
                                <font>SettingsTiles</font>
                                <align>left</align>
                                <label>$INFO[ListItem.label2]</label>
                            </control>
                    </control>
                </itemlayout>

                <focusedlayout width="490" height="460">
                    <control type="group">
<animation type="Visible">
			<effect type="fade" start="0" end="100" delay="0" time="200" />
		</animation>

<animation type="Hidden">
			<effect type="fade" start="100" end="0" delay="0" time="200" />
		</animation>


                        <left>-959</left>
                        <top>20</top>
                        <width>480</width>
                        <height>160</height>
                        <control type="group">
<control type="image">
<animation type="Conditional" condition="true">
			<effect type="fade" start="100" end="50" delay="0" time="0" />
		</animation>
                            <top>0</top>
                            <left>0</left>
                            <width>430</width>
                            <height>430</height>
                          <texture diffuse="masks/Mask440x440r16.png">color_grey.png</texture> 
                          <colordiffuse>$INFO[Skin.String(gamercolor2)]</colordiffuse>
                        </control>
                          <control type="image">
                            <top>0</top>
                            <left>0</left>
                            <width>430</width>
                            <height>430</height>
                          <texture fallback="apps2.png" diffuse="masks/Mask440x440r16.png">$INFO[ListItem.Path]$INFO[ListItem.Label]/icon.jpg</texture> 
<aspectratio scalediffuse="false" align="center" aligny="center">scale</aspectratio>
                        </control>
 <control type="label">
                               <top>340</top>
                                <left>30</left>
                                <width>7615</width>
                                <textcolor>TextBright</textcolor>
                                <font>SettingsTiles</font>
                                <align>left</align>
                                <label>$INFO[ListItem.label2]</label>
                            </control>

                        </control>
                        
                    </control>
                </focusedlayout>
       <content type="programs">special://xbmc/games</content>
            </control>

  <control type="image">
<animation type="Visible">
			<effect type="fade" start="0" end="100" delay="0" time="300" />
			<effect type="slide" start="0,15" end="0,0" delay="0" time="200" tween="sine" easing="inout" />
		</animation>

<animation type="Hidden">
			<effect type="fade" start="100" end="0" delay="0" time="100" />
		</animation>
                             <top>480</top>
                              <left>329</left>
                            <width>1100</width>
                            <height>630</height>
                            <fadetime>400</fadetime>
                          <texture fallback="appfb.jpg" diffuse="masks/Mask440x440r16.png">$INFO[Container(9001).ListItem.Path]$INFO[Container(9001).ListItem.Label]/fanart.jpg</texture> 
<visible>Integer.IsGreaterOrEqual(Container(9001).NumItems, 1) + Container(900).HasFocus(2)</visible>
                        </control>
  <control type="image">
<animation type="Visible">
			<effect type="fade" start="0" end="100" delay="0" time="250" />
		</animation>

<animation type="Hidden">
			<effect type="fade" start="100" end="0" delay="0" time="100" />
		</animation>
                           <top>480</top>
                              <left>329</left>
                            <width>1100</width>
                            <height>630</height>
                          <texture border="100" diffuse="masks/Mask440x440r16.png">masks/Selector420x626r16.png</texture> 
<visible>Integer.IsGreaterOrEqual(Container(9001).NumItems, 1) + Control.HasFocus(9001) + Container(900).HasFocus(2)</visible>
                        </control>

 <control type="label">
<animation type="Visible">
			<effect type="fade" start="0" end="100" delay="0" time="300" />
			<effect type="slide" start="0,15" end="0,0" delay="0" time="200" tween="sine" easing="inout" />
		</animation>

<animation type="Hidden">
			<effect type="fade" start="100" end="0" delay="0" time="100" />
		</animation>
                               <top>500</top>
                                <left>350</left>
                                <width>7615</width>
                                <textcolor>TextBright</textcolor>
                                <font>HomeTitle8</font>
                                <align>left</align>
                                <label>$INFO[Container(9001).ListItem.Label]</label>
<visible>Integer.IsGreaterOrEqual(Container(9001).NumItems, 1) + Container(900).HasFocus(2)</visible>
                            </control>

 <control type="label">
<animation type="Visible">
			<effect type="fade" start="0" end="100" delay="0" time="300" />
			<effect type="slide" start="0,15" end="0,0" delay="0" time="200" tween="sine" easing="inout" />
		</animation>

<animation type="Hidden">
			<effect type="fade" start="100" end="0" delay="0" time="100" />
		</animation>
                               <top>-1300</top>
                                <left>350</left>
                                <width>7615</width>
                                <textcolor>TextBright</textcolor>
                                <font>WidgetLabel</font>
                                <align>left</align>
                                <label>My Games</label>
<visible>Container(900).HasFocus(2)</visible>
                            </control>

 <control type="label">
<animation type="Visible">
			<effect type="fade" start="0" end="100" delay="0" time="300" />
			<effect type="slide" start="0,15" end="0,0" delay="0" time="200" tween="sine" easing="inout" />
		</animation>

<animation type="Hidden">
			<effect type="fade" start="100" end="0" delay="0" time="100" />
		</animation>
                               <top>-1000</top>
                                <left>350</left>
                                <width>7615</width>
                                <textcolor>TextBright</textcolor>
                                <font>HomeTitle7</font>
                                <align>left</align>
                                <label>Looks like you have nothing installed.[CR]You can import your games using the app manager in games & apps.</label>
<visible>Container(900).HasFocus(2) + !Integer.IsGreaterOrEqual(Container(9001).NumItems, 1)</visible>
                            </control>
                            
                             <control type="label">
<animation type="Visible">
			<effect type="fade" start="0" end="100" delay="0" time="300" />
			<effect type="slide" start="0,15" end="0,0" delay="0" time="200" tween="sine" easing="inout" />
		</animation>

<animation type="Hidden">
			<effect type="fade" start="100" end="0" delay="0" time="100" />
		</animation>
                               <top>-1300</top>
                                <left>350</left>
                                <width>7615</width>
                                <textcolor>TextBright</textcolor>
                                <font>WidgetLabel</font>
                                <align>left</align>
                                <label>My Apps</label>
<visible>Container(900).HasFocus(3)</visible>
                            </control>

   <control type="label">
<animation type="Visible">
			<effect type="fade" start="0" end="100" delay="0" time="300" />
			<effect type="slide" start="0,15" end="0,0" delay="0" time="200" tween="sine" easing="inout" />
		</animation>

<animation type="Hidden">
			<effect type="fade" start="100" end="0" delay="0" time="100" />
		</animation>
                               <top>-1300</top>
                                <left>350</left>
                                <width>7615</width>
                                <textcolor>TextBright</textcolor>
                                <font>WidgetLabel</font>
                                <align>left</align>
                                <label>My UWP Apps</label>
<visible>Container(900).HasFocus(4)</visible>
                            </control>


  <control type="list" id="9019">
<animation type="Visible">
			<effect type="fade" start="0" end="100" delay="0" time="300" />
			<effect type="slide" start="0,15" end="0,0" delay="0" time="200" tween="sine" easing="inout" />
		</animation>

<animation type="Hidden">
			<effect type="fade" start="100" end="0" delay="0" time="100" />
		</animation>
		<visible>Integer.IsGreaterOrEqual(Container(9001).NumItems, 1) + Container(900).HasFocus(2)</visible>

                <left>340</left>
                <!-- <left>950</left> -->
                <width>3550</width>
                <top>1430</top>
                <orientation>horizontal</orientation>
                <focusposition>2</focusposition>

                <onup>9001</onup>
                <ondown>Control.Move(900, 1)</ondown>
<onright>-</onright>
<onleft>900</onleft>
                <itemlayout width="460" height="260">
                    <control type="group">
                        <left>9</left>
                        <top>20</top>
                        <width>480</width>
                        <height>160</height>
                        <control type="image">
<animation type="Conditional" condition="true">
			<effect type="fade" start="100" end="50" delay="0" time="0" />
		</animation>
                            <top>0</top>
                            <left>0</left>
                            <width>410</width>
                            <height>130</height>
                          <texture diffuse="masks/Mask440x440r16.png">color_grey.png</texture> 
                          <colordiffuse>$INFO[Skin.String(gamercolor2)]</colordiffuse>
                        </control>
<control type="image">
                            <top>35</top>
                            <left>20</left>
                            <width>70</width>
                            <height>70</height>
                          <texture diffuse="masks/Mask440x440r16.png">$INFO[ListItem.Label2]</texture> 
                        </control>
 <control type="label">
                                <top>-30</top>
                                <left>110</left>
                                <width>7615</width>
                                <textcolor>TextBright</textcolor>
                                <font>EpisodePlot</font>
                                <align>left</align>
                                <label>$INFO[ListItem.label]</label>
                            </control>
                    </control>
                </itemlayout>

                <focusedlayout width="460" height="260">
                    <control type="group">
<animation type="Visible">
			<effect type="fade" start="0" end="100" delay="0" time="200" />
		</animation>

<animation type="Hidden">
			<effect type="fade" start="100" end="0" delay="0" time="200" />
		</animation>


                        <left>9</left>
                        <top>20</top>
                        <width>480</width>
                        <height>160</height>
                        <control type="group">
<control type="image">
<animation type="Conditional" condition="true">
			<effect type="fade" start="100" end="50" delay="0" time="0" />
		</animation>
                            <top>0</top>
                            <left>0</left>
                            <width>410</width>
                            <height>130</height>
                          <texture diffuse="masks/Mask440x440r16.png">color_grey.png</texture> 
                         <colordiffuse>$INFO[Skin.String(gamercolor2)]</colordiffuse>
                        </control>
<control type="image">
                            <top>35</top>
                            <left>20</left>
                            <width>70</width>
                            <height>70</height>
                          <texture diffuse="masks/Mask440x440r16.png">$INFO[ListItem.Label2]</texture> 
                        </control>
 <control type="label">
                                <top>-30</top>
                                <left>110</left>
                                <width>7615</width>
                                <textcolor>TextBright</textcolor>
                                <font>EpisodePlot</font>
                                <align>left</align>
                                <label>$INFO[ListItem.label]</label>
                            </control>
                             <control type="image">
<animation type="UnFocus">
<effect type="fade" start="100" end="0" delay="0" time="125"/>
		</animation>
<animation type="Focus">
<effect type="fade" start="0" end="100" delay="0" time="125"/>
		</animation>
<animation type="Hidden">
			<effect type="fade" start="100" end="0" delay="0" time="0" />
		</animation>
<animation type="Visible">
			<effect type="fade" start="0" end="100" delay="0" time="200" />
		</animation>
                            <top>-5</top>
                            <left>-5</left>
                            <width>420</width>
                            <height>140</height>
                          <texture border="50" diffuse="masks/Mask440x440r16.png">masks/Selector420x626r16.png</texture> 
                        <visible>Control.HasFocus(9019)</visible>
                        </control>

                        </control>
                        
                    </control>
                </focusedlayout>
                <content>
                  

<item id="1">
			<label>Play</label>
			<label2>icons/play-line.png</label2>
			<icon>-</icon>

<onclick>Skin.SetString(temprecenticon, $INFO[Container(9001).ListItem.Path]$INFO[Container(9001).ListItem.Label]/icon.jpg)</onclick>
<onclick>Skin.SetString(temprecentart, $INFO[Container(9001).ListItem.Path]$INFO[Container(9001).ListItem.Label]/fanart.jpg)</onclick>
<onclick>Skin.SetString(temprecenname, $INFO[Container(9001).ListItem.Label])</onclick>
<onclick>Skin.SetString(temprecentexe, $INFO[Container(9001).ListItem.Path]$INFO[Container(9001).ListItem.Label]/app.py)</onclick>
<onclick>Skin.SetString(temprecenttype, game)</onclick>
<onclick>RunScript(special://skin/scripts/recentcontent.py)</onclick>

<onclick>RunScript($INFO[Container(9001).ListItem.Path]$INFO[Container(9001).ListItem.Label]/app.py)</onclick>
<onclick>Skin.SetString(gamefanart, $INFO[Container(9001).ListItem.Path]$INFO[Container(9001).ListItem.Label]/fanart.jpg)</onclick>
<onclick>ActivateWindow(9000)</onclick>
		</item>
		<item id="2">
			<label>Manage</label>
			<label2>icons/hdd.png</label2>
			<icon>-</icon>
	<onclick>ActivateWindow(9009)</onclick>
		</item>


	
		
                </content>
            </control>
            
            
      
            
                        <control type="panel" id="901">
            
<animation type="Visible">
			<effect type="fade" start="0" end="100" delay="0" time="300" />
			<effect type="slide" start="0,15" end="0,0" delay="0" time="200" tween="sine" easing="inout" />
		</animation>

<animation type="Hidden">
			<effect type="fade" start="100" end="0" delay="0" time="100" />
		</animation>
		

                
                <onclick condition="String.IsEmpty(ListItem.Label2)">Skin.SetString(temprecenticon, $INFO[ListItem.Path]$INFO[ListItem.Label]/icon.png)</onclick>
<onclick condition="String.IsEmpty(ListItem.Label2)">Skin.SetString(temprecenname, $INFO[ListItem.Label])</onclick>
<onclick condition="String.IsEmpty(ListItem.Label2)">Skin.SetString(temprecentexe, $INFO[ListItem.Path]$INFO[ListItem.Label]/app.py)</onclick>
<onclick condition="String.IsEmpty(ListItem.Label2)">Skin.SetString(temprecenttype, app)</onclick>
<onclick condition="String.IsEmpty(ListItem.Label2)">RunScript(special://skin/scripts/recentcontent.py)</onclick>

<onclick condition="String.IsEmpty(ListItem.Label2)">RunScript($INFO[ListItem.Path]$INFO[ListItem.Label]/app.py)</onclick>
<onclick condition="String.IsEmpty(ListItem.Label2)">Skin.SetString(gamefanart, )</onclick>
<onclick condition="String.IsEmpty(ListItem.Label2)">ActivateWindow(9000)</onclick>


                   <visible>Container(900).HasFocus(3) + Skin.HasSetting(appstab)</visible>
                <left>320</left>
                <!-- <left>950</left> -->
                <width>3500</width>
                <height>1600</height>
                <top>460</top>
                <orientation>vertical</orientation>
                <focusposition>2</focusposition>

                <onup>Control.Move(900, -1)</onup>
                <ondown>Control.Move(900, 1)</ondown>
<onright>-</onright>
<onleft>900</onleft>
              <itemlayout width="460" height="460">
                    <control type="group">
                        <left>9</left>
                        <top>20</top>
                        <width>480</width>
                        <height>160</height>
                        <control type="image">
<animation type="Conditional" condition="true">
			<effect type="fade" start="100" end="50" delay="0" time="0" />
		</animation>
                            <top>0</top>
                            <left>0</left>
                            <width>430</width>
                            <height>430</height>
                          <texture diffuse="masks/Mask440x440r16.png">color_grey.png</texture> 
                          <colordiffuse>$INFO[Skin.String(gamercolor2)]</colordiffuse>
                        </control>

<control type="image">
                            <top>140</top>
                            <left>150</left>
                            <width>125</width>
                            <height>125</height>
                         <texture fallback="icons/apps.png" diffuse="masks/Mask440x440r16.png">$INFO[ListItem.Icon]$INFO[ListItem.Path]$INFO[ListItem.Label]/icon.png</texture> 
                        </control>
 <control type="label">
                               <top>340</top>
                                <left>30</left>
                                <width>370</width>
                                <textcolor>TextBright</textcolor>
                                <font>SettingsTiles</font>
                                <align>left</align>
                                <label>$INFO[ListItem.label]</label>
                                <scroll>false</scroll>
                            </control>
                    </control>
                </itemlayout>

                <focusedlayout width="460" height="460">
                    <control type="group">
<animation type="Visible">
			<effect type="fade" start="0" end="100" delay="0" time="200" />
		</animation>

<animation type="Hidden">
			<effect type="fade" start="100" end="0" delay="0" time="200" />
		</animation>


                        <left>9</left>
                        <top>20</top>
                        <width>480</width>
                        <height>160</height>
                        <control type="group">
<control type="image">
<animation type="Conditional" condition="true">
			<effect type="fade" start="100" end="50" delay="0" time="0" />
		</animation>
                            <top>0</top>
                            <left>0</left>
                            <width>430</width>
                            <height>430</height>
                          <texture diffuse="masks/Mask440x440r16.png">color_grey.png</texture> 
                          <colordiffuse>$INFO[Skin.String(gamercolor2)]</colordiffuse>
                        </control>
<control type="image">
                            <top>140</top>
                            <left>150</left>
                            <width>125</width>
                            <height>125</height>
                            <texture fallback="icons/apps.png" diffuse="masks/Mask440x440r16.png">$INFO[ListItem.Icon]$INFO[ListItem.Path]$INFO[ListItem.Label]/icon.png</texture> 
                        </control>
 <control type="label">
                               <top>340</top>
                                <left>30</left>
                                <width>370</width>
                                <textcolor>TextBright</textcolor>
                                <font>SettingsTiles</font>
                                <align>left</align>
                                <label>$INFO[ListItem.label]</label>
                                <scroll>false</scroll>
                            </control>
                             <control type="image">
<animation type="UnFocus">
<effect type="fade" start="100" end="0" delay="0" time="125"/>
		</animation>
<animation type="Focus">
<effect type="fade" start="0" end="100" delay="0" time="125"/>
		</animation>
<animation type="Hidden">
			<effect type="fade" start="100" end="0" delay="0" time="250" />
		</animation>
<animation type="Visible">
			<effect type="fade" start="0" end="100" delay="0" time="150" />
		</animation>
                            <top>-5</top>
                            <left>-5</left>
                            <width>440</width>
                            <height>440</height>
                          <texture border="100" diffuse="masks/Mask440x440r16.png">masks/Selector420x626r16.png</texture> 
                        <visible>Control.HasFocus(901)</visible>
                        </control>

                        </control>
                        
                    </control>
                </focusedlayout>
                <content>
 <item id="0">
 <label>Manage</label>
			<label2>Manage</label2>
			<icon>icons/hdd.png</icon>
			<onclick>ActivateWindow(9009)</onclick>

		</item>
		
                </content>
<content>
              
  
 

	
		
                </content>
               <content type="programs">special://xbmc/apps</content>

            </control>  
     

<control type="panel" id="901">
            
<animation type="Visible">
			<effect type="fade" start="0" end="100" delay="0" time="300" />
			<effect type="slide" start="0,15" end="0,0" delay="0" time="200" tween="sine" easing="inout" />
		</animation>

<animation type="Hidden">
			<effect type="fade" start="100" end="0" delay="0" time="100" />
		</animation>
		
		<onclick condition="String.IsEmpty(ListItem.Label2)">Skin.SetString(temprecenticon, $INFO[ListItem.Path]$INFO[ListItem.Label]/icon.png)</onclick>
<onclick condition="String.IsEmpty(ListItem.Label2)">Skin.SetString(temprecenname, $INFO[ListItem.Label])</onclick>
<onclick condition="String.IsEmpty(ListItem.Label2)">Skin.SetString(temprecentexe, $INFO[ListItem.Path]$INFO[ListItem.Label]/app.py)</onclick>
<onclick condition="String.IsEmpty(ListItem.Label2)">Skin.SetString(temprecenttype, uwpapp)</onclick>
<onclick condition="String.IsEmpty(ListItem.Label2)">RunScript(special://skin/scripts/recentcontent.py)</onclick>


<onclick condition="String.IsEmpty(ListItem.Label2)">RunScript($INFO[ListItem.Path]$INFO[ListItem.Label]/app.py)</onclick>
<onclick condition="String.IsEmpty(ListItem.Label2)">Skin.SetString(gamefanart, )</onclick>
<onclick condition="String.IsEmpty(ListItem.Label2)">ActivateWindow(9000)</onclick>



               <visible>Container(900).HasFocus(4) + Skin.HasSetting(generateuwp) + Skin.HasSetting(uwptab)</visible>
                <left>320</left>
                <!-- <left>950</left> -->
                <width>3500</width>
                <height>1600</height>
                <top>460</top>
                <orientation>vertical</orientation>
                <focusposition>2</focusposition>

                <onup>Control.Move(900, -1)</onup>
                <ondown>Control.Move(900, 1)</ondown>
<onright>-</onright>
<onleft>900</onleft>
                <itemlayout width="460" height="460">
                    <control type="group">
                        <left>9</left>
                        <top>20</top>
                        <width>480</width>
                        <height>160</height>
                        <control type="image">
<animation type="Conditional" condition="true">
			<effect type="fade" start="100" end="50" delay="0" time="0" />
		</animation>
                            <top>0</top>
                            <left>0</left>
                            <width>430</width>
                            <height>430</height>
                          <texture diffuse="masks/Mask440x440r16.png">color_grey.png</texture> 
                          <colordiffuse>$INFO[Skin.String(gamercolor2)]</colordiffuse>
                        </control>
<control type="image">
                            <top>140</top>
                            <left>150</left>
                            <width>125</width>
                            <height>125</height>
                         <texture fallback="icons/apps.png" diffuse="masks/Mask440x440r16.png">$INFO[ListItem.Path]$INFO[ListItem.Label]/icon.png</texture> 
                        </control>
 <control type="label">
                               <top>340</top>
                                <left>30</left>
                                <width>370</width>
                                <textcolor>TextBright</textcolor>
                                <font>SettingsTiles</font>
                                <align>left</align>
                                <label>$INFO[ListItem.label]</label>
                                <scroll>false</scroll>
                            </control>
                    </control>
                </itemlayout>

                <focusedlayout width="460" height="460">
                    <control type="group">
<animation type="Visible">
			<effect type="fade" start="0" end="100" delay="0" time="200" />
		</animation>

<animation type="Hidden">
			<effect type="fade" start="100" end="0" delay="0" time="200" />
		</animation>


                        <left>9</left>
                        <top>20</top>
                        <width>480</width>
                        <height>160</height>
                        <control type="group">
<control type="image">
<animation type="Conditional" condition="true">
			<effect type="fade" start="100" end="50" delay="0" time="0" />
		</animation>
                            <top>0</top>
                            <left>0</left>
                            <width>430</width>
                            <height>430</height>
                          <texture diffuse="masks/Mask440x440r16.png">color_grey.png</texture> 
                          <colordiffuse>$INFO[Skin.String(gamercolor2)]</colordiffuse>
                        </control>
<control type="image">
                            <top>140</top>
                            <left>150</left>
                            <width>125</width>
                            <height>125</height>
                            <texture fallback="icons/apps.png" diffuse="masks/Mask440x440r16.png">$INFO[ListItem.Path]$INFO[ListItem.Label]/icon.png</texture> 
                        </control>
 <control type="label">
                               <top>340</top>
                                <left>30</left>
                                <width>370</width>
                                <textcolor>TextBright</textcolor>
                                <font>SettingsTiles</font>
                                <align>left</align>
                                <label>$INFO[ListItem.label]</label>
                                <scroll>false</scroll>
                            </control>
                             <control type="image">
<animation type="UnFocus">
<effect type="fade" start="100" end="0" delay="0" time="125"/>
		</animation>
<animation type="Focus">
<effect type="fade" start="0" end="100" delay="0" time="125"/>
		</animation>
<animation type="Hidden">
			<effect type="fade" start="100" end="0" delay="0" time="250" />
		</animation>
<animation type="Visible">
			<effect type="fade" start="0" end="100" delay="0" time="150" />
		</animation>
                            <top>-5</top>
                            <left>-5</left>
                            <width>440</width>
                            <height>440</height>
                          <texture border="100" diffuse="masks/Mask440x440r16.png">masks/Selector420x626r16.png</texture> 
                        <visible>Control.HasFocus(901)</visible>
                        </control>

                        </control>
                        
                    </control>
                </focusedlayout>

<content type="programs">special://xbmc/uwpapps</content>
                
            </control>


        </control>



<control type="group">
                    		<animation type="WindowOpen" condition="Window.Previous(Startup)">
			<effect type="fade" start="0" end="100" delay="500" time="300"/>
		<effect type="slide" start="0,15" end="0,0" delay="500" time="200" tween="sine" easing="inout"/>
                    </animation>

		<animation type="WindowOpen" condition="!Window.Previous(Startup)">
			<effect type="fade" start="0" end="100" delay="0" time="300"/>
			<effect type="slide" start="0,15" end="0,0" delay="0" time="200" tween="sine" easing="inout"/>
                    </animation>
<left>70</left>
<top>200</top>
<control type="image">
<animation type="Visible">
			<effect type="fade" start="0" end="100" delay="0" time="300"/>
		</animation>
<animation type="Hidden">
			<effect type="fade" start="100" end="0" delay="0" time="300"/>
		</animation>
                            <top>30</top>
                            <left>3375</left>
                            <width>60</width>
                            <height>60</height>
                          <texture>icons\nowifi.png</texture> 
                          <visible>!System.InternetState</visible>
                        </control>
<control type="image">
<animation type="Visible">
			<effect type="fade" start="0" end="100" delay="0" time="300"/>
		</animation>
<animation type="Hidden">
			<effect type="fade" start="100" end="0" delay="0" time="300"/>
		</animation>
                            <top>30</top>
                            <left>3375</left>
                            <width>60</width>
                            <height>60</height>
                          <texture>icons\wifi.png</texture> 
                          <visible>System.InternetState</visible>
                        </control>

 <control type="label">
                                 <top>-1832</top>
                                <posx>2570</posx>
                                <textcolor>TextBright</textcolor>
                                <font>font27</font>
                                <align>center</align>
                                <label>$INFO[System.Time]</label>
                            </control>

</control>

    </include>

</includes>