﻿<?xml version="1.0" encoding="UTF-8"?>

<includes>

    <include name="XBMenu">



        <control type="group">
        <posx>-30</posx>
                    <top>0</top>
<animation type="Conditional" condition="Control.HasFocus(9001)">
			<effect type="slide" start="0,0" end="0,-1600" delay="0" time="250" tween="sine" easing="inout" />
		</animation>
<animation type="Conditional" condition="Control.HasFocus(9002)">
			<effect type="slide" start="0,0" end="0,-3200" delay="0" time="250" tween="sine" easing="inout" />
		</animation>

<animation type="Conditional" condition="Control.HasFocus(9003)">
			<effect type="slide" start="0,0" end="0,-4800" delay="0" time="250" tween="sine" easing="inout" />
		</animation>


		<animation type="WindowOpen" condition="!Window.Previous(Startup)">
			<effect type="fade" start="0" end="100" delay="0" time="300"/>
			<effect type="slide" start="0,15" end="0,0" delay="0" time="200" tween="sine" easing="inout"/>
                    </animation>
<animation type="WindowClose">
			<effect type="fade" start="100" end="0" delay="0" time="200"/>
			<effect type="zoom" start="100" end="120" delay="0" time="400" center="auto" tween="sine" easing="inout"/>
                    </animation>
            <left>0</left>
            <top>0</top>
     
      
                        

           
            
                            <control type="group">
	<animation type="WindowOpen" condition="Window.Previous(Startup)">
					<effect type="fade" start="0" end="100" delay="1000" time="500"/>
		<effect type="zoom" start="50" end="100" delay="1000" time="500" center="935,935" tween="sine" easing="out"/>
                    </animation>                            

                          <control type="panel" id="900">
                                      		<animation type="WindowOpen" condition="Window.Previous(Startup)">
					<effect type="fade" start="0" end="100" delay="1000" time="500"/>
		<effect type="zoom" start="50" end="100" delay="1000" time="500" center="935,935" tween="sine" easing="out"/>
                    </animation>
                    
<animation type="Visible">
			<effect type="fade" start="0" end="100" delay="0" time="300" />
			<effect type="slide" start="0,15" end="0,0" delay="0" time="200" tween="sine" easing="inout" />
		</animation>

<animation type="Hidden">
			<effect type="fade" start="100" end="0" delay="0" time="100" />
		</animation>
		


                <left>311</left>
                <!-- <left>950</left> -->
                <width>4000</width>
                <height>850</height>
                <top>460</top>
                <orientation>horizontal</orientation>
                <focusposition>2</focusposition>

                <onup>Control.Move(900, -1)</onup>
                <ondown>Control.SetFocus(9011,0)</ondown>
<onright>Control.SetFocus(903, 0)</onright>
<onleft>900</onleft>
                <itemlayout width="650" height="120">
                    <control type="group">
                        <left>9</left>
                        <top>20</top>
                        <width>480</width>
                        <height>160</height>
                          <control type="image">
<visible>String.IsEmpty(ListItem.Thumb)</visible>
                           <top>-5</top>
                            <left>-5</left>
                            <width>790</width>
                            <height>790</height>
                                                <texture fallback="appfb.jpg" diffuse="masks/Mask440x440r16.png">$INFO[ListItem.Icon]</texture> 
                          <aspectratio scalediffuse="false" align="center" aligny="center">scale</aspectratio>
                        </control>
                        <control type="image">
<visible>!String.IsEmpty(ListItem.Thumb)</visible>
                        <animation type="Conditional" condition="true">
			<effect type="fade" start="100" end="80" delay="0" time="0" />
		</animation>
                           <top>-5</top>
                            <left>-5</left>
                            <width>790</width>
                            <height>790</height>
                          <texture diffuse="masks/Mask440x440r16.png">color_grey.png</texture> 
                          <colordiffuse>$INFO[Skin.String(gamercolor2)]</colordiffuse>
                        </control>
                                                  <control type="image">
<visible>!String.IsEmpty(ListItem.Thumb)</visible>
                           <top>330</top>
                            <left>330</left>
                            <width>125</width>
                            <height>125</height>
                          <texture diffuse="masks/Mask440x440r16.png">$INFO[ListItem.Thumb]</texture> 
                        </control>
                          <control type="image">
                          <visible>String.IsEmpty(ListItem.Thumb)</visible>
                           <top>-5</top>
                            <left>-5</left>
                            <width>790</width>
                            <height>790</height>
                          <texture diffuse="masks/Mask440x440r16.png">masks\BackgroundMaskBlack.png</texture> 
                          <colordiffuse>8C000000</colordiffuse>
                        </control>


                    </control>
                </itemlayout>

                <focusedlayout width="650" height="120">
                    <control type="group">
<animation type="Visible">
			<effect type="fade" start="0" end="100" delay="0" time="200" />
		</animation>

<animation type="Hidden">
			<effect type="fade" start="100" end="0" delay="0" time="200" />
		</animation>


                        <left>9</left>
                        <top>20</top>
                        <width>480</width>
                        <height>160</height>
                        <control type="group">
                          <control type="image">
<visible>String.IsEmpty(ListItem.Thumb)</visible>
                           <top>-5</top>
                            <left>-5</left>
                            <width>790</width>
                            <height>790</height>
                          <texture fallback="appfb.jpg" diffuse="masks/Mask440x440r16.png">$INFO[ListItem.Icon]</texture> 
                          <aspectratio scalediffuse="false" align="center" aligny="center">scale</aspectratio>
                        </control>
                           <control type="image">
<visible>!String.IsEmpty(ListItem.Thumb)</visible>
                        <animation type="Conditional" condition="true">
			<effect type="fade" start="100" end="80" delay="0" time="0" />
		</animation>
                           <top>-5</top>
                            <left>-5</left>
                            <width>790</width>
                            <height>790</height>
                          <texture diffuse="masks/Mask440x440r16.png">color_grey.png</texture> 
                          <colordiffuse>$INFO[Skin.String(gamercolor2)]</colordiffuse>
                        </control>
                                                  <control type="image">
<visible>!String.IsEmpty(ListItem.Thumb)</visible>
                           <top>330</top>
                            <left>330</left>
                            <width>125</width>
                            <height>125</height>
                          <texture diffuse="masks/Mask440x440r16.png">$INFO[ListItem.Thumb]</texture> 
                        </control>
                          <control type="image">
                          <visible>String.IsEmpty(ListItem.Thumb)</visible>
                           <top>-5</top>
                            <left>-5</left>
                            <width>790</width>
                            <height>790</height>
                          <texture diffuse="masks/Mask440x440r16.png">masks\BackgroundMaskBlack.png</texture> 
                          <colordiffuse>8C000000</colordiffuse>
                        </control>
                           <control type="image">
<visible>!String.IsEmpty(ListItem.Label) + Control.HasFocus(900)</visible>
                        <animation type="Conditional" condition="true">
			<effect type="fade" start="100" end="70" delay="0" time="0" />
		</animation>
<animation type="UnFocus">
<effect type="slide" start="0,0" end="0,100" delay="0" time="250" tween="sine" easing="out"/>
<effect type="fade" start="100" end="0" delay="0" time="70"/>
		</animation>
<animation type="Focus">
<effect type="fade" start="0" end="100" delay="0" time="250"/>
<effect type="slide" start="0,100" end="0,0" delay="0" time="70" tween="sine" easing="out"/>
		</animation>

                           <top>645</top>
                            <left>-5</left>
                            <width>790</width>
                            <height>135</height>
                          <texture diffuse="masks/Mask440x440r16.png">color_grey.png</texture> 
                          <colordiffuse>black</colordiffuse>
                        </control>
 <control type="label">
<animation type="UnFocus">
<effect type="slide" start="0,0" end="0,100" delay="0" time="250" tween="sine" easing="out"/>
<effect type="fade" start="100" end="0" delay="0" time="70"/>
		</animation>
<animation type="Focus">
<effect type="fade" start="0" end="100" delay="0" time="250"/>
<effect type="slide" start="0,100" end="0,0" delay="0" time="70" tween="sine" easing="out"/>
		</animation>
                                <top>710</top>
                                <left>70</left>
                                <width>615</width>
                                <textcolor>TextBright</textcolor>
                                <font>SettingsTiles</font>
                                <align>left</align>
                                <label>$INFO[ListItem.label]</label>
                             <scroll>false</scroll>
                            </control>

                             <control type="image">
<animation type="UnFocus">
<effect type="fade" start="100" end="0" delay="0" time="25"/>
		</animation>
<animation type="Focus">
<effect type="fade" start="0" end="100" delay="0" time="25"/>
		</animation>
<animation type="Hidden">
			<effect type="fade" start="100" end="0" delay="0" time="250" />
		</animation>
<animation type="Visible">
			<effect type="fade" start="0" end="100" delay="0" time="150" />
		</animation>
                            <top>-5</top>
                            <left>-5</left>
                            <width>790</width>
                            <height>790</height>
                          <texture border="100" diffuse="masks/Mask440x440r16.png">masks/Selector420x626r16.png</texture> 
                          <visible>Control.HasFocus(900)</visible>
                        </control>

                        </control>
                        
                    </control>
                </focusedlayout>
                <content>
<item id="1">
			<label>$INFO[Skin.String(temprecenname)]</label>
			<thumb>$INFO[Skin.String(temprecenticon)]</thumb>
												<onclick>RunScript($INFO[Skin.String(temprecentexe)])</onclick>
<onclick>Skin.SetString(gamefanart, )</onclick>
<onclick>ActivateWindow(9000)</onclick>
						<visible>Skin.String(temprecenttype, app)</visible>
		</item>
<item id="1">
			<label>$INFO[Skin.String(temprecenname)]</label>
			<thumb>$INFO[Skin.String(temprecenticon)]</thumb>
												<onclick>RunScript($INFO[Skin.String(temprecentexe)])</onclick>
<onclick>Skin.SetString(gamefanart, )</onclick>
<onclick>ActivateWindow(9000)</onclick>
						<visible>Skin.String(temprecenttype, uwpapp) | Skin.String(temprecenttype, winapp)</visible>
		</item>
<item id="1">
			<label>$INFO[Skin.String(temprecenname)]</label>
			<icon>$INFO[Skin.String(temprecenticon)]</icon>
												<onclick>RunScript($INFO[Skin.String(temprecentexe)])</onclick>
														
<onclick>Skin.SetString(gamefanart, $INFO[Skin.String(temprecentart])</onclick>
<onclick>ActivateWindow(9000)</onclick>
<visible>Skin.String(temprecenttype, game)</visible>
		</item>
		<item id="1">
			<label>$INFO[Skin.String(temprecenname)]</label>
			<thumb>$INFO[Skin.String(temprecenticon)]</thumb>
										<onclick>RunScript($INFO[Skin.String(temprecentexe)])</onclick>
														
<onclick>Skin.SetString(gamefanart, )</onclick>
<onclick>ActivateWindow(9000)</onclick>
<visible>Skin.String(temprecenttype, wingame)</visible>
		</item>
		
		<item id="1">
			<label>Welcome to WinDash</label>
			<icon>demo/jump.jpg</icon>
<onclick>ActivateWindow(9001)</onclick>
		<visible>String.IsEmpty(Skin.String(temprecenname)) | String.IsEmpty(Skin.String(temprecenticon))</visible>
		</item>
                 
		
                </content>
            </control>  


 <control type="panel" id="9011">
		<animation type="WindowOpen" condition="Window.Previous(Startup)">
					<effect type="fade" start="0" end="100" delay="1500" time="500"/>
		<effect type="zoom" start="90" end="100" delay="1300" time="500" center="1935,935" tween="sine" easing="out"/>
                    </animation>
                    
<animation type="Visible">
			<effect type="fade" start="0" end="100" delay="0" time="300" />
			<effect type="slide" start="0,15" end="0,0" delay="0" time="200" tween="sine" easing="inout" />
		</animation>

<animation type="Hidden">
			<effect type="fade" start="100" end="0" delay="0" time="100" />
		</animation>
		


                <left>311</left>
                <!-- <left>950</left> -->
                <width>4000</width>
                <height>600</height>
                <top>1275</top>
                <orientation>horizontal</orientation>
                <focusposition>2</focusposition>

                <onup>900</onup>
                <ondown>9001</ondown>
<onright>-</onright>
<onleft>-</onleft>
                <itemlayout width="809" height="810">
                    <control type="group">
                        <left>9</left>
                        <top>20</top>
                        <width>480</width>
                        <height>560</height>
                          <control type="image">
<visible>String.IsEmpty(ListItem.Thumb)</visible>
                           <top>-5</top>
                            <left>-5</left>
                            <width>787</width>
                            <height>395</height>
                                                <texture fallback="appfb.jpg" diffuse="masks/mask1648x760r16.png">$INFO[ListItem.Icon]</texture> 
                          <aspectratio scalediffuse="false" align="center" aligny="center">scale</aspectratio>
                        </control>
                        <control type="image">
<visible>!String.IsEmpty(ListItem.Thumb) + !String.IsEmpty(ListItem.Label2)</visible>
                        <animation type="Conditional" condition="true">
			<effect type="fade" start="100" end="90" delay="0" time="0" />
		</animation>
                           <top>-5</top>
                            <left>-5</left>
                            <width>787</width>
                            <height>395</height>
                          <texture diffuse="masks/mask1648x760r16.png">color_grey.png</texture> 
<colordiffuse>ff303030</colordiffuse>
                        </control>
                        <control type="image">
<visible>!String.IsEmpty(ListItem.Thumb) + String.IsEmpty(ListItem.Label2)</visible>
                        <animation type="Conditional" condition="true">
			<effect type="fade" start="100" end="80" delay="0" time="0" />
		</animation>
                           <top>-5</top>
                            <left>-5</left>
                            <width>787</width>
                            <height>395</height>
                          <texture diffuse="masks/mask1648x760r16.png">color_grey.png</texture> 
                          <colordiffuse>$INFO[Skin.String(gamercolor2)]</colordiffuse>
                        </control>
                                                  <control type="image">
<visible>!String.IsEmpty(ListItem.Thumb)</visible>
                           <top>125</top>
                            <left>330</left>
                            <width>125</width>
                            <height>125</height>
                          <texture diffuse="masks/mask1648x760r16.png">$INFO[ListItem.Thumb]</texture> 
                        </control>
                          <control type="image">
                          <visible>String.IsEmpty(ListItem.Thumb)</visible>
                           <top>-5</top>
                            <left>-5</left>
                            <width>787</width>
                            <height>395</height>
                          <texture diffuse="masks/mask1648x760r16.png">masks\BackgroundMaskBlack.png</texture> 
                          <colordiffuse>8C000000</colordiffuse>
                        </control>

                    </control>
                </itemlayout>

                <focusedlayout width="809" height="810">
                    <control type="group">
<animation type="Visible">
			<effect type="fade" start="0" end="100" delay="0" time="200" />
		</animation>

<animation type="Hidden">
			<effect type="fade" start="100" end="0" delay="0" time="200" />
		</animation>


                        <left>9</left>
                        <top>20</top>
                        <width>480</width>
                        <height>560</height>
                        <control type="group">
                                                                        <control type="image">
<visible>String.IsEmpty(ListItem.Thumb)</visible>
                           <top>-5</top>
                            <left>-5</left>
                            <width>787</width>
                            <height>395</height>
                                                <texture fallback="appfb.jpg" diffuse="masks/mask1648x760r16.png">$INFO[ListItem.Icon]</texture> 
                          <aspectratio scalediffuse="false" align="center" aligny="center">scale</aspectratio>
                        </control>
                        <control type="image">
<visible>!String.IsEmpty(ListItem.Thumb) + !String.IsEmpty(ListItem.Label2)</visible>
                        <animation type="Conditional" condition="true">
			<effect type="fade" start="100" end="90" delay="0" time="0" />
		</animation>
                           <top>-5</top>
                            <left>-5</left>
                            <width>787</width>
                            <height>395</height>
                          <texture diffuse="masks/mask1648x760r16.png">color_grey.png</texture> 
<colordiffuse>ff303030</colordiffuse>
                        </control>
                        <control type="image">
<visible>!String.IsEmpty(ListItem.Thumb) + String.IsEmpty(ListItem.Label2)</visible>
                        <animation type="Conditional" condition="true">
			<effect type="fade" start="100" end="80" delay="0" time="0" />
		</animation>
                           <top>-5</top>
                            <left>-5</left>
                            <width>787</width>
                            <height>395</height>
                          <texture diffuse="masks/mask1648x760r16.png">color_grey.png</texture> 
                          <colordiffuse>$INFO[Skin.String(gamercolor2)]</colordiffuse>
                        </control>
                                                  <control type="image">
<visible>!String.IsEmpty(ListItem.Thumb)</visible>
                           <top>125</top>
                            <left>330</left>
                            <width>125</width>
                            <height>125</height>
                          <texture diffuse="masks/mask1648x760r16.png">$INFO[ListItem.Thumb]</texture> 
                        </control>
                          <control type="image">
                          <visible>String.IsEmpty(ListItem.Thumb)</visible>
                           <top>-5</top>
                            <left>-5</left>
                            <width>787</width>
                            <height>395</height>
                          <texture diffuse="masks/mask1648x760r16.png">masks\BackgroundMaskBlack.png</texture> 
                          <colordiffuse>8C000000</colordiffuse>
                        </control>
                        <control type="image">
<animation type="Conditional" condition="true">
			<effect type="fade" start="100" end="80" delay="0" time="0" />
		</animation>
<animation type="UnFocus">
<effect type="slide" start="0,0" end="0,100" delay="0" time="250" tween="sine" easing="out"/>
<effect type="fade" start="100" end="0" delay="0" time="70"/>
		</animation>
<animation type="Focus">
<effect type="fade" start="0" end="100" delay="0" time="250"/>
<effect type="slide" start="0,100" end="0,0" delay="0" time="70" tween="sine" easing="out"/>
		</animation>
                            <top>250</top>
                            <left>0</left>
                            <width>780</width>
                            <height>135</height>
                          <texture diffuse="masks/Mask440x440r16.png">color_grey.png</texture> 
                          <colordiffuse>black</colordiffuse>
                          <visible>!String.IsEmpty(ListItem.Label) + Control.HasFocus(9011)</visible>
                        </control>
 <control type="label">
<animation type="UnFocus">
<effect type="slide" start="0,0" end="0,100" delay="0" time="250" tween="sine" easing="out"/>
<effect type="fade" start="100" end="0" delay="0" time="70"/>
		</animation>
<animation type="Focus">
<effect type="fade" start="0" end="100" delay="0" time="250"/>
<effect type="slide" start="0,100" end="0,0" delay="0" time="70" tween="sine" easing="out"/>
		</animation>
                                <top>70</top>
                                <left>70</left>
                                <width>615</width>
                                <textcolor>TextBright</textcolor>
                                <font>SettingsTiles</font>
                                <align>left</align>
                                <label>$INFO[ListItem.label]</label>
                             <scroll>false</scroll>
                            </control>

                             <control type="image">
<animation type="UnFocus">
<effect type="fade" start="100" end="0" delay="0" time="125"/>
		</animation>
<animation type="Focus">
<effect type="fade" start="0" end="100" delay="0" time="125"/>
		</animation>
<animation type="Hidden">
			<effect type="fade" start="100" end="0" delay="0" time="250" />
		</animation>
<animation type="Visible">
			<effect type="fade" start="0" end="100" delay="0" time="150" />
		</animation>
                            <top>-5</top>
                            <left>-5</left>
                            <width>787</width>
                            <height>395</height>
                          <texture border="100" diffuse="masks/mask1648x760r16.png">masks/Selector420x626r16.png</texture> 
                          <visible>Control.HasFocus(9011)</visible>
                        </control>

                        </control>
                        
                    </control>
                </focusedlayout>
                <content>
                      <item id="1">
			<label>My Games & Apps</label>
			<label2>color_black.png</label2>
		<thumb>icons/library.png</thumb>
<onclick>ActivateWindow(9001)</onclick>
		</item>
  
<item id="1">
			<label>$INFO[Skin.String(recen7name)]</label>
			<thumb>$INFO[Skin.String(recent7icon)]</thumb>
												<onclick>RunScript($INFO[Skin.String(recent7exe)])</onclick>
<onclick>Skin.SetString(gamefanart, )</onclick>
<onclick>ActivateWindow(9000)</onclick>
						<visible>Skin.String(recent7type, uwpapp) | Skin.String(recent7type, winapp)</visible>
		</item>
		<item id="1">
			<label>$INFO[Skin.String(recen7name)]</label>
			<thumb>$INFO[Skin.String(recent7icon)]</thumb>
												<onclick>RunScript($INFO[Skin.String(recent7exe)])</onclick>
<onclick>Skin.SetString(gamefanart, )</onclick>
<onclick>ActivateWindow(9000)</onclick>
						<visible>Skin.String(recent7type, app)</visible>
		</item>
<item id="1">
			<label>$INFO[Skin.String(recen7name)]</label>
			<icon>$INFO[Skin.String(recent7art)]</icon>
												<onclick>RunScript($INFO[Skin.String(recent7exe)])</onclick>	
<onclick>Skin.SetString(gamefanart, $INFO[Skin.String(recent7art)])</onclick>
<onclick>ActivateWindow(9000)</onclick>
<visible>Skin.String(recent7type, game)</visible>
		</item>
		<item id="1">
			<label>$INFO[Skin.String(recen7name)]</label>
			<thumb>$INFO[Skin.String(recent7icon)]</thumb>
										<onclick>RunScript($INFO[Skin.String(recent7exe)])</onclick>
<onclick>Skin.SetString(gamefanart, )</onclick>
<onclick>ActivateWindow(9000)</onclick>
<visible>Skin.String(recent7type, wingame)</visible>
		</item>

<item id="1">
			<label>$INFO[Skin.String(recen8name)]</label>
			<thumb>$INFO[Skin.String(recent8icon)]</thumb>
												<onclick>RunScript($INFO[Skin.String(recent8exe)])</onclick>
<onclick>Skin.SetString(gamefanart, )</onclick>
<onclick>ActivateWindow(9000)</onclick>
						<visible>Skin.String(recent8type, uwpapp) | Skin.String(recent8type, winapp)</visible>
		</item>
		<item id="1">
			<label>$INFO[Skin.String(recen8name)]</label>
			<thumb>$INFO[Skin.String(recent8icon)]</thumb>
												<onclick>RunScript($INFO[Skin.String(recent8exe)])</onclick>
<onclick>Skin.SetString(gamefanart, )</onclick>
<onclick>ActivateWindow(9000)</onclick>
						<visible>Skin.String(recent8type, app)</visible>
		</item>
<item id="1">
			<label>$INFO[Skin.String(recen8name)]</label>
			<icon>$INFO[Skin.String(recent8art)]</icon>
												<onclick>RunScript($INFO[Skin.String(recent8exe)])</onclick>	
<onclick>Skin.SetString(gamefanart, $INFO[Skin.String(recent8art)])</onclick>
<onclick>ActivateWindow(9000)</onclick>
<visible>Skin.String(recent8type, game)</visible>
		</item>
		<item id="1">
			<label>$INFO[Skin.String(recen8name)]</label>
			<thumb>$INFO[Skin.String(recent8icon)]</thumb>
										<onclick>RunScript($INFO[Skin.String(recent8exe)])</onclick>
<onclick>Skin.SetString(gamefanart, )</onclick>
<onclick>ActivateWindow(9000)</onclick>
<visible>Skin.String(recent8type, wingame)</visible>
		</item>

<item id="1">
			<label>$INFO[Skin.String(recen9name)]</label>
			<thumb>$INFO[Skin.String(recent9icon)]</thumb>
												<onclick>RunScript($INFO[Skin.String(recent9exe)])</onclick>
<onclick>Skin.SetString(gamefanart, )</onclick>
<onclick>ActivateWindow(9000)</onclick>
						<visible>Skin.String(recent9type, uwpapp) | Skin.String(recent9type, winapp)</visible>
		</item>
		<item id="1">
			<label>$INFO[Skin.String(recen9name)]</label>
			<thumb>$INFO[Skin.String(recent9icon)]</thumb>
												<onclick>RunScript($INFO[Skin.String(recent9exe)])</onclick>
<onclick>Skin.SetString(gamefanart, )</onclick>
<onclick>ActivateWindow(9000)</onclick>
						<visible>Skin.String(recent9type, app)</visible>
		</item>
<item id="1">
			<label>$INFO[Skin.String(recen9name)]</label>
			<icon>$INFO[Skin.String(recent9art)]</icon>
												<onclick>RunScript($INFO[Skin.String(recent9exe)])</onclick>	
<onclick>Skin.SetString(gamefanart, $INFO[Skin.String(recent9art)])</onclick>
<onclick>ActivateWindow(9000)</onclick>
<visible>Skin.String(recent9type, game)</visible>
		</item>
		<item id="1">
			<label>$INFO[Skin.String(recen9name)]</label>
			<thumb>$INFO[Skin.String(recent9icon)]</thumb>
										<onclick>RunScript($INFO[Skin.String(recent9exe)])</onclick>
<onclick>Skin.SetString(gamefanart, )</onclick>
<onclick>ActivateWindow(9000)</onclick>
<visible>Skin.String(recent9type, wingame)</visible>
		</item>
                 
		
                </content>
            </control>  
                                        </control>
 

<control type="group">
		<animation type="WindowOpen" condition="Window.Previous(Startup)">
					<effect type="fade" start="0" end="100" delay="1300" time="500"/>
		<effect type="zoom" start="90" end="100" delay="1100" time="500" center="1935,935" tween="sine" easing="out"/>
                    </animation>



            <control type="list" id="903">
            
<animation type="Visible">
			<effect type="fade" start="0" end="100" delay="0" time="300" />
			<effect type="slide" start="0,15" end="0,0" delay="0" time="200" tween="sine" easing="inout" />
		</animation>

<animation type="Hidden">
			<effect type="fade" start="100" end="0" delay="0" time="100" />
		</animation>
		<animation type="WindowOpen" condition="Window.Previous(Startup)">
					<effect type="fade" start="0" end="100" delay="1300" time="500"/>
		<effect type="zoom" start="90" end="100" delay="1100" time="500" center="1935,935" tween="sine" easing="out"/>
                    </animation>

                <left>1121</left>
                <!-- <left>950</left> -->
                <width>3550</width>
                <top>865</top>
                <orientation>horizontal</orientation>
                <focusposition>2</focusposition>

                                <onup>-</onup>
                <ondown>Control.SetFocus(9011, 1)</ondown>
<onright>-</onright>
<onleft>900</onleft>
                <itemlayout width="403" height="310">
                    <control type="group">
                        <left>9</left>
                        <top>20</top>
                        <width>480</width>
                        <height>160</height>
<control type="image">
<animation type="Conditional" condition="true">
			<effect type="fade" start="100" end="80" delay="0" time="0" />
		</animation>
                            <top>0</top>
                            <left>0</left>
                            <width>380</width>
                            <height>380</height>
                          <texture diffuse="masks/Mask440x440r16.png">color_grey.png</texture> 
                          <colordiffuse>$INFO[Skin.String(gamercolor2)]</colordiffuse>
                        </control>
                          <control type="image">
<visible>String.IsEmpty(ListItem.Thumb)</visible>
                            <top>0</top>
                            <left>0</left>
                            <width>380</width>
                            <height>380</height>
                          <texture fallback="apps2.png" diffuse="masks/Mask440x440r16.png">$INFO[ListItem.ActualIcon]</texture> 
                        </control>
<control type="image">
<visible>!String.IsEmpty(ListItem.Thumb)</visible>
                            <top>125</top>
                            <left>125</left>
                              <width>125</width>
                            <height>125</height>
                              <texture fallback="icons/apps.png" diffuse="masks/Mask440x440r16.png">$INFO[ListItem.Thumb]</texture> 
                        </control>
                    </control>
                </itemlayout>

                <focusedlayout width="403" height="310">
                    <control type="group">
<animation type="Visible">
			<effect type="fade" start="0" end="100" delay="0" time="200" />
		</animation>

<animation type="Hidden">
			<effect type="fade" start="100" end="0" delay="0" time="200" />
		</animation>


                        <left>9</left>
                        <top>20</top>
                        <width>480</width>
                        <height>160</height>
                        <control type="group">
<control type="image">
<animation type="Conditional" condition="true">
			<effect type="fade" start="100" end="80" delay="0" time="0" />
		</animation>
                            <top>0</top>
                            <left>0</left>
                            <width>380</width>
                            <height>380</height>
                          <texture diffuse="masks/Mask440x440r16.png">color_grey.png</texture> 
                          <colordiffuse>$INFO[Skin.String(gamercolor2)]</colordiffuse>
                        </control>
                          <control type="image">
<visible>String.IsEmpty(ListItem.Thumb)</visible>
                            <top>0</top>
                            <left>0</left>
                            <width>380</width>
                            <height>380</height>
                          <texture fallback="apps2.png" diffuse="masks/Mask440x440r16.png">$INFO[ListItem.ActualIcon]</texture> 
                        </control>
<control type="image">
<visible>!String.IsEmpty(ListItem.Thumb)</visible>
                            <top>125</top>
                            <left>125</left>
                              <width>125</width>
                            <height>125</height>
                              <texture fallback="icons/apps.png" diffuse="masks/Mask440x440r16.png">$INFO[ListItem.Thumb]</texture> 
                        </control>

<control type="image">
<animation type="Conditional" condition="true">
			<effect type="fade" start="100" end="50" delay="0" time="0" />
		</animation>
<animation type="UnFocus">
<effect type="slide" start="0,0" end="0,100" delay="0" time="250" tween="sine" easing="out"/>
<effect type="fade" start="100" end="0" delay="0" time="70"/>
		</animation>
<animation type="Focus">
<effect type="fade" start="0" end="100" delay="0" time="250"/>
<effect type="slide" start="0,100" end="0,0" delay="0" time="70" tween="sine" easing="out"/>
		</animation>
                            <top>250</top>
                            <left>0</left>
                            <width>380</width>
                            <height>125</height>
                          <texture diffuse="masks/Mask440x440r16.png">color_grey.png</texture> 
                          <colordiffuse>black</colordiffuse>
                          <visible>!String.IsEmpty(ListItem.Label) + Control.HasFocus(903)</visible>
                        </control>
 <control type="label">
<animation type="UnFocus">
<effect type="slide" start="0,0" end="0,100" delay="0" time="250" tween="sine" easing="out"/>
<effect type="fade" start="100" end="0" delay="0" time="70"/>
		</animation>
<animation type="Focus">
<effect type="fade" start="0" end="100" delay="0" time="250"/>
<effect type="slide" start="0,100" end="0,0" delay="0" time="70" tween="sine" easing="out"/>
		</animation>
                                <top>310</top>
                                <left>20</left>
                                <width>315</width>
                                <textcolor>TextBright</textcolor>
                                <font>SettingsTiles</font>
                                <align>left</align>
                                <label>$INFO[ListItem.label]</label>
                                <scroll>false</scroll>
                                <visible>!String.IsEmpty(ListItem.Label) + Control.HasFocus(903)</visible>
                            </control>
                             <control type="image">
<animation type="UnFocus">
<effect type="fade" start="100" end="0" delay="0" time="125"/>
		</animation>
<animation type="Focus">
<effect type="fade" start="0" end="100" delay="0" time="125"/>
		</animation>
<animation type="Hidden">
			<effect type="fade" start="100" end="0" delay="0" time="250" />
		</animation>
<animation type="Visible">
			<effect type="fade" start="0" end="100" delay="0" time="150" />
		</animation>
                            <top>-5</top>
                            <left>-5</left>
                            <width>390</width>
                            <height>390</height>
                          <texture border="100" diffuse="masks/Mask440x440r16.png">masks/Selector420x626r16.png</texture> 
                        <visible>Control.HasFocus(903)</visible>
                        </control>

                        </control>
                        
                    </control>
                </focusedlayout>

                <content>

		
<item id="1">
			<label>$INFO[Skin.String(recen1name)]</label>
			<thumb>$INFO[Skin.String(recent1icon)]</thumb>
												<onclick>RunScript($INFO[Skin.String(recent1exe)])</onclick>
<onclick>Skin.SetString(gamefanart, )</onclick>
<onclick>ActivateWindow(9000)</onclick>
						<visible>Skin.String(recent1type, uwpapp) | Skin.String(recent1type, winapp)</visible>
		</item>
		<item id="1">
			<label>$INFO[Skin.String(recen1name)]</label>
			<thumb>$INFO[Skin.String(recent1icon)]</thumb>
												<onclick>RunScript($INFO[Skin.String(recent1exe)])</onclick>
<onclick>Skin.SetString(gamefanart, )</onclick>
<onclick>ActivateWindow(9000)</onclick>
						<visible>Skin.String(recent1type, app)</visible>
		</item>
<item id="1">

			<icon>$INFO[Skin.String(recent1icon)]</icon>
												<onclick>RunScript($INFO[Skin.String(recent1exe)])</onclick>
<onclick>Skin.SetString(gamefanart, $INFO[Skin.String(recent1art)])</onclick>
<onclick>ActivateWindow(9000)</onclick>
<visible>Skin.String(recent1type, game)</visible>
		</item>
		<item id="1">
			<label>$INFO[Skin.String(recen1name)]</label>
			<thumb>$INFO[Skin.String(recent1icon)]</thumb>
										<onclick>RunScript($INFO[Skin.String(recent1exe)])</onclick>
<onclick>Skin.SetString(gamefanart, )</onclick>
<onclick>ActivateWindow(9000)</onclick>
<visible>Skin.String(recent1type, wingame)</visible>
		</item>

<item id="1">
			<label>$INFO[Skin.String(recen2name)]</label>
			<thumb>$INFO[Skin.String(recent2icon)]</thumb>
												<onclick>RunScript($INFO[Skin.String(recent2exe)])</onclick>
<onclick>Skin.SetString(gamefanart, )</onclick>
<onclick>ActivateWindow(9000)</onclick>
						<visible>Skin.String(recent2type, uwpapp) | Skin.String(recent2type, winapp)</visible>
		</item>
		<item id="1">
			<label>$INFO[Skin.String(recen2name)]</label>
			<thumb>$INFO[Skin.String(recent2icon)]</thumb>
												<onclick>RunScript($INFO[Skin.String(recent2exe)])</onclick>
<onclick>Skin.SetString(gamefanart, )</onclick>
<onclick>ActivateWindow(9000)</onclick>
						<visible>Skin.String(recent2type, app)</visible>
		</item>
<item id="1">

			<icon>$INFO[Skin.String(recent2icon)]</icon>
												<onclick>RunScript($INFO[Skin.String(recent2exe)])</onclick>	
<onclick>Skin.SetString(gamefanart, $INFO[Skin.String(recent2art)])</onclick>
<onclick>ActivateWindow(9000)</onclick>
<visible>Skin.String(recent2type, game)</visible>
		</item>
		<item id="1">
			<label>$INFO[Skin.String(recen2name)]</label>
			<thumb>$INFO[Skin.String(recent2icon)]</thumb>
										<onclick>RunScript($INFO[Skin.String(recent2exe)])</onclick>
<onclick>Skin.SetString(gamefanart, )</onclick>
<onclick>ActivateWindow(9000)</onclick>
<visible>Skin.String(recent2type, wingame)</visible>
		</item>

<item id="1">
			<label>$INFO[Skin.String(recen3name)]</label>
			<thumb>$INFO[Skin.String(recent3icon)]</thumb>
												<onclick>RunScript($INFO[Skin.String(recent3exe)])</onclick>
<onclick>Skin.SetString(gamefanart, )</onclick>
<onclick>ActivateWindow(9000)</onclick>
						<visible>Skin.String(recent3type, uwpapp) | Skin.String(recent3type, winapp)</visible>
		</item>
		<item id="1">
			<label>$INFO[Skin.String(recen3name)]</label>
			<thumb>$INFO[Skin.String(recent3icon)]</thumb>
												<onclick>RunScript($INFO[Skin.String(recent3exe)])</onclick>
<onclick>Skin.SetString(gamefanart, )</onclick>
<onclick>ActivateWindow(9000)</onclick>
						<visible>Skin.String(recent3type, app)</visible>
		</item>
<item id="1">

			<icon>$INFO[Skin.String(recent3icon)]</icon>
												<onclick>RunScript($INFO[Skin.String(recent3exe)])</onclick>	
<onclick>Skin.SetString(gamefanart, $INFO[Skin.String(recent3art)])</onclick>
<onclick>ActivateWindow(9000)</onclick>
<visible>Skin.String(recent3type, game)</visible>
		</item>
		<item id="1">
			<label>$INFO[Skin.String(recen3name)]</label>
			<thumb>$INFO[Skin.String(recent3icon)]</thumb>
										<onclick>RunScript($INFO[Skin.String(recent3exe)])</onclick>
<onclick>Skin.SetString(gamefanart, )</onclick>
<onclick>ActivateWindow(9000)</onclick>
<visible>Skin.String(recent3type, wingame)</visible>
		</item>

<item id="1">
			<label>$INFO[Skin.String(recen4name)]</label>
			<thumb>$INFO[Skin.String(recent4icon)]</thumb>
												<onclick>RunScript($INFO[Skin.String(recent4exe)])</onclick>
<onclick>Skin.SetString(gamefanart, )</onclick>
<onclick>ActivateWindow(9000)</onclick>
						<visible>Skin.String(recent4type, uwpapp) | Skin.String(recent4type, winapp)</visible>
		</item>
		<item id="1">
			<label>$INFO[Skin.String(recen4name)]</label>
			<thumb>$INFO[Skin.String(recent4icon)]</thumb>
												<onclick>RunScript($INFO[Skin.String(recent4exe)])</onclick>
<onclick>Skin.SetString(gamefanart, )</onclick>
<onclick>ActivateWindow(9000)</onclick>
						<visible>Skin.String(recent4type, app)</visible>
		</item>
<item id="1">

			<icon>$INFO[Skin.String(recent4icon)]</icon>
												<onclick>RunScript($INFO[Skin.String(recent4exe)])</onclick>	
<onclick>Skin.SetString(gamefanart, $INFO[Skin.String(recent4art)])</onclick>
<onclick>ActivateWindow(9000)</onclick>
<visible>Skin.String(recent4type, game)</visible>
		</item>
		<item id="1">
			<label>$INFO[Skin.String(recen4name)]</label>
			<thumb>$INFO[Skin.String(recent4icon)]</thumb>
										<onclick>RunScript($INFO[Skin.String(recent4exe)])</onclick>
<onclick>Skin.SetString(gamefanart, )</onclick>
<onclick>ActivateWindow(9000)</onclick>
<visible>Skin.String(recent4type, wingame)</visible>
		</item>


<item id="1">
			<label>$INFO[Skin.String(recen5name)]</label>
			<thumb>$INFO[Skin.String(recent5icon)]</thumb>
												<onclick>RunScript($INFO[Skin.String(recent5exe)])</onclick>
<onclick>Skin.SetString(gamefanart, )</onclick>
<onclick>ActivateWindow(9000)</onclick>
						<visible>Skin.String(recent5type, uwpapp) | Skin.String(recent5type, winapp)</visible>
		</item>
		<item id="1">
			<label>$INFO[Skin.String(recen5name)]</label>
			<thumb>$INFO[Skin.String(recent5icon)]</thumb>
												<onclick>RunScript($INFO[Skin.String(recent5exe)])</onclick>
<onclick>Skin.SetString(gamefanart, )</onclick>
<onclick>ActivateWindow(9000)</onclick>
						<visible>Skin.String(recent5type, app)</visible>
		</item>
<item id="1">

			<icon>$INFO[Skin.String(recent5icon)]</icon>
												<onclick>RunScript($INFO[Skin.String(recent5exe)])</onclick>	
<onclick>Skin.SetString(gamefanart, $INFO[Skin.String(recent5art)])</onclick>
<onclick>ActivateWindow(9000)</onclick>
<visible>Skin.String(recent5type, game)</visible>
		</item>
		<item id="1">
			<label>$INFO[Skin.String(recen5name)]</label>
			<thumb>$INFO[Skin.String(recent5icon)]</thumb>
										<onclick>RunScript($INFO[Skin.String(recent5exe)])</onclick>
<onclick>Skin.SetString(gamefanart, )</onclick>
<onclick>ActivateWindow(9000)</onclick>
<visible>Skin.String(recent5type, wingame)</visible>
		</item>

<item id="1">
			<label>$INFO[Skin.String(recen6name)]</label>
			<thumb>$INFO[Skin.String(recent6icon)]</thumb>
												<onclick>RunScript($INFO[Skin.String(recent6exe)])</onclick>
<onclick>Skin.SetString(gamefanart, )</onclick>
<onclick>ActivateWindow(9000)</onclick>
						<visible>Skin.String(recent6type, uwpapp) | Skin.String(recent6type, winapp)</visible>
		</item>
		<item id="1">
			<label>$INFO[Skin.String(recen6name)]</label>
			<thumb>$INFO[Skin.String(recent6icon)]</thumb>
												<onclick>RunScript($INFO[Skin.String(recent6exe)])</onclick>
<onclick>Skin.SetString(gamefanart, )</onclick>
<onclick>ActivateWindow(9000)</onclick>
						<visible>Skin.String(recent6type, app)</visible>
		</item>
<item id="1">

			<icon>$INFO[Skin.String(recent6icon)]</icon>
												<onclick>RunScript($INFO[Skin.String(recent6exe)])</onclick>	
<onclick>Skin.SetString(gamefanart, $INFO[Skin.String(recent6art)])</onclick>
<onclick>ActivateWindow(9000)</onclick>
<visible>Skin.String(recent6type, game)</visible>
		</item>
		<item id="1">
			<label>$INFO[Skin.String(recen6name)]</label>
			<thumb>$INFO[Skin.String(recent6icon)]</thumb>
										<onclick>RunScript($INFO[Skin.String(recent6exe)])</onclick>
<onclick>Skin.SetString(gamefanart, )</onclick>
<onclick>ActivateWindow(9000)</onclick>
<visible>Skin.String(recent6type, wingame)</visible>
		</item>


		</content>
            </control>
            </control>

<control type="group">
		<animation type="WindowOpen" condition="Window.Previous(Startup)">
					<effect type="fade" start="0" end="100" delay="1500" time="500"/>
		<effect type="zoom" start="90" end="100" delay="1300" time="500" center="1935,935" tween="sine" easing="out"/>
                    </animation>
                    <top>100</top>
<posy>357</posy>
<posx>-580</posx>


 <control type="group">
<visible>!Integer.IsGreater(Container(9011).NumItems, 1)</visible>
<left>670</left>
<top>-400</top>
<animation type="Visible">
			<effect type="fade" start="0" end="100" delay="0" time="300" />
			<effect type="slide" start="0,15" end="0,0" delay="0" time="200" tween="sine" easing="inout" />
		</animation>

<animation type="Hidden">
			<effect type="fade" start="100" end="0" delay="0" time="100" />
		</animation>
<control type="image">
<animation type="Conditional" condition="true">
			<effect type="fade" start="100" end="80" delay="0" time="0" />
		</animation>
<colordiffuse>ff303030</colordiffuse>
                            <top>1335</top>
                            <left>1040</left>
                            <width>2412</width>
                            <height>395</height>
                          <texture diffuse="masks/mask1648x760r16.png">color_grey.png</texture> 
                          <colordiffuse>black</colordiffuse>
                        </control>

<control type="image">

                            <top>1470</top>
                            <left>1140</left>
                            <width>125</width>
                            <height>125</height>
                          <texture diffuse="masks/Mask1648x760r16.png">general/clock.png</texture> 

                        </control>
                        
     <control type="label">

                               <top>550</top>
                            <left>1440</left>
                                <textcolor>TextBright</textcolor>
                                <font>HomeTitle3</font>
                                <align>left</align>
                                <label>Recent</label>
                                    
                            </control>

     <control type="label">

                               <top>720</top>
                            <left>1440</left>
                                <textcolor>TextBright</textcolor>
                                <font>HomeTitle4</font>
                                <align>left</align>
                                <label>As you launch games & apps, they'll appear here.</label>
                                    
                            </control>
                            </control>

<control type="group">
<visible>Integer.IsGreater(Container(9011).NumItems, 1) + !Integer.IsGreater(Container(9011).NumItems, 2)</visible>
<left>670</left>
<top>-400</top>
<posx>1475</posx>
<animation type="Visible">
			<effect type="fade" start="0" end="100" delay="0" time="300" />
			<effect type="slide" start="0,15" end="0,0" delay="0" time="200" tween="sine" easing="inout" />
		</animation>

<animation type="Hidden">
			<effect type="fade" start="100" end="0" delay="0" time="100" />
		</animation>
<control type="image">
<animation type="Conditional" condition="true">
			<effect type="fade" start="100" end="80" delay="0" time="0" />
		</animation>
<colordiffuse>ff303030</colordiffuse>
                                                      <top>1335</top>
                            <left>1040</left>
                            <width>1590</width>
                            <height>395</height>
                          <texture diffuse="masks/mask1648x760r16.png">color_grey.png</texture> 
                          <colordiffuse>black</colordiffuse>
                        </control>

<control type="image">

                           <top>1470</top>
                            <left>1140</left>
                            <width>125</width>
                            <height>125</height>
                          <texture diffuse="masks/Mask1648x760r16.png">general/clock.png</texture> 

                        </control>
                        
     <control type="label">

                           <top>550</top>
                            <left>1440</left>
                                <textcolor>TextBright</textcolor>
                                <font>HomeTitle3</font>
                                <align>left</align>
                                <label>Recent</label>
                                    
                            </control>

     <control type="label">

                               <top>720</top>
                            <left>1440</left>
                                <textcolor>TextBright</textcolor>
                                <font>HomeTitle4</font>
                                <align>left</align>
                                <label>As you launch games & apps, they'll appear here.</label>
                                    
                            </control>
                            </control>

<control type="group">
<visible>Integer.IsGreater(Container(9011).NumItems, 2) + !Integer.IsGreater(Container(9011).NumItems, 3)</visible>
<left>670</left>
<top>-400</top>
<posx>2282</posx>
<animation type="Visible">
			<effect type="fade" start="0" end="100" delay="0" time="300" />
			<effect type="slide" start="0,15" end="0,0" delay="0" time="200" tween="sine" easing="inout" />
		</animation>

<animation type="Hidden">
			<effect type="fade" start="100" end="0" delay="0" time="100" />
		</animation>
<control type="image">
<animation type="Conditional" condition="true">
			<effect type="fade" start="100" end="50" delay="0" time="0" />
		</animation>
<colordiffuse>ff303030</colordiffuse>
                                                      <top>1335</top>
                            <left>1040</left>
                            <width>785</width>
                            <height>395</height>
                          <texture diffuse="masks/mask1648x760r16.png">color_grey.png</texture> 
                          <colordiffuse>black</colordiffuse>
                        </control>
                        
     <control type="label">

                           <top>450</top>
                            <left>1140</left>
                                <textcolor>TextBright</textcolor>
                                <font>HomeTitle3</font>
                                <align>left</align>
                                <label>Recent</label>
                                    
                            </control>

     <control type="label">

                               <top>650</top>
                            <left>1140</left>
                                <textcolor>TextBright</textcolor>
                                <font>HomeTitle4</font>
                                <align>left</align>
                                <label>As you launch games & apps,[CR]they'll appear here.</label>
                                    
                            </control>
                            </control>





                            </control>
            
           <control type="group">
		<animation type="WindowOpen" condition="Window.Previous(Startup)">
					<effect type="fade" start="0" end="100" delay="2700" time="500"/>
		<effect type="zoom" start="90" end="100" delay="2300" time="500" center="1935,935" tween="sine" easing="out"/>
                    </animation>
           <posy>2000</posy>

 <control type="panel" id="9001">
            
<animation type="Visible">
			<effect type="fade" start="0" end="100" delay="0" time="300" />
			<effect type="slide" start="0,15" end="0,0" delay="0" time="200" tween="sine" easing="inout" />
		</animation>

<animation type="Hidden">
			<effect type="fade" start="100" end="0" delay="0" time="100" />
		</animation>
		

                <left>310</left>
                <!-- <left>950</left> -->
                <width>3200</width>
                <height>1600</height>
                <top>50</top>
                <orientation>horizontal</orientation>
                <focusposition>1</focusposition>

<onclick condition="String.IsEmpty(ListItem.Label2)">Skin.SetString(temprecenticon, $INFO[ListItem.Path]$INFO[ListItem.Label]/icon.jpg)</onclick>
<onclick condition="String.IsEmpty(ListItem.Label2)">Skin.SetString(temprecentart, $INFO[ListItem.Path]$INFO[ListItem.Label]/fanart.jpg)</onclick>
<onclick condition="String.IsEmpty(ListItem.Label2)">Skin.SetString(temprecenname, $INFO[ListItem.Label])</onclick>
<onclick condition="String.IsEmpty(ListItem.Label2)">Skin.SetString(temprecentexe, $INFO[ListItem.Path]$INFO[ListItem.Label]/app.py)</onclick>
<onclick condition="String.IsEmpty(ListItem.Label2)">Skin.SetString(temprecenttype, game)</onclick>
<onclick condition="String.IsEmpty(ListItem.Label2)">RunScript(special://skin/scripts/recentcontent.py)</onclick>

<onclick condition="String.IsEmpty(ListItem.Label2)">RunScript($INFO[ListItem.Path]$INFO[ListItem.Label]/app.py)</onclick>
<onclick condition="String.IsEmpty(ListItem.Label2)">Skin.SetString(gamefanart, $INFO[ListItem.Path]$INFO[ListItem.Label]/fanart.jpg)</onclick>
<onclick condition="String.IsEmpty(ListItem.Label2)">ActivateWindow(9000)</onclick>


<visible>true</visible>
                                   <onup>9011</onup>
                <ondown>9002</ondown>
<onright>-</onright>
<onleft>-</onleft>
                <focusposition>2</focusposition>


               <itemlayout width="460" height="460">
                    <control type="group">
                        <left>9</left>
                        <top>20</top>
                        <width>480</width>
                        <height>160</height>
                        <control type="image">
<animation type="Conditional" condition="true">
			<effect type="fade" start="100" end="80" delay="0" time="0" />
		</animation>
                            <top>0</top>
                            <left>0</left>
                            <width>430</width>
                            <height>430</height>
                          <texture diffuse="masks/Mask440x440r16.png">color_grey.png</texture> 
                          <colordiffuse>$INFO[Skin.String(gamercolor2)]</colordiffuse>
                        </control>
                          <control type="image">
                            <top>0</top>
                            <left>0</left>
                            <width>430</width>
                            <height>430</height>
                          <texture fallback="apps2.png" diffuse="masks/Mask440x440r16.png">$INFO[ListItem.Path]$INFO[ListItem.Label]/icon.jpg</texture> 
<aspectratio scalediffuse="false" align="center" aligny="center">scale</aspectratio>
<visible>String.IsEmpty(ListItem.Icon)</visible>
                        </control>
<control type="image">
                            <top>140</top>
                            <left>150</left>
                            <width>125</width>
                            <height>125</height>
                          <texture diffuse="masks/Mask440x440r16.png">$INFO[ListItem.Icon]</texture> 
<visible>!String.IsEmpty(ListItem.Icon)</visible>
                        </control>

                    </control>
                </itemlayout>

                <focusedlayout width="460" height="460">
                    <control type="group">
<animation type="Visible">
			<effect type="fade" start="0" end="100" delay="0" time="200" />
		</animation>

<animation type="Hidden">
			<effect type="fade" start="100" end="0" delay="0" time="200" />
		</animation>


                        <left>9</left>
                        <top>20</top>
                        <width>480</width>
                        <height>160</height>
                        <control type="group">
<control type="image">
<animation type="Conditional" condition="true">
			<effect type="fade" start="100" end="80" delay="0" time="0" />
		</animation>
                            <top>0</top>
                            <left>0</left>
                            <width>430</width>
                            <height>430</height>
                          <texture diffuse="masks/Mask440x440r16.png">color_grey.png</texture> 
                          <colordiffuse>$INFO[Skin.String(gamercolor2)]</colordiffuse>
                        </control>
                          <control type="image">
                            <top>0</top>
                            <left>0</left>
                            <width>430</width>
                            <height>430</height>
                          <texture fallback="apps2.png" diffuse="masks/Mask440x440r16.png">$INFO[ListItem.Path]$INFO[ListItem.Label]/icon.jpg</texture> 
<aspectratio scalediffuse="false" align="center" aligny="center">scale</aspectratio>
<visible>String.IsEmpty(ListItem.Icon)</visible>
                        </control>
<control type="image">
                            <top>140</top>
                            <left>150</left>
                            <width>125</width>
                            <height>125</height>
                          <texture diffuse="masks/Mask440x440r16.png">$INFO[ListItem.Icon]</texture> 
<visible>!String.IsEmpty(ListItem.Icon)</visible>
                        </control>
<control type="image">
<animation type="Conditional" condition="true">
			<effect type="fade" start="100" end="50" delay="0" time="0" />
		</animation>
<animation type="UnFocus">
<effect type="slide" start="0,0" end="0,100" delay="0" time="250" tween="sine" easing="out"/>
<effect type="fade" start="100" end="0" delay="0" time="70"/>
		</animation>
<animation type="Focus">
<effect type="fade" start="0" end="100" delay="0" time="250"/>
<effect type="slide" start="0,100" end="0,0" delay="0" time="70" tween="sine" easing="out"/>
		</animation>
                            <top>303</top>
                            <left>0</left>
                            <width>430</width>
                            <height>125</height>
                          <texture diffuse="masks/Mask440x440r16.png">color_grey.png</texture> 
                          <colordiffuse>black</colordiffuse>
                          <visible>Control.HasFocus(9001) + !String.IsEmpty(ListItem.Label2)</visible>
                        </control>
 <control type="label">
<animation type="UnFocus">
<effect type="slide" start="0,0" end="0,100" delay="0" time="250" tween="sine" easing="out"/>
<effect type="fade" start="100" end="0" delay="0" time="70"/>
		</animation>
<animation type="Focus">
<effect type="fade" start="0" end="100" delay="0" time="250"/>
<effect type="slide" start="0,100" end="0,0" delay="0" time="70" tween="sine" easing="out"/>
		</animation>
                               <top>360</top>
                                <left>30</left>
                                                                <width>315</width>
<scroll>false</scroll>
                                <textcolor>TextBright</textcolor>
                                <font>SettingsTiles</font>
                                <align>left</align>
                                <label>$INFO[ListItem.label2]</label>
                            </control>
                             <control type="image">
<animation type="UnFocus">
<effect type="fade" start="100" end="0" delay="0" time="125"/>
		</animation>
<animation type="Focus">
<effect type="fade" start="0" end="100" delay="0" time="125"/>
		</animation>
<animation type="Hidden">
			<effect type="fade" start="100" end="0" delay="0" time="250" />
		</animation>
<animation type="Visible">
			<effect type="fade" start="0" end="100" delay="0" time="150" />
		</animation>
                            <top>-5</top>
                            <left>-5</left>
                            <width>440</width>
                            <height>440</height>
                          <texture border="100" diffuse="masks/Mask440x440r16.png">masks/Selector420x626r16.png</texture> 
                        <visible>Control.HasFocus(9001)</visible>
                        </control>

                        </control>
                        
                    </control>
                </focusedlayout>
                <content>
 <item id="1">
			<label2>Manage</label2>
			<icon>icons/hdd.png</icon>
			<onclick>ActivateWindow(9009)</onclick>

		</item>
		
                </content>
       <content type="programs">special://xbmc/games</content>

            </control>
             
          

  

 <control type="label">
<animation type="Visible">
			<effect type="fade" start="0" end="100" delay="0" time="300" />
			<effect type="slide" start="0,15" end="0,0" delay="0" time="200" tween="sine" easing="inout" />
		</animation>

<animation type="Hidden">
			<effect type="fade" start="100" end="0" delay="0" time="100" />
		</animation>
                               <top>-170</top>
                                <left>320</left>
                                <width>7615</width>
                                <textcolor>TextBright</textcolor>
                                <font>WidgetTitle</font>
                                <align>left</align>
                                <label>My Games</label>
                            </control>

 
           </control>


           <control type="group">
           <posy>3700</posy>

 <control type="panel" id="9002">
            
<animation type="Visible">
			<effect type="fade" start="0" end="100" delay="0" time="300" />
			<effect type="slide" start="0,15" end="0,0" delay="0" time="200" tween="sine" easing="inout" />
		</animation>

<animation type="Hidden">
			<effect type="fade" start="100" end="0" delay="0" time="100" />
		</animation>
		

                <left>310</left>
                <!-- <left>950</left> -->
                <width>3200</width>
                <height>1600</height>
                <top>-20</top>
                <orientation>horizontal</orientation>
                <focusposition>1</focusposition>

                <onclick condition="String.IsEmpty(ListItem.Label2)">Skin.SetString(temprecenticon, $INFO[ListItem.Path]$INFO[ListItem.Label]/icon.png)</onclick>
<onclick condition="String.IsEmpty(ListItem.Label2)">Skin.SetString(temprecenname, $INFO[ListItem.Label])</onclick>
<onclick condition="String.IsEmpty(ListItem.Label2)">Skin.SetString(temprecentexe, $INFO[ListItem.Path]$INFO[ListItem.Label]/app.py)</onclick>
<onclick condition="String.IsEmpty(ListItem.Label2)">Skin.SetString(temprecenttype, app)</onclick>
<onclick condition="String.IsEmpty(ListItem.Label2)">RunScript(special://skin/scripts/recentcontent.py)</onclick>

<onclick condition="String.IsEmpty(ListItem.Label2)">RunScript($INFO[ListItem.Path]$INFO[ListItem.Label]/app.py)</onclick>
<onclick condition="String.IsEmpty(ListItem.Label2)">Skin.SetString(gamefanart, )</onclick>
<onclick condition="String.IsEmpty(ListItem.Label2)">ActivateWindow(9000)</onclick>


<visible>true</visible>
                                   <onup>9001</onup>
                <ondown>9003</ondown>
<onright>-</onright>
<onleft>-</onleft>
                <focusposition>2</focusposition>


               <itemlayout width="460" height="460">
                    <control type="group">
                        <left>9</left>
                        <top>20</top>
                        <width>480</width>
                        <height>160</height>
                        <control type="image">
<animation type="Conditional" condition="true">
			<effect type="fade" start="100" end="80" delay="0" time="0" />
		</animation>
                            <top>0</top>
                            <left>0</left>
                            <width>430</width>
                            <height>430</height>
                          <texture diffuse="masks/Mask440x440r16.png">color_grey.png</texture> 
                          <colordiffuse>$INFO[Skin.String(gamercolor2)]</colordiffuse>
                        </control>
<control type="image">
                            <top>150</top>
                            <left>150</left>
                            <width>125</width>
                            <height>125</height>
                         <texture fallback="apps2.png" diffuse="masks/Mask440x440r16.png">$INFO[ListItem.Icon]$INFO[ListItem.Path]$INFO[ListItem.Label]/icon.png</texture> 
                        </control>

                    </control>
                </itemlayout>

                <focusedlayout width="460" height="460">
                    <control type="group">
<animation type="Visible">
			<effect type="fade" start="0" end="100" delay="0" time="200" />
		</animation>

<animation type="Hidden">
			<effect type="fade" start="100" end="0" delay="0" time="200" />
		</animation>


                        <left>9</left>
                        <top>20</top>
                        <width>480</width>
                        <height>160</height>
                        <control type="group">
<control type="image">
<animation type="Conditional" condition="true">
			<effect type="fade" start="100" end="80" delay="0" time="0" />
		</animation>
                            <top>0</top>
                            <left>0</left>
                            <width>430</width>
                            <height>430</height>
                          <texture diffuse="masks/Mask440x440r16.png">color_grey.png</texture> 
                          <colordiffuse>$INFO[Skin.String(gamercolor2)]</colordiffuse>
                        </control>

<control type="image">
                            <top>150</top>
                            <left>150</left>
                            <width>125</width>
                            <height>125</height>
                          <texture fallback="apps2.png" diffuse="masks/Mask440x440r16.png">$INFO[ListItem.Icon]$INFO[ListItem.Path]$INFO[ListItem.Label]/icon.png</texture> 
                        </control>
<control type="image">
<animation type="Conditional" condition="true">
			<effect type="fade" start="100" end="50" delay="0" time="0" />
		</animation>
<animation type="UnFocus">
<effect type="slide" start="0,0" end="0,100" delay="0" time="250" tween="sine" easing="out"/>
<effect type="fade" start="100" end="0" delay="0" time="70"/>
		</animation>
<animation type="Focus">
<effect type="fade" start="0" end="100" delay="0" time="250"/>
<effect type="slide" start="0,100" end="0,0" delay="0" time="70" tween="sine" easing="out"/>
		</animation>
                            <top>303</top>
                            <left>0</left>
                            <width>430</width>
                            <height>125</height>
                          <texture diffuse="masks/Mask440x440r16.png">color_grey.png</texture> 
                          <colordiffuse>black</colordiffuse>
                          <visible>Control.HasFocus(9002) + !String.IsEmpty(ListItem.Label)</visible>
                        </control>
 <control type="label">
<animation type="UnFocus">
<effect type="slide" start="0,0" end="0,100" delay="0" time="250" tween="sine" easing="out"/>
<effect type="fade" start="100" end="0" delay="0" time="70"/>
		</animation>
<animation type="Focus">
<effect type="fade" start="0" end="100" delay="0" time="250"/>
<effect type="slide" start="0,100" end="0,0" delay="0" time="70" tween="sine" easing="out"/>
		</animation>
                               <top>360</top>
                                <left>30</left>
                                                                <width>315</width>
<scroll>false</scroll>
                                <textcolor>TextBright</textcolor>
                                <font>SettingsTiles</font>
                                <align>left</align>
                                <label>$INFO[ListItem.label]</label>
                            </control>
                             <control type="image">
<animation type="UnFocus">
<effect type="fade" start="100" end="0" delay="0" time="125"/>
		</animation>
<animation type="Focus">
<effect type="fade" start="0" end="100" delay="0" time="125"/>
		</animation>
<animation type="Hidden">
			<effect type="fade" start="100" end="0" delay="0" time="250" />
		</animation>
<animation type="Visible">
			<effect type="fade" start="0" end="100" delay="0" time="150" />
		</animation>
                            <top>-5</top>
                            <left>-5</left>
                            <width>440</width>
                            <height>440</height>
                          <texture border="100" diffuse="masks/Mask440x440r16.png">masks/Selector420x626r16.png</texture> 
                        <visible>Control.HasFocus(9002)</visible>
                        </control>

                        </control>
                        
                    </control>
                </focusedlayout>
                <content>
 <item id="1">
 <label2>false</label2>
			<label>Manage</label>
			<icon>icons/hdd.png</icon>
			<onclick>ActivateWindow(9009)</onclick>

		</item>
		
                </content>
       <content type="programs">special://xbmc/apps</content>

            </control>
             
          

  

 <control type="label">
<animation type="Visible">
			<effect type="fade" start="0" end="100" delay="0" time="300" />
			<effect type="slide" start="0,15" end="0,0" delay="0" time="200" tween="sine" easing="inout" />
		</animation>

<animation type="Hidden">
			<effect type="fade" start="100" end="0" delay="0" time="100" />
		</animation>
                               <top>-170</top>
                                <left>320</left>
                                <width>7615</width>
                                <textcolor>TextBright</textcolor>
                                <font>WidgetTitle</font>
                                <align>left</align>
                                <label>My Apps</label>
                            </control>

 
           </control>
                            
                                    <control type="group">
           <posy>5350</posy>

 <control type="panel" id="9003">
            
<animation type="Visible">
			<effect type="fade" start="0" end="100" delay="0" time="300" />
			<effect type="slide" start="0,15" end="0,0" delay="0" time="200" tween="sine" easing="inout" />
		</animation>

<animation type="Hidden">
			<effect type="fade" start="100" end="0" delay="0" time="100" />
		</animation>
		

                <left>310</left>
                <!-- <left>950</left> -->
                <width>3200</width>
                <height>1600</height>
                <top>-20</top>
                <orientation>horizontal</orientation>
                <focusposition>1</focusposition>

		<onclick condition="String.IsEmpty(ListItem.Label2)">Skin.SetString(temprecenticon, $INFO[ListItem.Path]$INFO[ListItem.Label]/icon.png)</onclick>
<onclick condition="String.IsEmpty(ListItem.Label2)">Skin.SetString(temprecenname, $INFO[ListItem.Label])</onclick>
<onclick condition="String.IsEmpty(ListItem.Label2)">Skin.SetString(temprecentexe, $INFO[ListItem.Path]$INFO[ListItem.Label]/app.py)</onclick>
<onclick condition="String.IsEmpty(ListItem.Label2)">Skin.SetString(temprecenttype, uwpapp)</onclick>
<onclick condition="String.IsEmpty(ListItem.Label2)">RunScript(special://skin/scripts/recentcontent.py)</onclick>

<onclick condition="String.IsEmpty(ListItem.Label2)">RunScript($INFO[ListItem.Path]$INFO[ListItem.Label]/app.py)</onclick>
<onclick condition="String.IsEmpty(ListItem.Label2)">Skin.SetString(gamefanart, )</onclick>
<onclick condition="String.IsEmpty(ListItem.Label2)">ActivateWindow(9000)</onclick>


<visible>true</visible>
                                   <onup>9002</onup>
                <ondown>-</ondown>
<onright>-</onright>
<onleft>-</onleft>
                <focusposition>2</focusposition>


               <itemlayout width="460" height="460">
                    <control type="group">
                        <left>9</left>
                        <top>20</top>
                        <width>480</width>
                        <height>160</height>
                        <control type="image">
<animation type="Conditional" condition="true">
			<effect type="fade" start="100" end="80" delay="0" time="0" />
		</animation>
                            <top>0</top>
                            <left>0</left>
                            <width>430</width>
                            <height>430</height>
                          <texture diffuse="masks/Mask440x440r16.png">color_grey.png</texture> 
                          <colordiffuse>$INFO[Skin.String(gamercolor2)]</colordiffuse>
                        </control>
<control type="image">
                            <top>150</top>
                            <left>150</left>
                            <width>125</width>
                            <height>125</height>
                         <texture fallback="apps2.png" diffuse="masks/Mask440x440r16.png">$INFO[ListItem.Icon]$INFO[ListItem.Path]$INFO[ListItem.Label]/icon.png</texture> 
                        </control>

                    </control>
                </itemlayout>

                <focusedlayout width="460" height="460">
                    <control type="group">
<animation type="Visible">
			<effect type="fade" start="0" end="100" delay="0" time="200" />
		</animation>

<animation type="Hidden">
			<effect type="fade" start="100" end="0" delay="0" time="200" />
		</animation>


                        <left>9</left>
                        <top>20</top>
                        <width>480</width>
                        <height>160</height>
                        <control type="group">
<control type="image">
<animation type="Conditional" condition="true">
			<effect type="fade" start="100" end="80" delay="0" time="0" />
		</animation>
                            <top>0</top>
                            <left>0</left>
                            <width>430</width>
                            <height>430</height>
                          <texture diffuse="masks/Mask440x440r16.png">color_grey.png</texture> 
                          <colordiffuse>$INFO[Skin.String(gamercolor2)]</colordiffuse>
                        </control>

<control type="image">
                            <top>150</top>
                            <left>150</left>
                            <width>125</width>
                            <height>125</height>
                          <texture fallback="apps2.png" diffuse="masks/Mask440x440r16.png">$INFO[ListItem.Icon]$INFO[ListItem.Path]$INFO[ListItem.Label]/icon.png</texture> 
                        </control>
<control type="image">
<animation type="Conditional" condition="true">
			<effect type="fade" start="100" end="50" delay="0" time="0" />
		</animation>
<animation type="UnFocus">
<effect type="slide" start="0,0" end="0,100" delay="0" time="250" tween="sine" easing="out"/>
<effect type="fade" start="100" end="0" delay="0" time="70"/>
		</animation>
<animation type="Focus">
<effect type="fade" start="0" end="100" delay="0" time="250"/>
<effect type="slide" start="0,100" end="0,0" delay="0" time="70" tween="sine" easing="out"/>
		</animation>
                            <top>303</top>
                            <left>0</left>
                            <width>430</width>
                            <height>125</height>
                          <texture diffuse="masks/Mask440x440r16.png">color_grey.png</texture> 
                          <colordiffuse>black</colordiffuse>
                          <visible>Control.HasFocus(9003) + !String.IsEmpty(ListItem.Label)</visible>
                        </control>
 <control type="label">
<animation type="UnFocus">
<effect type="slide" start="0,0" end="0,100" delay="0" time="250" tween="sine" easing="out"/>
<effect type="fade" start="100" end="0" delay="0" time="70"/>
		</animation>
<animation type="Focus">
<effect type="fade" start="0" end="100" delay="0" time="250"/>
<effect type="slide" start="0,100" end="0,0" delay="0" time="70" tween="sine" easing="out"/>
		</animation>
                               <top>360</top>
                                <left>30</left>
                                                                <width>315</width>
<scroll>false</scroll>
                                <textcolor>TextBright</textcolor>
                                <font>SettingsTiles</font>
                                <align>left</align>
                                <label>$INFO[ListItem.label]</label>
                            </control>
                             <control type="image">
<animation type="UnFocus">
<effect type="fade" start="100" end="0" delay="0" time="125"/>
		</animation>
<animation type="Focus">
<effect type="fade" start="0" end="100" delay="0" time="125"/>
		</animation>
<animation type="Hidden">
			<effect type="fade" start="100" end="0" delay="0" time="250" />
		</animation>
<animation type="Visible">
			<effect type="fade" start="0" end="100" delay="0" time="150" />
		</animation>
                            <top>-5</top>
                            <left>-5</left>
                            <width>440</width>
                            <height>440</height>
                          <texture border="100" diffuse="masks/Mask440x440r16.png">masks/Selector420x626r16.png</texture> 
                        <visible>Control.HasFocus(9003)</visible>
                        </control>

                        </control>
                        
                    </control>
                </focusedlayout>

       <content type="programs">special://xbmc/uwpapps</content>

            </control>
             
          

  

 <control type="label">
<animation type="Visible">
			<effect type="fade" start="0" end="100" delay="0" time="300" />
			<effect type="slide" start="0,15" end="0,0" delay="0" time="200" tween="sine" easing="inout" />
		</animation>

<animation type="Hidden">
			<effect type="fade" start="100" end="0" delay="0" time="100" />
		</animation>
                               <top>-170</top>
                                <left>320</left>
                                <width>7615</width>
                                <textcolor>TextBright</textcolor>
                                <font>WidgetTitle</font>
                                <align>left</align>
                                <label>UWP Apps</label>
                            </control>

 
           </control>


        </control>



<control type="group">
<animation type="Conditional" condition="Control.HasFocus(9001)">
			<effect type="slide" start="0,0" end="0,-1600" delay="0" time="250" tween="sine" easing="inout" />
		</animation>
<animation type="Conditional" condition="Control.HasFocus(9002)">
			<effect type="slide" start="0,0" end="0,-3200" delay="0" time="250" tween="sine" easing="inout" />
		</animation>

<animation type="Conditional" condition="Control.HasFocus(9003)">
			<effect type="slide" start="0,0" end="0,-4800" delay="0" time="250" tween="sine" easing="inout" />
		</animation>
                    		<animation type="WindowOpen" condition="Window.Previous(Startup)">
			<effect type="fade" start="0" end="100" delay="500" time="300"/>
		<effect type="slide" start="0,15" end="0,0" delay="500" time="200" tween="sine" easing="inout"/>
                    </animation>

		<animation type="WindowOpen" condition="!Window.Previous(Startup)">
			<effect type="fade" start="0" end="100" delay="0" time="300"/>
			<effect type="slide" start="0,15" end="0,0" delay="0" time="200" tween="sine" easing="inout"/>
                    </animation>
<animation type="WindowClose">
			<effect type="fade" start="100" end="0" delay="0" time="200"/>
                    </animation>
<left>40</left>
<top>120</top>
<control type="image">
<animation type="Visible">
			<effect type="fade" start="0" end="100" delay="0" time="300"/>
		</animation>
<animation type="Hidden">
			<effect type="fade" start="100" end="0" delay="0" time="300"/>
		</animation>
                            <top>70</top>
                            <left>3375</left>
                            <width>60</width>
                            <height>60</height>
                          <texture>icons\nowifi.png</texture> 
                          <visible>!System.InternetState</visible>
                        </control>
<control type="image">
<animation type="Visible">
			<effect type="fade" start="0" end="100" delay="0" time="300"/>
		</animation>
<animation type="Hidden">
			<effect type="fade" start="100" end="0" delay="0" time="300"/>
		</animation>
                            <top>63</top>
                            <left>3375</left>
                            <width>60</width>
                            <height>60</height>
                          <texture>icons\wifi.png</texture> 
                          <visible>System.InternetState</visible>
                        </control>

 <control type="label">
                                 <top>-1852</top>
                                <posx>2670</posx>
                                <textcolor>TextBright</textcolor>
                                <font>font20_title</font>
                                <align>center</align>
                                <label>$INFO[System.Time]</label>
                            </control>

</control>

  <control type="group">
<animation type="Conditional" condition="Control.HasFocus(9001)">
			<effect type="slide" start="0,0" end="0,-1600" delay="0" time="250" tween="sine" easing="inout" />
		</animation>
<animation type="Conditional" condition="Control.HasFocus(9002)">
			<effect type="slide" start="0,0" end="0,-3200" delay="0" time="250" tween="sine" easing="inout" />
		</animation>

<animation type="Conditional" condition="Control.HasFocus(9003)">
			<effect type="slide" start="0,0" end="0,-4800" delay="0" time="250" tween="sine" easing="inout" />
		</animation>
                    		<animation type="WindowOpen" condition="Window.Previous(Startup)">
			<effect type="fade" start="0" end="100" delay="500" time="300"/>
		<effect type="slide" start="0,15" end="0,0" delay="500" time="200" tween="sine" easing="inout"/>
                    </animation>

		<animation type="WindowOpen" condition="!Window.Previous(Startup)">
			<effect type="fade" start="0" end="100" delay="0" time="300"/>
			<effect type="slide" start="0,15" end="0,0" delay="0" time="200" tween="sine" easing="inout"/>
                    </animation>
<animation type="WindowClose">
			<effect type="fade" start="100" end="0" delay="0" time="200"/>
                    </animation>
<left>-3220</left>

                          <control type="image">
                            <top>150</top>
                            <left>3500</left>
                            <width>125</width>
                            <height>125</height>
                          <texture diffuse="masks/Mask80x80r40.png" fallback="DefaultActorSolid.png">$INFO[Skin.String(profileimage)]</texture> 
                        </control>
                        
                         <control type="label">
                                 <top>-1730</top>
                                <posx>370</posx>
                                <textcolor>TextBright</textcolor>
                                <font>font20_title</font>
                                <align>center</align>
                                <label>$INFO[Skin.String(profilename)]</label>
                            </control>

</control>

    </include>

</includes>