﻿<?xml version="1.0" encoding="UTF-8"?>

<includes>

    <include name="MainMenu">
        <control type="group">
                    
<animation type="Conditional" condition="Control.HasFocus(9001) + Container(900).HasFocus(1)">
			<effect type="slide" start="0,0" end="0,-1200" delay="0" time="250" tween="sine" easing="inout" />
		</animation>
<animation type="Conditional" condition="!Control.HasFocus(9001) + Container(900).HasFocus(1)">
			<effect type="slide" end="0,0" delay="0" time="150" tween="sine" easing="inout" />
		</animation>

<animation type="Conditional" condition="Control.HasFocus(9001) + Container(900).HasFocus(2)">
			<effect type="slide" start="0,0" end="0,-1400" delay="0" time="250" tween="sine" easing="inout" />
		</animation>
<animation type="Conditional" condition="!Control.HasFocus(9001) + Container(900).HasFocus(2)">
			<effect type="slide" end="0,0" delay="0" time="150" tween="sine" easing="inout" />
		</animation>
		
		<animation type="WindowOpen" condition="!Window.Previous(Startup)">
			<effect type="fade" start="0" end="100" delay="0" time="300"/>
			<effect type="slide" start="0,15" end="0,0" delay="0" time="200" tween="sine" easing="inout"/>
                    </animation>
<animation type="WindowClose">
			<effect type="fade" start="100" end="0" delay="0" time="300"/>
                    </animation>
            <left>0</left>
            <top>0</top>

            <control type="list" id="900">
               		<animation type="WindowOpen" condition="Window.Previous(Startup)">
					<effect type="fade" start="0" end="100" delay="200" time="300"/>
                    </animation>
                <left>0</left>
                <!-- <left>950</left> -->
                <width>3840</width>
                <top>236</top>
                <orientation>horizontal</orientation>
                <focusposition>2</focusposition>
<onright>-</onright>
<onleft>-</onleft>
                <ondown condition="!String.IsEmpty(Container(901).ListItem(1).Label) + String.IsEmpty(Container(900).ListItem.Label)">Control.SetFocus(901)</ondown>
   <ondown condition="!String.IsEmpty(Container(900).ListItem.Label)">Control.SetFocus(9010)</ondown>
                <itemlayout width="280" height="160">
                    <control type="group">
                        <left>150</left>
                        <width>480</width>
                        <height>160</height>
                        <control type="label">
                            <top>-8</top>
                            <textcolor>TextDim</textcolor>
                            <font>EpisodePlot</font>
                            <align>center</align>
                            <label>$INFO[ListItem.label2]</label>
                            <visible>!Skin.HasSetting(lighttheme)</visible>
                        </control>
   <control type="label">
                            <top>-8</top>
                            <textcolor>TextMid</textcolor>
                            <font>EpisodePlot</font>
                            <align>center</align>
                            <label>$INFO[ListItem.label2]</label>
                            <visible>Skin.HasSetting(lighttheme)</visible>
                        </control>
                    </control>
                </itemlayout>

                <focusedlayout width="280" height="160">
                    <control type="group">
                        <left>150</left>
                        <width>480</width>
                        <height>160</height>
                        <control type="group">
                            <control type="image">
<animation type="Visible">
			<effect type="fade" start="0" end="100" delay="0" time="200" />
		</animation>

<animation type="Hidden">
			<effect type="fade" start="100" end="0" delay="0" time="200" />
		</animation>

<animation type="Focus">
			<effect type="fade" start="0" end="100" delay="0" time="150" />
		</animation>

<animation type="UnFocus">
			<effect type="fade" start="100" end="0" delay="0" time="100" />
		</animation>
                            <left>140</left>
                            <top>20</top>
                                <texture diffuse="masks/mask412x618r162.png" colordiffuse="TextBright">color_white.png</texture>
                      <visible>Control.HasFocus(900) + !Skin.HasSetting(lighttheme)</visible>
                              <width>210</width>
                              <height>122</height>
                            </control>
 <control type="image">
<animation type="Visible">
			<effect type="fade" start="0" end="100" delay="0" time="200" />
		</animation>

<animation type="Hidden">
			<effect type="fade" start="100" end="0" delay="0" time="200" />
		</animation>

<animation type="Focus">
			<effect type="fade" start="0" end="100" delay="0" time="150" />
		</animation>

<animation type="UnFocus">
			<effect type="fade" start="100" end="0" delay="0" time="100" />
		</animation>
                            <left>120</left>
                            <top>140</top>
                                <texture colordiffuse="black">masks/Mask160x160r80.png</texture>
                      <visible>Control.HasFocus(900) + Skin.HasSetting(lighttheme)</visible>
                              <width>250</width>
                              <height>1</height>
                            </control>
                            <control type="label">
<animation type="Visible">
			<effect type="fade" start="0" end="100" delay="0" time="150" />
		</animation>

<animation type="Hidden">
			<effect type="fade" start="100" end="0" delay="0" time="100" />
		</animation>
                                <top>-8</top>
                                <textcolor>TextDark</textcolor>
                                <font>EpisodePlot</font>
                                <align>center</align>
                                <label>$INFO[ListItem.label2]</label>
                                <visible>Control.HasFocus(900)</visible>
                            </control>

 <control type="label">
<animation type="Visible">
			<effect type="fade" start="0" end="100" delay="0" time="150" />
		</animation>

<animation type="Hidden">
			<effect type="fade" start="100" end="0" delay="0" time="100" />
		</animation>
                                <top>-8</top>
                                <textcolor>TextBright</textcolor>
                                <font>EpisodePlot</font>
                                <align>center</align>
                                <label>$INFO[ListItem.label2]</label>
                                <visible>!Control.HasFocus(900)</visible>
                            </control>
                        </control>
                        
                    </control>
                </focusedlayout>
                <content>
                    <item id="1">
			<label2>Home</label2>
			<icon>demo/homebg2.jpg</icon>
			<onclick condition="!String.IsEmpty(Container(901).ListItem(1).Label)">Control.SetFocus(901, 0)</onclick>
			<visible>Skin.HasSetting(hometab)</visible>
		</item>
  <item id="2">
  <label>true</label>
			<label2>Games</label2>
	<icon>demo/homebg2.jpg</icon>
	<onclick condition="!String.IsEmpty(Container(9010).ListItem(1).Label)">Control.SetFocus(9010)</onclick>
		</item>
		 <item id="3">
		   <label>true</label>
			<label2>Apps</label2>
	<icon>demo/homebg2.jpg</icon>
	<onclick condition="!String.IsEmpty(Container(9010).ListItem(1).Label)">Control.SetFocus(9010)</onclick>
	<visible>Skin.HasSetting(appstab)</visible>
		</item>
		 <item id="4">
		   <label>true</label>
			<label2>UWP</label2>
	<icon>demo/homebg2.jpg</icon>
	<onclick condition="!String.IsEmpty(Container(9010).ListItem(1).Label)">Control.SetFocus(9010)</onclick>
	<visible>Skin.HasSetting(uwptab)</visible>
		</item>
		
                </content>
            </control>
            

     <control type="label">
		<animation type="WindowOpen" condition="Window.Previous(Startup)">
			<effect type="fade" start="0" end="100" delay="200" time="300"/>
			<effect type="slide" start="0,15" end="0,0" delay="200" time="200" tween="sine" easing="inout"/>
                    </animation>
                    
<animation type="Visible">
			<effect type="fade" start="0" end="100" delay="0" time="300" />
			<effect type="slide" start="0,15" end="0,0" delay="0" time="200" tween="sine" easing="inout" />
		</animation>

<animation type="Hidden">
			<effect type="fade" start="100" end="0" delay="0" time="200" />
		</animation>
		
    <visible>Container(900).HasFocus(1)</visible>
                               <top>-200</top>
                            <left>320</left>
                               <textcolor>White</textcolor>
                                <font>SemiBold160</font>
                                <align>left</align>
                                <label>Jump back[CR]in!</label>
                                    
                            </control>

     <control type="label">
     <animation type="Conditional" condition="!Control.HasFocus(9001)" reversible="true">
			<effect type="fade" start="100" end="50" delay="0" time="300" />
		</animation>
		<animation type="WindowOpen" condition="Window.Previous(Startup)">
			<effect type="fade" start="0" end="100" delay="600" time="300"/>
			<effect type="slide" start="0,15" end="0,0" delay="600" time="200" tween="sine" easing="inout"/>
                    </animation>
                    
<animation type="Visible">
			<effect type="fade" start="0" end="100" delay="0" time="300" />
			<effect type="slide" start="0,15" end="0,0" delay="0" time="200" tween="sine" easing="inout" />
		</animation>

<animation type="Hidden">
			<effect type="fade" start="100" end="0" delay="0" time="200" />
		</animation>
		
    <visible>Container(900).HasFocus(1) + Integer.IsGreaterOrEqual(Container(9001).NumItems, 1)</visible>
                               <top>1200</top>
                            <left>320</left>
                               <textcolor>White</textcolor>
                                <font>SemiBold46</font>
                                <align>left</align>
                                <label>RECENTLY LAUNCHED</label>
                                    
                            </control>

       <control type="panel" id="902">
            <animation type="Conditional" condition="Control.HasFocus(9001)" reversible="true">
			<effect type="fade" start="100" end="50" delay="0" time="300" />
		</animation>
                                         		<animation type="WindowOpen" condition="Window.Previous(Startup)">
			<effect type="fade" start="0" end="100" delay="200" time="300"/>
			<effect type="slide" start="0,15" end="0,0" delay="200" time="200" tween="sine" easing="inout"/>
                    </animation>
                    
		<animation type="Visible">
			<effect type="fade" start="0" end="100" delay="0" time="300" />
			<effect type="slide" start="0,15" end="0,0" delay="0" time="200" tween="sine" easing="inout" />
		</animation>

<animation type="Hidden">
			<effect type="fade" start="100" end="0" delay="0" time="100" />
		</animation>
		
    <visible>Container(900).HasFocus(1)</visible>

                <left>321</left>
                <!-- <left>950</left> -->
                <width>1950</width>
                <height>350</height>
                <top>1225</top>
                <orientation>vertical</orientation>
                <focusposition>2</focusposition>

                <onup>900</onup>
                <ondown>9001</ondown>
<onright>901</onright>
<onleft>-</onleft>
                               <itemlayout width="460" height="160">
                    <control type="group">
                        <left>9</left>
                        <top>20</top>
                        <width>480</width>
                        <height>160</height>
                        <control type="image">
<animation type="Conditional" condition="true">
			<effect type="fade" start="100" end="50" delay="0" time="0" />
		</animation>
                            <top>0</top>
                            <left>0</left>
                            <width>560</width>
                            <height>130</height>
                          <texture diffuse="masks/Mask440x440r16.png">color_grey.png</texture> 
                         <colordiffuse>$INFO[Skin.String(gamercolor2)]</colordiffuse>
                        </control>
<control type="image">
                            <top>27</top>
                            <left>27</left>
                            <width>80</width>
                            <height>80</height>
                          <texture diffuse="masks/Mask440x440r16.png">$INFO[ListItem.Label2]</texture> 
                        </control>
 <control type="label">
                                <top>-30</top>
                                <left>150</left>
                                <width>7615</width>
                                <textcolor>TextBright</textcolor>
                                <font>EpisodePlot</font>
                                <align>left</align>
                                <label>$INFO[ListItem.label]</label>
                            </control>
                    </control>
                </itemlayout>

                <focusedlayout width="460" height="160">
                    <control type="group">
<animation type="Visible">
			<effect type="fade" start="0" end="100" delay="0" time="200" />
		</animation>

<animation type="Hidden">
			<effect type="fade" start="100" end="0" delay="0" time="200" />
		</animation>


                        <left>9</left>
                        <top>20</top>
                        <width>480</width>
                        <height>160</height>
                        <control type="group">
<control type="image">
<animation type="Conditional" condition="true">
			<effect type="fade" start="100" end="50" delay="0" time="0" />
		</animation>
                            <top>0</top>
                            <left>0</left>
                            <width>560</width>
                            <height>130</height>
                          <texture diffuse="masks/Mask440x440r16.png">color_grey.png</texture> 
                         <colordiffuse>$INFO[Skin.String(gamercolor2)]</colordiffuse>
                        </control>
<control type="image">
                            <top>27</top>
                            <left>27</left>
                            <width>80</width>
                            <height>80</height>
                          <texture diffuse="masks/Mask440x440r16.png">$INFO[ListItem.Label2]</texture> 
                        </control>
 <control type="label">
                                <top>-30</top>
                                <left>150</left>
                                <width>7615</width>
                                <textcolor>TextBright</textcolor>
                                <font>EpisodePlot</font>
                                <align>left</align>
                                <label>$INFO[ListItem.label]</label>
                            </control>
                             <control type="image">
<animation type="UnFocus">
<effect type="fade" start="100" end="0" delay="0" time="125"/>
		</animation>
<animation type="Focus">
<effect type="fade" start="0" end="100" delay="0" time="125"/>
		</animation>
<animation type="Hidden">
			<effect type="fade" start="100" end="0" delay="0" time="0" />
		</animation>
<animation type="Visible">
			<effect type="fade" start="0" end="100" delay="0" time="200" />
		</animation>
                            <top>-5</top>
                            <left>-5</left>
                            <width>560</width>
                            <height>140</height>
                          <texture border="50" diffuse="masks/Mask440x440r16.png">masks/Selector420x626r16.png</texture> 
                        <visible>Control.HasFocus(902)</visible>
                        </control>

                        </control>
                        
                    </control>
                </focusedlayout>
                <content>
                   
                     <item id="1">
			<label>Games & apps</label>
			<label2>icons/library.png</label2>
			<icon>-</icon>
<onclick>ActivateWindow(9001)</onclick>
		</item>


	
		
                </content>
            </control>

                        <control type="panel" id="901">
                                    <animation type="Conditional" condition="Control.HasFocus(9001)" reversible="true">
			<effect type="fade" start="100" end="50" delay="0" time="300" />
		</animation>
                        		<animation type="WindowOpen" condition="Window.Previous(Startup)">
			<effect type="fade" start="0" end="100" delay="400" time="300"/>
			<effect type="slide" start="0,15" end="0,0" delay="400" time="200" tween="sine" easing="inout"/>
                    </animation>
                    
<animation type="Visible">
			<effect type="fade" start="0" end="100" delay="0" time="300" />
			<effect type="slide" start="0,15" end="0,0" delay="0" time="200" tween="sine" easing="inout" />
		</animation>

<animation type="Hidden">
			<effect type="fade" start="100" end="0" delay="0" time="100" />
		</animation>
		
    <visible>Container(900).HasFocus(1)</visible>

                <left>1670</left>
                <!-- <left>950</left> -->
                <width>4000</width>
                <height>1100</height>
                <top>560</top>
                <orientation>horizontal</orientation>
                <focusposition>2</focusposition>

                <onup>900</onup>
                <ondown>9001</ondown>
<onright>-</onright>
<onleft>902</onleft>
                <itemlayout width="1750" height="1320">
                    <control type="group">
                        <left>109</left>
                        <top>120</top>
                        <width>480</width>
                        <height>160</height>
                                                <control type="image">
<animation type="Conditional" condition="true">
			<effect type="fade" start="100" end="50" delay="0" time="0" />
		</animation>
                           <top>-100</top>
                            <left>-100</left>
                            <width>1700</width>
                            <height>800</height>
                          <texture diffuse="masks/mask1648x760r16.png">color_grey.png</texture> 
                          <colordiffuse>$INFO[Skin.String(gamercolor2)]</colordiffuse>
                        </control>
                          <control type="image">
<visible>String.IsEmpty(ListItem.Thumb)</visible>
                           <top>-5</top>
                            <left>-5</left>
                            <width>590</width>
                            <height>590</height>
                                                <texture fallback="appfb.jpg" diffuse="masks/Mask440x440r16.png">$INFO[ListItem.Icon]</texture> 
                          <aspectratio scalediffuse="false" align="center" aligny="center">scale</aspectratio>
                        </control>
                        <control type="image">
<visible>!String.IsEmpty(ListItem.Thumb)</visible>
                        <animation type="Conditional" condition="true">
			<effect type="fade" start="100" end="70" delay="0" time="0" />
		</animation>
                           <top>-5</top>
                            <left>-5</left>
                            <width>590</width>
                            <height>590</height>
                          <texture diffuse="masks/Mask440x440r16.png">color_grey.png</texture> 
                          <colordiffuse>$INFO[Skin.String(gamercolor2)]</colordiffuse>
                        </control>
                                                  <control type="image">
<visible>!String.IsEmpty(ListItem.Thumb)</visible>
                           <top>212</top>
                            <left>212</left>
                            <width>125</width>
                            <height>125</height>
                          <texture diffuse="masks/Mask440x440r16.png">$INFO[ListItem.Thumb]</texture> 
                        </control>
                          <control type="image">
                          <visible>String.IsEmpty(ListItem.Thumb)</visible>
                           <top>-5</top>
                            <left>-5</left>
                            <width>590</width>
                            <height>590</height>
                          <texture diffuse="masks/Mask440x440r16.png">masks\BackgroundMaskBlack.png</texture> 
                          <colordiffuse>8C000000</colordiffuse>
                        </control>
                            <control type="textbox">
   <description>My first text box control</description>
   <left>680</left>
   <top>100</top>
   <width>870</width>
   <height>900</height>
   <visible>true</visible>
 <textcolor>White</textcolor>
<font>SemiBold90</font>
<scroll>false</scroll>
   <autoscroll>false</autoscroll>
   <label>[UPPERCASE]$INFO[ListItem.label][/UPPERCASE]</label>
   <align>left</align>
</control>

                                                  <control type="image">
<visible>Skin.String(inputmethod, KEYBOARD)</visible>
                           <top>470</top>
                            <left>690</left>
                            <width>60</width>
                            <height>60</height>
                          <texture>demo/kb_a.png</texture> 
                        </control>
            <control type="image">
<visible>Skin.String(inputmethod, PS)</visible>
                           <top>470</top>
                            <left>690</left>
                            <width>60</width>
                            <height>60</height>
                          <texture>demo/ps_a.png</texture> 
                        </control>
          <control type="image">
<visible>!Skin.String(inputmethod, PS) + !Skin.String(inputmethod, KEYBOARD)</visible>
                           <top>470</top>
                            <left>690</left>
                            <width>60</width>
                            <height>60</height>
                          <texture>demo/a.png</texture> 
                        </control>
                        
                             <control type="label">

                               <top>500</top>
                            <left>790</left>
                               <textcolor>White</textcolor>
                                <font>DebugText</font>
                                <align>left</align>
                                <label>RESUME</label>
                                    
                            </control>

                    </control>
                </itemlayout>

                <focusedlayout width="1750" height="1320">
                                    <control type="group">
                        <left>109</left>
                        <top>120</top>
                        <width>480</width>
                        <height>160</height>
                                                <control type="image">
<animation type="Conditional" condition="true">
			<effect type="fade" start="100" end="50" delay="0" time="0" />
		</animation>
                           <top>-100</top>
                            <left>-100</left>
                            <width>1700</width>
                            <height>800</height>
                          <texture diffuse="masks/mask1648x760r16.png">color_grey.png</texture> 
                          <colordiffuse>$INFO[Skin.String(gamercolor2)]</colordiffuse>
                        </control>
                          <control type="image">
<visible>String.IsEmpty(ListItem.Thumb)</visible>
                           <top>-5</top>
                            <left>-5</left>
                            <width>590</width>
                            <height>590</height>
                                                <texture fallback="appfb.jpg" diffuse="masks/Mask440x440r16.png">$INFO[ListItem.Icon]</texture> 
                          <aspectratio scalediffuse="false" align="center" aligny="center">scale</aspectratio>
                        </control>
                        <control type="image">
<visible>!String.IsEmpty(ListItem.Thumb)</visible>
                        <animation type="Conditional" condition="true">
			<effect type="fade" start="100" end="70" delay="0" time="0" />
		</animation>
                           <top>-5</top>
                            <left>-5</left>
                            <width>590</width>
                            <height>590</height>
                          <texture diffuse="masks/Mask440x440r16.png">color_grey.png</texture> 
                          <colordiffuse>$INFO[Skin.String(gamercolor2)]</colordiffuse>
                        </control>
                                                  <control type="image">
<visible>!String.IsEmpty(ListItem.Thumb)</visible>
                           <top>212</top>
                            <left>212</left>
                            <width>125</width>
                            <height>125</height>
                          <texture diffuse="masks/Mask440x440r16.png">$INFO[ListItem.Thumb]</texture> 
                        </control>
                          <control type="image">
                          <visible>String.IsEmpty(ListItem.Thumb)</visible>
                           <top>-5</top>
                            <left>-5</left>
                            <width>590</width>
                            <height>590</height>
                          <texture diffuse="masks/Mask440x440r16.png">masks\BackgroundMaskBlack.png</texture> 
                          <colordiffuse>8C000000</colordiffuse>
                        </control>
                                               <control type="textbox">
   <description>My first text box control</description>
   <left>680</left>
   <top>100</top>
   <width>870</width>
   <height>900</height>
   <visible>true</visible>
 <textcolor>White</textcolor>
<font>SemiBold90</font>
<scroll>false</scroll>
   <autoscroll>false</autoscroll>
   <label>[UPPERCASE]$INFO[ListItem.label][/UPPERCASE]</label>
   <align>left</align>
</control>

                                                  <control type="image">
<visible>Skin.String(inputmethod, KEYBOARD)</visible>
                           <top>470</top>
                            <left>690</left>
                            <width>60</width>
                            <height>60</height>
                          <texture>demo/kb_a.png</texture> 
                        </control>
            <control type="image">
<visible>Skin.String(inputmethod, PS)</visible>
                           <top>470</top>
                            <left>690</left>
                            <width>60</width>
                            <height>60</height>
                          <texture>demo/ps_a.png</texture> 
                        </control>
          <control type="image">
<visible>!Skin.String(inputmethod, PS) + !Skin.String(inputmethod, KEYBOARD)</visible>
                           <top>470</top>
                            <left>690</left>
                            <width>60</width>
                            <height>60</height>
                          <texture>demo/a.png</texture> 
                        </control>
                        
                             <control type="label">
<width>500</width>
                               <top>500</top>
                            <left>790</left>
                               <textcolor>White</textcolor>
                                <font>DebugText</font>
                                <align>left</align>
                                <label>RESUME</label>
                                    
                            </control>

                             <control type="image">
<animation type="UnFocus">
<effect type="fade" start="100" end="0" delay="0" time="25"/>
		</animation>
<animation type="Focus">
<effect type="fade" start="0" end="100" delay="0" time="25"/>
		</animation>
<animation type="Hidden">
			<effect type="fade" start="100" end="0" delay="0" time="250" />
		</animation>
<animation type="Visible">
			<effect type="fade" start="0" end="100" delay="0" time="150" />
		</animation>
                           <top>-100</top>
                            <left>-100</left>
                            <width>1700</width>
                            <height>800</height>
                          <texture border="100" diffuse="masks/Mask440x440r16.png">masks/Selector420x626r16.png</texture> 
                          <visible>Control.HasFocus(901)</visible>
                        </control>


                        
                    </control>
                </focusedlayout>
                <content>
<item id="1">
			<label>$INFO[Skin.String(temprecenname)]</label>
			<thumb>$INFO[Skin.String(temprecenticon)]</thumb>
												<onclick>RunScript($INFO[Skin.String(temprecentexe)])</onclick>
<onclick>Skin.SetString(gamefanart, )</onclick>
<onclick>ActivateWindow(9000)</onclick>
						<visible>Skin.String(temprecenttype, app)</visible>
		</item>
<item id="1">
			<label>$INFO[Skin.String(temprecenname)]</label>
			<thumb>$INFO[Skin.String(temprecenticon)]</thumb>
												<onclick>RunScript($INFO[Skin.String(temprecentexe)])</onclick>
<onclick>Skin.SetString(gamefanart, )</onclick>
<onclick>ActivateWindow(9000)</onclick>
						<visible>Skin.String(temprecenttype, uwpapp) | Skin.String(temprecenttype, winapp)</visible>
		</item>
<item id="1">
			<label>$INFO[Skin.String(temprecenname)]</label>
			<icon>$INFO[Skin.String(temprecenticon)]</icon>
												<onclick>RunScript($INFO[Skin.String(temprecentexe)])</onclick>
														
<onclick>Skin.SetString(gamefanart, $INFO[Skin.String(temprecentart])</onclick>
<onclick>ActivateWindow(9000)</onclick>
<visible>Skin.String(temprecenttype, game)</visible>
		</item>
		<item id="1">
			<label>$INFO[Skin.String(temprecenname)]</label>
			<thumb>$INFO[Skin.String(temprecenticon)]</thumb>
										<onclick>RunScript($INFO[Skin.String(temprecentexe)])</onclick>
														
<onclick>Skin.SetString(gamefanart, )</onclick>
<onclick>ActivateWindow(9000)</onclick>
<visible>Skin.String(temprecenttype, wingame)</visible>
		</item>
		
		<item id="1">
			<label>Welcome to WinDash</label>
			<icon>demo/jump.jpg</icon>
<onclick>ActivateWindow(9001)</onclick>
		<visible>String.IsEmpty(Skin.String(temprecenname)) | String.IsEmpty(Skin.String(temprecenticon))</visible>
		</item>
                 
		
                </content>
            </control>  

            <control type="image">
            <animation type="Conditional" condition="true">
			<effect type="fade" start="100" end="20" delay="0" time="0" />
		</animation>
		<animation type="Visible">
			<effect type="fade" start="0" end="100" delay="0" time="200" />
		</animation>

<animation type="Hidden">
			<effect type="fade" start="100" end="0" delay="100" time="200" />
		</animation>
            <left>0</left>
            <top>2540</top>
            <width>3840</width>
            <height>1200</height>
            <fadetime>400</fadetime>
            <texture background="true" fallback="demo/homebg2.jpg">demo/blur.jpg</texture>
            			<colordiffuse>FF363636</colordiffuse>
            			<aspectratio>scale</aspectratio>
            			<visible>!Skin.HasSetting(bgimage) + Control.HasFocus(9001) + Container(900).HasFocus(2)</visible>
        </control>
            <control type="image">
            <animation type="Conditional" condition="true">
			<effect type="fade" start="100" end="80" delay="0" time="0" />
		</animation>
		<animation type="Visible">
			<effect type="fade" start="0" end="100" delay="0" time="200" />
		</animation>

<animation type="Hidden">
			<effect type="fade" start="100" end="0" delay="100" time="200" />
		</animation>
            <left>0</left>
            <top>2540</top>
            <width>3840</width>
            <height>1200</height>
            <fadetime>400</fadetime>
            <texture background="true" fallback="demo/homebg2.jpg">demo/blur.jpg</texture>
            			<colordiffuse>FF363636</colordiffuse>
            			<aspectratio>scale</aspectratio>
            			<visible>Skin.HasSetting(bgimage) + Control.HasFocus(9001) + Container(900).HasFocus(2)</visible>
        </control>


            <control type="image">
            <animation type="Conditional" condition="true">
			<effect type="fade" start="100" end="20" delay="0" time="0" />
		</animation>
		<animation type="Visible">
			<effect type="fade" start="0" end="100" delay="0" time="200" />
		</animation>

<animation type="Hidden">
			<effect type="fade" start="100" end="0" delay="100" time="200" />
		</animation>
            <left>0</left>
            <top>2300</top>
            <width>3840</width>
            <height>1200</height>
            <fadetime>400</fadetime>
            <texture background="true" fallback="demo/homebg2.jpg">demo/blur.jpg</texture>
            			<colordiffuse>FF363636</colordiffuse>
            			<aspectratio>scale</aspectratio>
            			<visible>!Skin.HasSetting(bgimage) + Control.HasFocus(9001) + Container(900).HasFocus(1)</visible>
        </control>
            <control type="image">
            <animation type="Conditional" condition="true">
			<effect type="fade" start="100" end="80" delay="0" time="0" />
		</animation>
		<animation type="Visible">
			<effect type="fade" start="0" end="100" delay="0" time="200" />
		</animation>

<animation type="Hidden">
			<effect type="fade" start="100" end="0" delay="100" time="200" />
		</animation>
            <left>0</left>
            <top>2300</top>
            <width>3840</width>
            <height>1200</height>
            <fadetime>400</fadetime>
            <texture background="true" fallback="demo/homebg2.jpg">demo/blur.jpg</texture>
            			<colordiffuse>FF363636</colordiffuse>
            			<aspectratio>scale</aspectratio>
            			<visible>Skin.HasSetting(bgimage) + Control.HasFocus(9001) + Container(900).HasFocus(1)</visible>
        </control>
                    <control type="grouplist">
                    <visible>Integer.IsGreaterOrEqual(Container(9001).NumItems, 1)</visible>
                         <animation type="Conditional" condition="!Control.HasFocus(9001)" reversible="true">
			<effect type="fade" start="100" end="50" delay="0" time="300" />
		</animation>
		<animation type="WindowOpen" condition="Window.Previous(Startup)">
			<effect type="fade" start="0" end="100" delay="600" time="300"/>
			<effect type="slide" start="0,15" end="0,0" delay="600" time="200" tween="sine" easing="inout"/>
                    </animation>
<left>-10</left>
                    <width>3400</width>
                    <height>2000</height>
                    <top>1300</top>
                    <control type="group">


   <control type="fixedlist" id="9001">
            
<animation type="Visible">
			<effect type="fade" start="0" end="100" delay="0" time="300" />
			<effect type="slide" start="0,15" end="0,0" delay="0" time="200" tween="sine" easing="inout" />
		</animation>

<animation type="Hidden">
			<effect type="fade" start="100" end="0" delay="0" time="100" />
		</animation>
		
		<focusposition>1</focusposition>

                <left>1450</left>
                <!-- <left>950</left> -->
                <width>3500</width>
                <height>1000</height>
                <top>470</top>
                <orientation>horizontal</orientation>

     <visible>Container(900).HasFocus(1)</visible>



                                   <onup>901</onup>
                <ondown>-</ondown>
<onright>-</onright>
<onleft>-</onleft>
               <itemlayout width="490" height="460">
                    <control type="group">
                        <left>-959</left>
                        <top>20</top>
                        <width>480</width>
                        <height>160</height>
                        <control type="image">
<animation type="Conditional" condition="true">
			<effect type="fade" start="100" end="50" delay="0" time="0" />
		</animation>
                            <top>0</top>
                            <left>0</left>
                            <width>430</width>
                            <height>430</height>
                          <texture diffuse="masks/Mask440x440r16.png">color_grey.png</texture> 
                          <colordiffuse>$INFO[Skin.String(gamercolor2)]</colordiffuse>
                        </control>
                          <control type="image">
                            <top>0</top>
                            <left>0</left>
                            <width>430</width>
                            <height>430</height>
                          <texture diffuse="masks/Mask440x440r16.png">$INFO[ListItem.ActualIcon]</texture> 
<aspectratio scalediffuse="false" align="center" aligny="center">scale</aspectratio>
                        </control>
                          <control type="image">
                            <top>150</top>
                            <left>150</left>
                            <width>125</width>
                            <height>125</height>
                          <texture diffuse="masks/Mask440x440r16.png">$INFO[ListItem.Thumb]</texture> 
<aspectratio scalediffuse="false" align="center" aligny="center">scale</aspectratio>
                        </control>
                    </control>
                </itemlayout>

                <focusedlayout width="490" height="460">
                    <control type="group">
<animation type="Visible">
			<effect type="fade" start="0" end="100" delay="0" time="200" />
		</animation>

<animation type="Hidden">
			<effect type="fade" start="100" end="0" delay="0" time="200" />
		</animation>


                        <left>-959</left>
                        <top>20</top>
                        <width>480</width>
                        <height>160</height>
                        <control type="group">
                        <control type="image">
<animation type="Conditional" condition="true">
			<effect type="fade" start="100" end="50" delay="0" time="0" />
		</animation>
                            <top>0</top>
                            <left>0</left>
                            <width>430</width>
                            <height>430</height>
                          <texture diffuse="masks/Mask440x440r16.png">color_grey.png</texture> 
                          <colordiffuse>$INFO[Skin.String(gamercolor2)]</colordiffuse>
                        </control>
                          <control type="image">
                            <top>0</top>
                            <left>0</left>
                            <width>430</width>
                            <height>430</height>
                          <texture diffuse="masks/Mask440x440r16.png">$INFO[ListItem.ActualIcon]</texture> 
<aspectratio scalediffuse="false" align="center" aligny="center">scale</aspectratio>
                        </control>
                          <control type="image">
                            <top>150</top>
                            <left>150</left>
                            <width>125</width>
                            <height>125</height>
                          <texture diffuse="masks/Mask440x440r16.png">$INFO[ListItem.Thumb]</texture> 
<aspectratio scalediffuse="false" align="center" aligny="center">scale</aspectratio>
                        </control>

                        </control>
                        
                    </control>
                </focusedlayout>
       <content>
       <item id="3">

			<label2>$INFO[Skin.String(recen1name)]</label2>
			<thumb>$INFO[Skin.String(recent1icon)]</thumb>
												<onclick>RunScript($INFO[Skin.String(recent1exe)])</onclick>
<onclick>Skin.SetString(gamefanart, )</onclick>
<onclick>ActivateWindow(9000)</onclick>
						<visible>Skin.String(recent1type, uwpapp) | Skin.String(recent1type, winapp)</visible>
		</item>
<item id="3">
			<label2>$INFO[Skin.String(recen1name)]</label2>
			<thumb>$INFO[Skin.String(recent1icon)]</thumb>
												<onclick>RunScript($INFO[Skin.String(recent1exe)])</onclick>
<onclick>Skin.SetString(gamefanart, )</onclick>
<onclick>ActivateWindow(9000)</onclick>
						<visible>Skin.String(recent1type, app)</visible>
		</item>
<item id="3">
			<label2>$INFO[Skin.String(recen1name)]</label2>
			<icon>$INFO[Skin.String(recent1icon)]</icon>
												<onclick>RunScript($INFO[Skin.String(recent1exe)])</onclick>
<onclick>Skin.SetString(gamefanart, $INFO[Skin.String(recent1art)])</onclick>
<onclick>ActivateWindow(9000)</onclick>
<visible>Skin.String(recent1type, game)</visible>
		</item>
<item id="3">
			<label2>$INFO[Skin.String(recen1name)]</label2>
			<thumb>$INFO[Skin.String(recent1icon)]</thumb>
										<onclick>RunScript($INFO[Skin.String(recent1exe)])</onclick>
<onclick>Skin.SetString(gamefanart, )</onclick>
<onclick>ActivateWindow(9000)</onclick>
<visible>Skin.String(recent1type, wingame)</visible>
		</item>

<item id="3">

			<label2>$INFO[Skin.String(recen2name)]</label2>
			<thumb>$INFO[Skin.String(recent2icon)]</thumb>
												<onclick>RunScript($INFO[Skin.String(recent2exe)])</onclick>
<onclick>Skin.SetString(gamefanart, )</onclick>
<onclick>ActivateWindow(9000)</onclick>
						<visible>Skin.String(recent2type, uwpapp) | Skin.String(recent2type, winapp)</visible>
		</item>
<item id="3">

			<label2>$INFO[Skin.String(recen2name)]</label2>
			<thumb>$INFO[Skin.String(recent2icon)]</thumb>
												<onclick>RunScript($INFO[Skin.String(recent2exe)])</onclick>
<onclick>Skin.SetString(gamefanart, )</onclick>
<onclick>ActivateWindow(9000)</onclick>
						<visible>Skin.String(recent2type, app)</visible>
		</item>
<item id="3">
			<label2>$INFO[Skin.String(recen2name)]</label2>

			<icon>$INFO[Skin.String(recent2icon)]</icon>
												<onclick>RunScript($INFO[Skin.String(recent2exe)])</onclick>	
<onclick>Skin.SetString(gamefanart, $INFO[Skin.String(recent2art)])</onclick>
<onclick>ActivateWindow(9000)</onclick>
<visible>Skin.String(recent2type, game)</visible>
		</item>
<item id="3">

			<label2>$INFO[Skin.String(recen2name)]</label2>
			<thumb>$INFO[Skin.String(recent2icon)]</thumb>
										<onclick>RunScript($INFO[Skin.String(recent2exe)])</onclick>
<onclick>Skin.SetString(gamefanart, )</onclick>
<onclick>ActivateWindow(9000)</onclick>
<visible>Skin.String(recent2type, wingame)</visible>
		</item>

<item id="3">

			<label2>$INFO[Skin.String(recen3name)]</label2>
			<thumb>$INFO[Skin.String(recent3icon)]</thumb>
												<onclick>RunScript($INFO[Skin.String(recent3exe)])</onclick>
<onclick>Skin.SetString(gamefanart, )</onclick>
<onclick>ActivateWindow(9000)</onclick>
						<visible>Skin.String(recent3type, uwpapp) | Skin.String(recent3type, winapp)</visible>
		</item>
<item id="3">

			<label2>$INFO[Skin.String(recen3name)]</label2>
			<thumb>$INFO[Skin.String(recent3icon)]</thumb>
												<onclick>RunScript($INFO[Skin.String(recent3exe)])</onclick>
<onclick>Skin.SetString(gamefanart, )</onclick>
<onclick>ActivateWindow(9000)</onclick>
						<visible>Skin.String(recent3type, app)</visible>
		</item>
<item id="3">
			<label2>$INFO[Skin.String(recen3name)]</label2>

			<icon>$INFO[Skin.String(recent3icon)]</icon>
												<onclick>RunScript($INFO[Skin.String(recent3exe)])</onclick>	
<onclick>Skin.SetString(gamefanart, $INFO[Skin.String(recent3art)])</onclick>
<onclick>ActivateWindow(9000)</onclick>
<visible>Skin.String(recent3type, game)</visible>
		</item>
<item id="3">

			<label2>$INFO[Skin.String(recen3name)]</label2>
			<thumb>$INFO[Skin.String(recent3icon)]</thumb>
										<onclick>RunScript($INFO[Skin.String(recent3exe)])</onclick>
<onclick>Skin.SetString(gamefanart, )</onclick>
<onclick>ActivateWindow(9000)</onclick>
<visible>Skin.String(recent3type, wingame)</visible>
		</item>

<item id="3">

			<label2>$INFO[Skin.String(recen4name)]</label2>
			<thumb>$INFO[Skin.String(recent4icon)]</thumb>
												<onclick>RunScript($INFO[Skin.String(recent4exe)])</onclick>
<onclick>Skin.SetString(gamefanart, )</onclick>
<onclick>ActivateWindow(9000)</onclick>
						<visible>Skin.String(recent4type, uwpapp) | Skin.String(recent4type, winapp)</visible>
		</item>
<item id="3">

			<label2>$INFO[Skin.String(recen4name)]</label2>
			<thumb>$INFO[Skin.String(recent4icon)]</thumb>
												<onclick>RunScript($INFO[Skin.String(recent4exe)])</onclick>
<onclick>Skin.SetString(gamefanart, )</onclick>
<onclick>ActivateWindow(9000)</onclick>
						<visible>Skin.String(recent4type, app)</visible>
		</item>
<item id="3">
			<label2>$INFO[Skin.String(recen4name)]</label2>

			<icon>$INFO[Skin.String(recent4icon)]</icon>
												<onclick>RunScript($INFO[Skin.String(recent4exe)])</onclick>	
<onclick>Skin.SetString(gamefanart, $INFO[Skin.String(recent4art)])</onclick>
<onclick>ActivateWindow(9000)</onclick>
<visible>Skin.String(recent4type, game)</visible>
		</item>
<item id="3">

			<label2>$INFO[Skin.String(recen4name)]</label2>
			<thumb>$INFO[Skin.String(recent4icon)]</thumb>
										<onclick>RunScript($INFO[Skin.String(recent4exe)])</onclick>
<onclick>Skin.SetString(gamefanart, )</onclick>
<onclick>ActivateWindow(9000)</onclick>
<visible>Skin.String(recent4type, wingame)</visible>
		</item>

<item id="3">

			<label2>$INFO[Skin.String(recen5name)]</label2>
			<thumb>$INFO[Skin.String(recent5icon)]</thumb>
												<onclick>RunScript($INFO[Skin.String(recent5exe)])</onclick>
<onclick>Skin.SetString(gamefanart, )</onclick>
<onclick>ActivateWindow(9000)</onclick>
						<visible>Skin.String(recent5type, uwpapp) | Skin.String(recent5type, winapp)</visible>
		</item>
<item id="3">

			<label2>$INFO[Skin.String(recen5name)]</label2>
			<thumb>$INFO[Skin.String(recent5icon)]</thumb>
												<onclick>RunScript($INFO[Skin.String(recent5exe)])</onclick>
<onclick>Skin.SetString(gamefanart, )</onclick>
<onclick>ActivateWindow(9000)</onclick>
						<visible>Skin.String(recent5type, app)</visible>
		</item>
<item id="3">
			<label2>$INFO[Skin.String(recen5name)]</label2>

			<icon>$INFO[Skin.String(recent5icon)]</icon>
												<onclick>RunScript($INFO[Skin.String(recent5exe)])</onclick>	
<onclick>Skin.SetString(gamefanart, $INFO[Skin.String(recent5art)])</onclick>
<onclick>ActivateWindow(9000)</onclick>
<visible>Skin.String(recent5type, game)</visible>
		</item>
<item id="3">

			<label2>$INFO[Skin.String(recen5name)]</label2>
			<thumb>$INFO[Skin.String(recent5icon)]</thumb>
										<onclick>RunScript($INFO[Skin.String(recent5exe)])</onclick>
<onclick>Skin.SetString(gamefanart, )</onclick>
<onclick>ActivateWindow(9000)</onclick>
<visible>Skin.String(recent5type, wingame)</visible>
		</item>
		
<item id="3">

			<label2>$INFO[Skin.String(recen6name)]</label2>
			<thumb>$INFO[Skin.String(recent6icon)]</thumb>
												<onclick>RunScript($INFO[Skin.String(recent6exe)])</onclick>
<onclick>Skin.SetString(gamefanart, )</onclick>
<onclick>ActivateWindow(9000)</onclick>
						<visible>Skin.String(recent6type, uwpapp) | Skin.String(recent6type, winapp)</visible>
		</item>
<item id="3">

			<label2>$INFO[Skin.String(recen6name)]</label2>
			<thumb>$INFO[Skin.String(recent6icon)]</thumb>
												<onclick>RunScript($INFO[Skin.String(recent6exe)])</onclick>
<onclick>Skin.SetString(gamefanart, )</onclick>
<onclick>ActivateWindow(9000)</onclick>
						<visible>Skin.String(recent6type, app)</visible>
		</item>
<item id="3">
			<label2>$INFO[Skin.String(recen6name)]</label2>

			<icon>$INFO[Skin.String(recent6icon)]</icon>
												<onclick>RunScript($INFO[Skin.String(recent6exe)])</onclick>	
<onclick>Skin.SetString(gamefanart, $INFO[Skin.String(recent6art)])</onclick>
<onclick>ActivateWindow(9000)</onclick>
<visible>Skin.String(recent6type, game)</visible>
		</item>
<item id="3">

			<label2>$INFO[Skin.String(recen6name)]</label2>
			<thumb>$INFO[Skin.String(recent6icon)]</thumb>
										<onclick>RunScript($INFO[Skin.String(recent6exe)])</onclick>
<onclick>Skin.SetString(gamefanart, )</onclick>
<onclick>ActivateWindow(9000)</onclick>
<visible>Skin.String(recent6type, wingame)</visible>
		</item>
<item id="3">

			<label2>$INFO[Skin.String(recen7name)]</label2>
			<thumb>$INFO[Skin.String(recent7icon)]</thumb>
												<onclick>RunScript($INFO[Skin.String(recent7exe)])</onclick>
<onclick>Skin.SetString(gamefanart, )</onclick>
<onclick>ActivateWindow(9000)</onclick>
						<visible>Skin.String(recent7type, uwpapp) | Skin.String(recent7type, winapp)</visible>
		</item>
<item id="3">

			<label2>$INFO[Skin.String(recen7name)]</label2>
			<thumb>$INFO[Skin.String(recent7icon)]</thumb>
												<onclick>RunScript($INFO[Skin.String(recent7exe)])</onclick>
<onclick>Skin.SetString(gamefanart, )</onclick>
<onclick>ActivateWindow(9000)</onclick>
						<visible>Skin.String(recent7type, app)</visible>
		</item>
<item id="3">

			<label2>$INFO[Skin.String(recen7name)]</label2>
			<icon>$INFO[Skin.String(recent7icon)]</icon>
												<onclick>RunScript($INFO[Skin.String(recent7exe)])</onclick>	
<onclick>Skin.SetString(gamefanart, $INFO[Skin.String(recent7art)])</onclick>
<onclick>ActivateWindow(9000)</onclick>
<visible>Skin.String(recent7type, game)</visible>
		</item>
<item id="3">

			<label2>$INFO[Skin.String(recen7name)]</label2>
			<thumb>$INFO[Skin.String(recent7icon)]</thumb>
										<onclick>RunScript($INFO[Skin.String(recent7exe)])</onclick>
<onclick>Skin.SetString(gamefanart, )</onclick>
<onclick>ActivateWindow(9000)</onclick>
<visible>Skin.String(recent7type, wingame)</visible>
		</item>
		
		<item id="3">

			<label2>$INFO[Skin.String(recen8name)]</label2>
			<thumb>$INFO[Skin.String(recent8icon)]</thumb>
												<onclick>RunScript($INFO[Skin.String(recent8exe)])</onclick>
<onclick>Skin.SetString(gamefanart, )</onclick>
<onclick>ActivateWindow(9000)</onclick>
						<visible>Skin.String(recent8type, uwpapp) | Skin.String(recent8type, winapp)</visible>
		</item>
<item id="3">

			<label2>$INFO[Skin.String(recen8name)]</label2>
			<thumb>$INFO[Skin.String(recent8icon)]</thumb>
												<onclick>RunScript($INFO[Skin.String(recent8exe)])</onclick>
<onclick>Skin.SetString(gamefanart, )</onclick>
<onclick>ActivateWindow(9000)</onclick>
						<visible>Skin.String(recent8type, app)</visible>
		</item>
<item id="3">
			<label2>$INFO[Skin.String(recen8name)]</label2>

			<icon>$INFO[Skin.String(recent8icon)]</icon>
												<onclick>RunScript($INFO[Skin.String(recent8exe)])</onclick>	
<onclick>Skin.SetString(gamefanart, $INFO[Skin.String(recent8art)])</onclick>
<onclick>ActivateWindow(9000)</onclick>
<visible>Skin.String(recent8type, game)</visible>
		</item>
<item id="3">

<label2>$INFO[Skin.String(recen8name)]</label2>
			<label>$INFO[Skin.String(recen8name)]</label>
			<thumb>$INFO[Skin.String(recent8icon)]</thumb>
										<onclick>RunScript($INFO[Skin.String(recent8exe)])</onclick>
<onclick>Skin.SetString(gamefanart, )</onclick>
<onclick>ActivateWindow(9000)</onclick>
<visible>Skin.String(recent8type, wingame)</visible>
		</item>


		<item id="3">

			<label2>$INFO[Skin.String(recen9name)]</label2>
			<thumb>$INFO[Skin.String(recent9icon)]</thumb>
												<onclick>RunScript($INFO[Skin.String(recent9exe)])</onclick>
<onclick>Skin.SetString(gamefanart, )</onclick>
<onclick>ActivateWindow(9000)</onclick>
						<visible>Skin.String(recent9type, uwpapp) | Skin.String(recent9type, winapp)</visible>
		</item>
<item id="3">

			<label2>$INFO[Skin.String(recen9name)]</label2>
			<thumb>$INFO[Skin.String(recent9icon)]</thumb>
												<onclick>RunScript($INFO[Skin.String(recent9exe)])</onclick>
<onclick>Skin.SetString(gamefanart, )</onclick>
<onclick>ActivateWindow(9000)</onclick>
						<visible>Skin.String(recent9type, app)</visible>
		</item>
<item id="3">

			<label2>$INFO[Skin.String(recen9name)]</label2>
			<icon>$INFO[Skin.String(recent9icon)]</icon>
												<onclick>RunScript($INFO[Skin.String(recent9exe)])</onclick>	
<onclick>Skin.SetString(gamefanart, $INFO[Skin.String(recent9art)])</onclick>
<onclick>ActivateWindow(9000)</onclick>
<visible>Skin.String(recent9type, game)</visible>
		</item>
<item id="3">

<label2>$INFO[Skin.String(recen9name)]</label2>
			<label>$INFO[Skin.String(recen9name)]</label>
			<thumb>$INFO[Skin.String(recent9icon)]</thumb>
										<onclick>RunScript($INFO[Skin.String(recent9exe)])</onclick>
<onclick>Skin.SetString(gamefanart, )</onclick>
<onclick>ActivateWindow(9000)</onclick>
<visible>Skin.String(recent9type, wingame)</visible>
		</item>

		<item id="3">

			<label2>$INFO[Skin.String(recen10name)]</label2>
			<thumb>$INFO[Skin.String(recent10icon)]</thumb>
												<onclick>RunScript($INFO[Skin.String(recent10exe)])</onclick>
<onclick>Skin.SetString(gamefanart, )</onclick>
<onclick>ActivateWindow(9000)</onclick>
						<visible>Skin.String(recent10type, uwpapp) | Skin.String(recent10type, winapp)</visible>
		</item>
<item id="3">

			<label2>$INFO[Skin.String(recen10name)]</label2>
			<thumb>$INFO[Skin.String(recent10icon)]</thumb>
												<onclick>RunScript($INFO[Skin.String(recent10exe)])</onclick>
<onclick>Skin.SetString(gamefanart, )</onclick>
<onclick>ActivateWindow(9000)</onclick>
						<visible>Skin.String(recent10type, app)</visible>
		</item>
<item id="3">

			<label2>$INFO[Skin.String(recen10name)]</label2>
			<icon>$INFO[Skin.String(recent10icon)]</icon>
												<onclick>RunScript($INFO[Skin.String(recent10exe)])</onclick>	
<onclick>Skin.SetString(gamefanart, $INFO[Skin.String(recent10art)])</onclick>
<onclick>ActivateWindow(9000)</onclick>
<visible>Skin.String(recent10type, game)</visible>
		</item>
<item id="3">

<label2>$INFO[Skin.String(recen10name)]</label2>
			<label>$INFO[Skin.String(recen10name)]</label>
			<thumb>$INFO[Skin.String(recent10icon)]</thumb>
										<onclick>RunScript($INFO[Skin.String(recent10exe)])</onclick>
<onclick>Skin.SetString(gamefanart, )</onclick>
<onclick>ActivateWindow(9000)</onclick>
<visible>Skin.String(recent10type, wingame)</visible>
		</item>
       </content>
            </control>

  <control type="image">
<animation type="Visible">
			<effect type="fade" start="0" end="100" delay="0" time="300" />
			<effect type="slide" start="0,15" end="0,0" delay="0" time="200" tween="sine" easing="inout" />
		</animation>

<animation type="Hidden">
			<effect type="fade" start="100" end="0" delay="0" time="100" />
		</animation>
                             <top>480</top>
                              <left>329</left>
                            <width>1100</width>
                            <height>1100</height>
                                                   <texture diffuse="masks/Mask440x440r16.png">color_grey.png</texture> 
                          <colordiffuse>$INFO[Skin.String(gamercolor2)]</colordiffuse>
<visible>Integer.IsGreaterOrEqual(Container(9001).NumItems, 1) + Container(900).HasFocus(1)</visible>
                        </control>
  <control type="image">
<animation type="Visible">
			<effect type="fade" start="0" end="100" delay="0" time="300" />
			<effect type="slide" start="0,15" end="0,0" delay="0" time="200" tween="sine" easing="inout" />
		</animation>

<animation type="Hidden">
			<effect type="fade" start="100" end="0" delay="0" time="100" />
		</animation>
                             <top>970</top>
                              <left>820</left>
                            <width>125</width>
                            <height>125</height>
                            <fadetime>200</fadetime>
                          <texture diffuse="masks/Mask440x440r16.png">$INFO[Container(9001).ListItem.Thumb]</texture> 
<visible>Integer.IsGreaterOrEqual(Container(9001).NumItems, 1) + Container(900).HasFocus(1)</visible>
                        </control>

  <control type="image">
<animation type="Visible">
			<effect type="fade" start="0" end="100" delay="0" time="300" />
			<effect type="slide" start="0,15" end="0,0" delay="0" time="200" tween="sine" easing="inout" />
		</animation>

<animation type="Hidden">
			<effect type="fade" start="100" end="0" delay="0" time="100" />
		</animation>
                             <top>480</top>
                              <left>329</left>
                            <width>1100</width>
                            <height>1100</height>
                            <fadetime>200</fadetime>
                          <texture diffuse="masks/Mask440x440r16.png">$INFO[Container(9001).ListItem.ActualIcon]</texture> 
<visible>Integer.IsGreaterOrEqual(Container(9001).NumItems, 1) + Container(900).HasFocus(1)</visible>
                        </control>
  <control type="image">
<animation type="Visible">
			<effect type="fade" start="0" end="100" delay="0" time="250" />
		</animation>

<animation type="Hidden">
			<effect type="fade" start="100" end="0" delay="0" time="100" />
		</animation>
                           <top>480</top>
                              <left>329</left>
                            <width>1100</width>
                            <height>1100</height>
                          <texture border="100" diffuse="masks/Mask440x440r16.png">masks/Selector420x626r16.png</texture> 
<visible>Integer.IsGreaterOrEqual(Container(9001).NumItems, 1) + Control.HasFocus(9001) + Container(900).HasFocus(1)</visible>
                        </control>

<control type="textbox">
		<animation type="Visible">
			<effect type="fade" start="0" end="100" delay="0" time="200" />
		</animation>

<animation type="Hidden">
			<effect type="fade" start="100" end="0" delay="100" time="200" />
		</animation>
   <description>My first text box control</description>
   <left>1500</left>
   <top>1030</top>
   <width>1550</width>
   <height>400</height>
<visible>Integer.IsGreaterOrEqual(Container(9001).NumItems, 1) + Container(900).HasFocus(1) + Control.HasFocus(9001)</visible>
<textcolor>TextBright</textcolor>
                                <font>SemiBold160</font>
<scroll>false</scroll>
   <autoscroll>false</autoscroll>
<label>$INFO[Container(9001).ListItem.Label2]</label>
   <align>left</align>
</control>


<control type="group">
		<animation type="Visible">
			<effect type="fade" start="0" end="100" delay="0" time="200" />
		</animation>

<animation type="Hidden">
			<effect type="fade" start="100" end="0" delay="100" time="200" />
		</animation>
<visible>Container(900).HasFocus(1)</visible>
<posy>1000</posy>
<posx>830</posx>
                                                 <control type="image">
<visible>Skin.String(inputmethod, KEYBOARD)</visible>
                           <top>470</top>
                            <left>690</left>
                            <width>60</width>
                            <height>60</height>
                          <texture>demo/kb_a.png</texture> 
                        </control>
            <control type="image">
<visible>Skin.String(inputmethod, PS)</visible>
                           <top>470</top>
                            <left>690</left>
                            <width>60</width>
                            <height>60</height>
                          <texture>demo/ps_a.png</texture> 
                        </control>
          <control type="image">
<visible>!Skin.String(inputmethod, PS) + !Skin.String(inputmethod, KEYBOARD)</visible>
                           <top>470</top>
                            <left>690</left>
                            <width>60</width>
                            <height>60</height>
                          <texture>demo/a.png</texture> 
                        </control>
                        
                             <control type="label">
<width>500</width>
                               <top>500</top>
                            <left>790</left>
                               <textcolor>White</textcolor>
                                <font>DebugText</font>
                                <align>left</align>
                                <label>LAUNCH</label>
                                    
                            </control>
</control>

            
            </control>

          </control>
         



            
              <control type="label">
		<animation type="WindowOpen" condition="Window.Previous(Startup)">
					<effect type="fade" start="0" end="100" delay="1300" time="700"/>
		<effect type="zoom" start="90" end="100" delay="1100" time="700" center="935,935" tween="sine" easing="out"/>
                    </animation>
                    
<animation type="Visible">
			<effect type="fade" start="0" end="100" delay="0" time="300" />
			<effect type="slide" start="0,15" end="0,0" delay="0" time="200" tween="sine" easing="inout" />
		</animation>

<animation type="Hidden">
			<effect type="fade" start="100" end="0" delay="0" time="200" />
		</animation>
		
    <visible>Container(900).HasFocus(2)</visible>
                               <top>-1100</top>
                            <left>320</left>
                                <textcolor>TextBright</textcolor>
                                <font>SemiBold46</font>
                                <align>left</align>
                                <label>INSTALLED GAMES</label>
                                    
                            </control>
            
            
<control type="panel" id="9010">
            
<animation type="Visible">
			<effect type="fade" start="0" end="100" delay="0" time="300" />
			<effect type="slide" start="0,15" end="0,0" delay="0" time="200" tween="sine" easing="inout" />
		</animation>

<animation type="Hidden">
			<effect type="fade" start="100" end="0" delay="0" time="200" />
		</animation>
		

                <left>311</left>
                <!-- <left>950</left> -->
                <width>3600</width>
                <height>1400</height>
                <top>580</top>
                <orientation>horizontal</orientation>
                <focusposition>2</focusposition>
     <animation type="Visible">
			<effect type="fade" start="0" end="100" delay="0" time="300" />
			<effect type="slide" start="0,15" end="0,0" delay="0" time="200" tween="sine" easing="inout" />
		</animation>

<animation type="Hidden">
			<effect type="fade" start="100" end="0" delay="0" time="200" />
		</animation>
		
    <visible>Container(900).HasFocus(2)</visible>
<onclick condition="String.IsEmpty(ListItem.Label2)">Skin.SetString(temprecenticon, $INFO[ListItem.Path]$INFO[ListItem.Label]/icon.jpg)</onclick>
<onclick condition="String.IsEmpty(ListItem.Label2)">Skin.SetString(temprecentart, $INFO[ListItem.Path]$INFO[ListItem.Label]/fanart.jpg)</onclick>
<onclick condition="String.IsEmpty(ListItem.Label2)">Skin.SetString(temprecenname, $INFO[ListItem.Label])</onclick>
<onclick condition="String.IsEmpty(ListItem.Label2)">Skin.SetString(temprecentexe, $INFO[ListItem.Path]$INFO[ListItem.Label]/app.py)</onclick>
<onclick condition="String.IsEmpty(ListItem.Label2)">Skin.SetString(temprecenttype, game)</onclick>
<onclick condition="String.IsEmpty(ListItem.Label2)">RunScript(special://skin/scripts/recentcontent.py)</onclick>

<onclick condition="String.IsEmpty(ListItem.Label2)">RunScript($INFO[ListItem.Path]$INFO[ListItem.Label]/app.py)</onclick>
<onclick condition="String.IsEmpty(ListItem.Label2)">Skin.SetString(gamefanart, $INFO[ListItem.Path]$INFO[ListItem.Label]/fanart.jpg)</onclick>
<onclick condition="String.IsEmpty(ListItem.Label2)">ActivateWindow(9000)</onclick>



                   <onup>900</onup>
                <ondown>-</ondown>
<onright>-</onright>
<onleft>-</onleft>
                 <itemlayout width="460" height="460">
                    <control type="group">
                        <left>9</left>
                        <top>20</top>
                        <width>480</width>
                        <height>160</height>
                        <control type="image">
<animation type="Conditional" condition="true">
			<effect type="fade" start="100" end="50" delay="0" time="0" />
		</animation>
                            <top>0</top>
                            <left>0</left>
                            <width>430</width>
                            <height>430</height>
                          <texture diffuse="masks/Mask440x440r16.png">color_grey.png</texture> 
                          <colordiffuse>$INFO[Skin.String(gamercolor2)]</colordiffuse>
                        </control>
<control type="image">
                             <top>0</top>
                            <left>0</left>
                            <width>430</width>
                            <height>430</height>
                         <texture diffuse="masks/Mask440x440r16.png">$INFO[ListItem.Path]$INFO[ListItem.Label]/icon.jpg</texture> 
                        </control>
<control type="image">
                            <top>140</top>
                            <left>150</left>
                            <width>125</width>
                            <height>125</height>
                         <texture diffuse="masks/Mask440x440r16.png">$INFO[ListItem.Icon]</texture> 
                        </control>
 <control type="label">
                               <top>340</top>
                                <left>30</left>
                                <width>370</width>
                                <textcolor>TextBright</textcolor>
                                <font>SettingsTiles</font>
                                <align>left</align>
                                <label>$INFO[ListItem.label2]</label>
                                <scroll>false</scroll>
                            </control>
                    </control>
                </itemlayout>

                <focusedlayout width="460" height="460">
                    <control type="group">
<animation type="Visible">
			<effect type="fade" start="0" end="100" delay="0" time="200" />
		</animation>

<animation type="Hidden">
			<effect type="fade" start="100" end="0" delay="0" time="200" />
		</animation>


                        <left>9</left>
                        <top>20</top>
                        <width>480</width>
                        <height>160</height>
                        <control type="group">
<control type="image">
<animation type="Conditional" condition="true">
			<effect type="fade" start="100" end="50" delay="0" time="0" />
		</animation>
                            <top>0</top>
                            <left>0</left>
                            <width>430</width>
                            <height>430</height>
                          <texture diffuse="masks/Mask440x440r16.png">color_grey.png</texture> 
                          <colordiffuse>$INFO[Skin.String(gamercolor2)]</colordiffuse>
                        </control>
<control type="image">
                             <top>0</top>
                            <left>0</left>
                            <width>430</width>
                            <height>430</height>
                         <texture diffuse="masks/Mask440x440r16.png">$INFO[ListItem.Path]$INFO[ListItem.Label]/icon.jpg</texture> 
                        </control>
<control type="image">
                            <top>140</top>
                            <left>150</left>
                            <width>125</width>
                            <height>125</height>
                         <texture diffuse="masks/Mask440x440r16.png">$INFO[ListItem.Icon]</texture> 
                        </control>
 <control type="label">
                               <top>340</top>
                                <left>30</left>
                                <width>370</width>
                                <textcolor>TextBright</textcolor>
                                <font>SettingsTiles</font>
                                <align>left</align>
                                <label>$INFO[ListItem.label2]</label>
                                <scroll>false</scroll>
                            </control>
                             <control type="image">
<animation type="UnFocus">
<effect type="fade" start="100" end="0" delay="0" time="125"/>
		</animation>
<animation type="Focus">
<effect type="fade" start="0" end="100" delay="0" time="125"/>
		</animation>
<animation type="Hidden">
			<effect type="fade" start="100" end="0" delay="0" time="250" />
		</animation>
<animation type="Visible">
			<effect type="fade" start="0" end="100" delay="0" time="150" />
		</animation>
                            <top>-5</top>
                            <left>-5</left>
                            <width>440</width>
                            <height>440</height>
                          <texture border="100" diffuse="masks/Mask440x440r16.png">masks/Selector420x626r16.png</texture> 
                        <visible>Control.HasFocus(9010)</visible>
                        </control>

                        </control>
                        
                    </control>
                </focusedlayout>
                <content>
 <item id="1">
			<label2>Manage</label2>
			<icon>icons/hdd.png</icon>
			<onclick>ActivateWindow(9009)</onclick>

		</item>
		
                </content>
       <content type="programs">special://xbmc/games</content>
            </control>
                            
 

        



               <control type="label">
		<animation type="WindowOpen" condition="Window.Previous(Startup)">
					<effect type="fade" start="0" end="100" delay="1300" time="700"/>
		<effect type="zoom" start="90" end="100" delay="1100" time="700" center="935,935" tween="sine" easing="out"/>
                    </animation>
                    
<animation type="Visible">
			<effect type="fade" start="0" end="100" delay="0" time="300" />
			<effect type="slide" start="0,15" end="0,0" delay="0" time="200" tween="sine" easing="inout" />
		</animation>

<animation type="Hidden">
			<effect type="fade" start="100" end="0" delay="0" time="200" />
		</animation>
		
    <visible>Container(900).HasFocus(3) + Skin.HasSetting(appstab)</visible>
                               <top>-1100</top>
                            <left>320</left>
                                <textcolor>TextBright</textcolor>
                                <font>SemiBold46</font>
                                <align>left</align>
                                <label>INSTALLED APPS</label>
                                    
                            </control>
            
            
<control type="panel" id="9010">
            
<animation type="Visible">
			<effect type="fade" start="0" end="100" delay="0" time="300" />
			<effect type="slide" start="0,15" end="0,0" delay="0" time="200" tween="sine" easing="inout" />
		</animation>

<animation type="Hidden">
			<effect type="fade" start="100" end="0" delay="0" time="200" />
		</animation>
		

                <left>311</left>
                <!-- <left>950</left> -->
                <width>3600</width>
                <height>1400</height>
                <top>580</top>
                <orientation>horizontal</orientation>
                <focusposition>2</focusposition>
     <animation type="Visible">
			<effect type="fade" start="0" end="100" delay="0" time="300" />
			<effect type="slide" start="0,15" end="0,0" delay="0" time="200" tween="sine" easing="inout" />
		</animation>

<animation type="Hidden">
			<effect type="fade" start="100" end="0" delay="0" time="200" />
		</animation>
		
    <visible>Container(900).HasFocus(3) + Skin.HasSetting(appstab)</visible>
<onclick condition="String.IsEmpty(ListItem.Label2)">Skin.SetString(temprecenticon, $INFO[ListItem.Path]$INFO[ListItem.Label]/icon.png)</onclick>
<onclick condition="String.IsEmpty(ListItem.Label2)">Skin.SetString(temprecenname, $INFO[ListItem.Label])</onclick>
<onclick condition="String.IsEmpty(ListItem.Label2)">Skin.SetString(temprecentexe, $INFO[ListItem.Path]$INFO[ListItem.Label]/app.py)</onclick>
<onclick condition="String.IsEmpty(ListItem.Label2)">Skin.SetString(temprecenttype, app)</onclick>

<onclick condition="String.IsEmpty(ListItem.Label2)">RunScript($INFO[ListItem.Path]$INFO[ListItem.Label]/app.py)</onclick>
<onclick condition="String.IsEmpty(ListItem.Label2)">Skin.SetString(gamefanart, )</onclick>
<onclick condition="String.IsEmpty(ListItem.Label2)">ActivateWindow(9000)</onclick>



                   <onup>900</onup>
                <ondown>-</ondown>
<onright>-</onright>
<onleft>-</onleft>
          <itemlayout width="460" height="460">
                    <control type="group">
                        <left>9</left>
                        <top>20</top>
                        <width>480</width>
                        <height>160</height>
                        <control type="image">
<animation type="Conditional" condition="true">
			<effect type="fade" start="100" end="50" delay="0" time="0" />
		</animation>
                            <top>0</top>
                            <left>0</left>
                            <width>430</width>
                            <height>430</height>
                          <texture diffuse="masks/Mask440x440r16.png">color_grey.png</texture> 
                          <colordiffuse>$INFO[Skin.String(gamercolor2)]</colordiffuse>
                        </control>

<control type="image">
                            <top>140</top>
                            <left>150</left>
                            <width>125</width>
                            <height>125</height>
                         <texture fallback="icons/apps.png" diffuse="masks/Mask440x440r16.png">$INFO[ListItem.Icon]$INFO[ListItem.Path]$INFO[ListItem.Label]/icon.png</texture> 
                        </control>
 <control type="label">
                               <top>340</top>
                                <left>30</left>
                                <width>370</width>
                                <textcolor>TextBright</textcolor>
                                <font>SettingsTiles</font>
                                <align>left</align>
                                <label>$INFO[ListItem.label]</label>
                                <scroll>false</scroll>
                            </control>
                    </control>
                </itemlayout>

                <focusedlayout width="460" height="460">
                    <control type="group">
<animation type="Visible">
			<effect type="fade" start="0" end="100" delay="0" time="200" />
		</animation>

<animation type="Hidden">
			<effect type="fade" start="100" end="0" delay="0" time="200" />
		</animation>


                        <left>9</left>
                        <top>20</top>
                        <width>480</width>
                        <height>160</height>
                        <control type="group">
<control type="image">
<animation type="Conditional" condition="true">
			<effect type="fade" start="100" end="50" delay="0" time="0" />
		</animation>
                            <top>0</top>
                            <left>0</left>
                            <width>430</width>
                            <height>430</height>
                          <texture diffuse="masks/Mask440x440r16.png">color_grey.png</texture> 
                          <colordiffuse>$INFO[Skin.String(gamercolor2)]</colordiffuse>
                        </control>
<control type="image">
                            <top>140</top>
                            <left>150</left>
                            <width>125</width>
                            <height>125</height>
                            <texture fallback="icons/apps.png" diffuse="masks/Mask440x440r16.png">$INFO[ListItem.Icon]$INFO[ListItem.Path]$INFO[ListItem.Label]/icon.png</texture> 
                        </control>
 <control type="label">
                               <top>340</top>
                                <left>30</left>
                                <width>370</width>
                                <textcolor>TextBright</textcolor>
                                <font>SettingsTiles</font>
                                <align>left</align>
                                <label>$INFO[ListItem.label]</label>
                                <scroll>false</scroll>
                            </control>
                             <control type="image">
<animation type="UnFocus">
<effect type="fade" start="100" end="0" delay="0" time="125"/>
		</animation>
<animation type="Focus">
<effect type="fade" start="0" end="100" delay="0" time="125"/>
		</animation>
<animation type="Hidden">
			<effect type="fade" start="100" end="0" delay="0" time="250" />
		</animation>
<animation type="Visible">
			<effect type="fade" start="0" end="100" delay="0" time="150" />
		</animation>
                            <top>-5</top>
                            <left>-5</left>
                            <width>440</width>
                            <height>440</height>
                          <texture border="100" diffuse="masks/Mask440x440r16.png">masks/Selector420x626r16.png</texture> 
                        <visible>Control.HasFocus(9010)</visible>
                        </control>

                        </control>
                        
                    </control>
                </focusedlayout>
                <content>
 <item id="1">
			<label2>Manage</label2>
			<label>Manage</label>
			<icon>icons/hdd.png</icon>
			<onclick>ActivateWindow(9009)</onclick>

		</item>
		
                </content>
       <content type="programs">special://xbmc/apps</content>
            </control>


 <control type="label">
		<animation type="WindowOpen" condition="Window.Previous(Startup)">
					<effect type="fade" start="0" end="100" delay="1300" time="700"/>
		<effect type="zoom" start="90" end="100" delay="1100" time="700" center="935,935" tween="sine" easing="out"/>
                    </animation>
                    
<animation type="Visible">
			<effect type="fade" start="0" end="100" delay="0" time="300" />
			<effect type="slide" start="0,15" end="0,0" delay="0" time="200" tween="sine" easing="inout" />
		</animation>

<animation type="Hidden">
			<effect type="fade" start="100" end="0" delay="0" time="200" />
		</animation>
		
    <visible>Container(900).HasFocus(4) + Skin.HasSetting(uwptab)</visible>
                               <top>-1100</top>
                            <left>320</left>
                                <textcolor>TextBright</textcolor>
                                <font>SemiBold46</font>
                                <align>left</align>
                                <label>INSTALLED UWP APPS</label>
                                    
                            </control>
            
            
<control type="panel" id="9010">
            
<animation type="Visible">
			<effect type="fade" start="0" end="100" delay="0" time="300" />
			<effect type="slide" start="0,15" end="0,0" delay="0" time="200" tween="sine" easing="inout" />
		</animation>

<animation type="Hidden">
			<effect type="fade" start="100" end="0" delay="0" time="200" />
		</animation>
		

                <left>311</left>
                <!-- <left>950</left> -->
                <width>3600</width>
                <height>1400</height>
                <top>580</top>
                <orientation>horizontal</orientation>
                <focusposition>2</focusposition>
     <animation type="Visible">
			<effect type="fade" start="0" end="100" delay="0" time="300" />
			<effect type="slide" start="0,15" end="0,0" delay="0" time="200" tween="sine" easing="inout" />
		</animation>

<animation type="Hidden">
			<effect type="fade" start="100" end="0" delay="0" time="200" />
		</animation>
		
    <visible>Container(900).HasFocus(4) + Skin.HasSetting(uwptab)</visible>
<onclick condition="String.IsEmpty(ListItem.Label2)">Skin.SetString(temprecenticon, $INFO[ListItem.Path]$INFO[ListItem.Label]/icon.png)</onclick>
<onclick condition="String.IsEmpty(ListItem.Label2)">Skin.SetString(temprecenname, $INFO[ListItem.Label])</onclick>
<onclick condition="String.IsEmpty(ListItem.Label2)">Skin.SetString(temprecentexe, $INFO[ListItem.Path]$INFO[ListItem.Label]/app.py)</onclick>
<onclick condition="String.IsEmpty(ListItem.Label2)">Skin.SetString(temprecenttype, uwpapp)</onclick>

<onclick condition="String.IsEmpty(ListItem.Label2)">RunScript($INFO[ListItem.Path]$INFO[ListItem.Label]/app.py)</onclick>
<onclick condition="String.IsEmpty(ListItem.Label2)">Skin.SetString(gamefanart, )</onclick>
<onclick condition="String.IsEmpty(ListItem.Label2)">ActivateWindow(9000)</onclick>



                   <onup>900</onup>
                <ondown>-</ondown>
<onright>-</onright>
<onleft>-</onleft>
                <itemlayout width="460" height="460">
                    <control type="group">
                        <left>9</left>
                        <top>20</top>
                        <width>480</width>
                        <height>160</height>
                        <control type="image">
<animation type="Conditional" condition="true">
			<effect type="fade" start="100" end="50" delay="0" time="0" />
		</animation>
                            <top>0</top>
                            <left>0</left>
                            <width>430</width>
                            <height>430</height>
                          <texture diffuse="masks/Mask440x440r16.png">color_grey.png</texture> 
                          <colordiffuse>$INFO[Skin.String(gamercolor2)]</colordiffuse>
                        </control>
<control type="image">
                            <top>140</top>
                            <left>150</left>
                            <width>125</width>
                            <height>125</height>
                         <texture fallback="icons/apps.png" diffuse="masks/Mask440x440r16.png">$INFO[ListItem.Path]$INFO[ListItem.Label]/icon.png</texture> 
                        </control>
 <control type="label">
                               <top>340</top>
                                <left>30</left>
                                <width>370</width>
                                <textcolor>TextBright</textcolor>
                                <font>SettingsTiles</font>
                                <align>left</align>
                                <label>$INFO[ListItem.label]</label>
                                <scroll>false</scroll>
                            </control>
                    </control>
                </itemlayout>

                <focusedlayout width="460" height="460">
                    <control type="group">
<animation type="Visible">
			<effect type="fade" start="0" end="100" delay="0" time="200" />
		</animation>

<animation type="Hidden">
			<effect type="fade" start="100" end="0" delay="0" time="200" />
		</animation>


                        <left>9</left>
                        <top>20</top>
                        <width>480</width>
                        <height>160</height>
                        <control type="group">
<control type="image">
<animation type="Conditional" condition="true">
			<effect type="fade" start="100" end="50" delay="0" time="0" />
		</animation>
                            <top>0</top>
                            <left>0</left>
                            <width>430</width>
                            <height>430</height>
                          <texture diffuse="masks/Mask440x440r16.png">color_grey.png</texture> 
                          <colordiffuse>$INFO[Skin.String(gamercolor2)]</colordiffuse>
                        </control>
<control type="image">
                            <top>140</top>
                            <left>150</left>
                            <width>125</width>
                            <height>125</height>
                            <texture fallback="icons/apps.png" diffuse="masks/Mask440x440r16.png">$INFO[ListItem.Path]$INFO[ListItem.Label]/icon.png</texture> 
                        </control>
 <control type="label">
                               <top>340</top>
                                <left>30</left>
                                <width>370</width>
                                <textcolor>TextBright</textcolor>
                                <font>SettingsTiles</font>
                                <align>left</align>
                                <label>$INFO[ListItem.label]</label>
                                <scroll>false</scroll>
                            </control>
                             <control type="image">
<animation type="UnFocus">
<effect type="fade" start="100" end="0" delay="0" time="125"/>
		</animation>
<animation type="Focus">
<effect type="fade" start="0" end="100" delay="0" time="125"/>
		</animation>
<animation type="Hidden">
			<effect type="fade" start="100" end="0" delay="0" time="250" />
		</animation>
<animation type="Visible">
			<effect type="fade" start="0" end="100" delay="0" time="150" />
		</animation>
                            <top>-5</top>
                            <left>-5</left>
                            <width>440</width>
                            <height>440</height>
                          <texture border="100" diffuse="masks/Mask440x440r16.png">masks/Selector420x626r16.png</texture> 
                        <visible>Control.HasFocus(9010)</visible>
                        </control>

                        </control>
                        
                    </control>
                </focusedlayout>
       <content type="programs">special://xbmc/uwpapps</content>
            </control>
          

  

</control>


    
        <control type="group">
        <animation type="Conditional" condition="Control.HasFocus(9001)">
			<effect type="slide" start="0,0" end="0,-1200" delay="0" time="250" tween="sine" easing="out" />
		</animation>
<animation type="Conditional" condition="!Control.HasFocus(9001)">
			<effect type="slide" end="0,0" delay="0" time="200" tween="sine" easing="out" />
		</animation>
                    		<animation type="WindowOpen" condition="Window.Previous(Startup)">
			<effect type="fade" start="0" end="100" delay="500" time="300"/>
		<effect type="slide" start="0,15" end="0,0" delay="500" time="200" tween="sine" easing="inout"/>
                    </animation>

		<animation type="WindowOpen" condition="!Window.Previous(Startup)">
			<effect type="fade" start="0" end="100" delay="0" time="300"/>
			<effect type="slide" start="0,15" end="0,0" delay="0" time="200" tween="sine" easing="inout"/>
                    </animation>
<left>-250</left>
<top>150</top>
<control type="image">
<animation type="Visible">
			<effect type="fade" start="0" end="100" delay="0" time="300"/>
		</animation>
<animation type="Hidden">
			<effect type="fade" start="100" end="0" delay="0" time="300"/>
		</animation>
                            <top>130</top>
                            <left>3375</left>
                            <width>60</width>
                            <height>60</height>
                          <texture>icons\nowifi.png</texture> 
                          <visible>!System.InternetState</visible>
                        </control>
<control type="image">
<animation type="Visible">
			<effect type="fade" start="0" end="100" delay="0" time="300"/>
		</animation>
<animation type="Hidden">
			<effect type="fade" start="100" end="0" delay="0" time="300"/>
		</animation>
                            <top>130</top>
                            <left>3375</left>
                            <width>60</width>
                            <height>60</height>
                          <texture>icons\wifi.png</texture> 
                          <visible>System.InternetState</visible>
                        </control>

                          <control type="image">
                            <top>100</top>
                            <left>3500</left>
                            <width>125</width>
                            <height>125</height>
                          <texture diffuse="masks/Mask80x80r40.png" fallback="DefaultActorSolid.png">$INFO[Skin.String(profileimage)]</texture> 
                        </control>

 <control type="label">
                                 <top>-1682</top>
                                <posx>2320</posx>
                                <textcolor>TextBright</textcolor>
                                <font>font27</font>
                                <align>center</align>
                                <label>$INFO[System.Time]</label>
                            </control>

</control>
    </include>

</includes>