﻿<?xml version="1.0" encoding="UTF-8"?>

<includes>

    <include name="OneBar">

        <control type="group">
                    
<animation type="Conditional" condition="Control.HasFocus(9001)">
			<effect type="slide" start="0,0" end="0,-450" delay="0" time="250" tween="sine" easing="inout" />
		</animation>
<animation type="Conditional" condition="!Control.HasFocus(9001) + Container(900).HasFocus(2)">
			<effect type="slide" end="0,0" delay="0" time="150" tween="sine" easing="inout" />
		</animation>
		
		<animation type="WindowOpen" condition="!Window.Previous(Startup)">
			<effect type="fade" start="0" end="100" delay="0" time="300"/>
			<effect type="slide" start="0,15" end="0,0" delay="0" time="200" tween="sine" easing="inout"/>
                    </animation>
<animation type="WindowClose">
			<effect type="fade" start="100" end="0" delay="0" time="300"/>
                    </animation>
            <left>0</left>
            <top>0</top>

            <control type="list" id="900">
                <left>0</left>
                <!-- <left>950</left> -->
                <width>3840</width>
                <top>236</top>
                <orientation>horizontal</orientation>
                <focusposition>2</focusposition>
<onright>-</onright>
<onleft>-</onleft>
                <ondown>Control.SetFocus(901)</ondown>

                <itemlayout width="280" height="160">
                    <control type="group">
                        <left>150</left>
                        <width>480</width>
                        <height>160</height>
                        <control type="label">
                            <top>-8</top>
                            <textcolor>TextDim</textcolor>
                            <font>EpisodePlot</font>
                            <align>center</align>
                            <label>$INFO[ListItem.label2]</label>
                            <visible>!Skin.HasSetting(lighttheme)</visible>
                        </control>
   <control type="label">
                            <top>-8</top>
                            <textcolor>TextMid</textcolor>
                            <font>EpisodePlot</font>
                            <align>center</align>
                            <label>$INFO[ListItem.label2]</label>
                            <visible>Skin.HasSetting(lighttheme)</visible>
                        </control>
                    </control>
                </itemlayout>

                <focusedlayout width="280" height="160">
                    <control type="group">
                        <left>150</left>
                        <width>480</width>
                        <height>160</height>
                        <control type="group">
                            <control type="image">
<animation type="Visible">
			<effect type="fade" start="0" end="100" delay="0" time="200" />
		</animation>

<animation type="Hidden">
			<effect type="fade" start="100" end="0" delay="0" time="200" />
		</animation>

<animation type="Focus">
			<effect type="fade" start="0" end="100" delay="0" time="150" />
		</animation>

<animation type="UnFocus">
			<effect type="fade" start="100" end="0" delay="0" time="100" />
		</animation>
                            <left>120</left>
                            <top>140</top>
                                <texture colordiffuse="TextBright">masks/Mask160x160r80.png</texture>
                      <visible>Control.HasFocus(900) + !Skin.HasSetting(lighttheme)</visible>
                              <width>250</width>
                              <height>1</height>
                            </control>
 <control type="image">
<animation type="Visible">
			<effect type="fade" start="0" end="100" delay="0" time="200" />
		</animation>

<animation type="Hidden">
			<effect type="fade" start="100" end="0" delay="0" time="200" />
		</animation>

<animation type="Focus">
			<effect type="fade" start="0" end="100" delay="0" time="150" />
		</animation>

<animation type="UnFocus">
			<effect type="fade" start="100" end="0" delay="0" time="100" />
		</animation>
                            <left>120</left>
                            <top>140</top>
                                <texture colordiffuse="black">masks/Mask160x160r80.png</texture>
                      <visible>Control.HasFocus(900) + Skin.HasSetting(lighttheme)</visible>
                              <width>250</width>
                              <height>1</height>
                            </control>
                            <control type="label">
                                <top>-8</top>
                                <textcolor>TextBright</textcolor>
                                <font>EpisodePlot</font>
                                <align>center</align>
                                <label>$INFO[ListItem.label2]</label>
                                <visible>!Skin.HasSetting(lighttheme)</visible>
                            </control>
                            <control type="label">
                                <top>-8</top>
                                <textcolor>TextDark</textcolor>
                                <font>EpisodePlot</font>
                                <align>center</align>
                                <label>$INFO[ListItem.label2]</label>
                                <visible>Skin.HasSetting(lighttheme)</visible>
                            </control>
                        </control>
                        
                    </control>
                </focusedlayout>
                <content>
                    <item id="2">
			<label2>Home</label2>
			<icon>demo/homebg2.jpg</icon>
			<onclick>Control.SetFocus(901)</onclick>
		</item>
                    <item id="3">
			<label2>Apps</label2>
			<icon>demo/homebg2.jpg</icon>
			<onclick>Control.SetFocus(901)</onclick>
<visible>Skin.HasSetting(appstab)</visible>
		</item>

		
                </content>
            </control>
          
                            

            <control type="fixedlist" id="901">
                          		<animation type="WindowOpen" condition="Window.Previous(Startup)">
		<effect type="slide" start="1000,0" end="0,0" delay="1500" time="1000" tween="sine" easing="inout"/>
					<effect type="fade" start="0" end="100" delay="1800" time="700"/>
		<effect type="zoom" start="70" end="100" delay="3000" time="700" center="135,735" tween="sine" easing="inout"/>
                    </animation>
                    
<animation type="Visible">
			<effect type="fade" start="0" end="100" delay="0" time="300" />
			<effect type="slide" start="0,15" end="0,0" delay="0" time="200" tween="sine" easing="inout" />
		</animation>

<animation type="Hidden">
			<effect type="fade" start="100" end="0" delay="0" time="200" />
		</animation>
		
    <visible>Container(900).HasFocus(2)</visible>

                <left>-100</left>
                <!-- <left>950</left> -->
                <width>4550</width>
                <top>480</top>
                <orientation>horizontal</orientation>
                <focusposition>2</focusposition>

                <onup>900</onup>
                <ondown>9001</ondown>
<onright>-</onright>
<onleft>-</onleft>
<onclick condition="String.IsEmpty(ListItem.Label2)">Skin.SetString(temprecenticon, $INFO[ListItem.Path]$INFO[ListItem.Label]/fanart.jpg)</onclick>
<onclick condition="String.IsEmpty(ListItem.Label2)">Skin.SetString(temprecentart, $INFO[ListItem.Path]$INFO[ListItem.Label]/fanart.jpg)</onclick>
<onclick condition="String.IsEmpty(ListItem.Label2)">Skin.SetString(temprecenname, $INFO[ListItem.Label])</onclick>
<onclick condition="String.IsEmpty(ListItem.Label2)">Skin.SetString(temprecentexe, $INFO[ListItem.Path]$INFO[ListItem.Label]/app.py)</onclick>
<onclick condition="String.IsEmpty(ListItem.Label2)">Skin.SetString(temprecenttype, game)</onclick>

<onclick condition="String.IsEmpty(ListItem.Label2)">RunScript($INFO[ListItem.Path]$INFO[ListItem.Label]/app.py)</onclick>
<onclick condition="String.IsEmpty(ListItem.Label2)">Skin.SetString(gamefanart, $INFO[ListItem.Path]$INFO[ListItem.Label]/fanart.jpg)</onclick>
<onclick condition="String.IsEmpty(ListItem.Label2)">ActivateWindow(9000)</onclick>
                <itemlayout width="280" height="160">
                    <control type="group">
                        <left>9</left>
                        <top>20</top>
                        <width>480</width>
                        <height>160</height>
 <control type="image">
<animation type="Conditional" condition="true">
			<effect type="fade" start="100" end="60" delay="0" time="0" />
		</animation>
                            <top>0</top>
                            <left>0</left>
                            <width>250</width>
                            <height>250</height>
                          <texture diffuse="masks/Mask440x440r16.png">color_black.png</texture> 
                          <colordiffuse>ff303030</colordiffuse>
                        </control>
                        <control type="image">
<animation type="Conditional" condition="true">
			<effect type="fade" start="100" end="60" delay="0" time="0" />
		</animation>
                            <top>62.5</top>
                            <left>62.5</left>
                            <width>125</width>
                            <height>125</height>
                          <texture diffuse="masks/Mask440x440r16.png">$INFO[ListItem.Thumb]</texture> 
                        </control>
                                                <control type="image">
<animation type="Conditional" condition="true">
			<effect type="fade" start="100" end="60" delay="0" time="0" />
                        		</animation>
                            <top>62.5</top>
                            <left>62.5</left>
                            <width>125</width>
                            <height>125</height>
                             <texture  diffuse="masks/Mask440x440r16.png">$INFO[ListItem.Path]$INFO[ListItem.Label]/icon.png</texture> 
                        </control>

                          <control type="image">
<animation type="Conditional" condition="true">
			<effect type="fade" start="100" end="60" delay="0" time="0" />
		</animation>
                            <top>0</top>
                            <left>0</left>
                            <width>250</width>
                            <height>250</height>
                          <texture diffuse="masks/Mask440x440r16.png">$INFO[ListItem.ActualIcon]</texture> 
<aspectratio scalediffuse="false" align="center" aligny="center">scale</aspectratio>
                        </control>
                          <control type="image">
<animation type="Conditional" condition="true">
			<effect type="fade" start="100" end="60" delay="0" time="0" />
		</animation>
                            <top>0</top>
                            <left>0</left>
                            <width>250</width>
                            <height>250</height>
                        <texture diffuse="masks/Mask440x440r16.png">$INFO[ListItem.Path]$INFO[ListItem.Label]/icon.jpg</texture> 
<aspectratio scalediffuse="false" align="center" aligny="center">scale</aspectratio>
                        </control>

                    </control>
                </itemlayout>

                <focusedlayout width="280" height="160">
                    <control type="group">
<visible>Control.HasFocus(901)</visible>
<animation type="Visible">
			<effect type="fade" start="0" end="100" delay="0" time="200" />
		</animation>

<animation type="Hidden">
			<effect type="fade" start="100" end="0" delay="0" time="200" />
		</animation>

<animation type="Focus">
			<effect type="fade" start="0" end="100" delay="0" time="200" />
		</animation>

<animation type="UnFocus">
			<effect type="fade" start="100" end="0" delay="0" time="200" />
		</animation>
                        <left>9</left>
                        <top>20</top>
                        <width>480</width>
                        <height>160</height>
 <control type="label">

                                <top>300</top>
                                <left>330</left>
                                <width>1500</width>
                                <textcolor>TextBright</textcolor>
                                <font>HomeTitle2</font>
                                <align>left</align>
                                <label>$INFO[ListItem.Label]$INFO[ListItem.Label2]</label>
                             
                            </control>

                            </control>
                    <control type="group">
<animation type="Visible">
			<effect type="fade" start="0" end="100" delay="0" time="200" />
		</animation>

<animation type="Hidden">
			<effect type="fade" start="100" end="0" delay="0" time="200" />
		</animation>

<animation type="Focus">
<effect type="zoom" start="100" end="135" delay="0" time="200" tween="sine" easing="out" center="135,10"/>
		</animation>

<animation type="UnFocus">
<effect type="zoom" start="135" end="100" delay="0" time="100" tween="sine" easing="out" center="135,10"/>
		</animation>
                        <left>9</left>
                        <top>20</top>
                        <width>480</width>
                        <height>160</height>
                        <control type="group">
 <control type="image">
<animation type="UnFocus">
<effect type="fade" start="100" end="60" delay="0" time="150"/>
		</animation>
<animation type="Focus">
<effect type="fade" start="60" end="100" delay="0" time="150"/>
		</animation>
<animation type="Conditional" condition="!Control.HasFocus(901)">
			<effect type="fade" start="100" end="50" delay="0" time="0" />
		</animation>
                            <top>0</top>
                            <left>0</left>
                            <width>250</width>
                            <height>250</height>
                          <texture diffuse="masks/Mask440x440r16.png">color_black.png</texture> 
                          <colordiffuse>ff303030</colordiffuse>
                        </control>
                          <control type="image">
<animation type="UnFocus">
<effect type="fade" start="100" end="60" delay="0" time="150"/>
		</animation>
<animation type="Focus">
<effect type="fade" start="60" end="100" delay="0" time="150"/>
		</animation>
<animation type="Conditional" condition="!Control.HasFocus(901)">
			<effect type="fade" start="100" end="50" delay="0" time="0" />
		</animation>
                            <top>62.5</top>
                            <left>62.5</left>
                            <width>125</width>
                            <height>125</height>
                          <texture diffuse="masks/Mask440x440r16.png">$INFO[ListItem.Thumb]</texture> 
                        </control>
                                                  <control type="image">
<animation type="UnFocus">
<effect type="fade" start="100" end="60" delay="0" time="150"/>
		</animation>
<animation type="Focus">
<effect type="fade" start="60" end="100" delay="0" time="150"/>
		</animation>
<animation type="Conditional" condition="!Control.HasFocus(901)">
			<effect type="fade" start="100" end="50" delay="0" time="0" />
		</animation>
                            <top>0</top>
                            <left>0</left>
                            <width>250</width>
                            <height>250</height>
                             <texture  diffuse="masks/Mask440x440r16.png">$INFO[ListItem.Path]$INFO[ListItem.Label]/icon.jpg</texture> 
<aspectratio scalediffuse="false" align="center" aligny="center">scale</aspectratio>
                        </control>
                                                  <control type="image">
<animation type="UnFocus">
<effect type="fade" start="100" end="60" delay="0" time="150"/>
		</animation>
<animation type="Focus">
<effect type="fade" start="60" end="100" delay="0" time="150"/>
		</animation>
<animation type="Conditional" condition="!Control.HasFocus(901)">
			<effect type="fade" start="100" end="50" delay="0" time="0" />
		</animation>
                            <top>62.5</top>
                            <left>62.5</left>
                            <width>125</width>
                            <height>125</height>
                             <texture  diffuse="masks/Mask440x440r16.png">$INFO[ListItem.Path]$INFO[ListItem.Label]/icon.png</texture> 
                        </control>
                          <control type="image">
<animation type="UnFocus">
<effect type="fade" start="100" end="60" delay="0" time="150"/>
		</animation>
<animation type="Focus">
<effect type="fade" start="60" end="100" delay="0" time="150"/>
		</animation>
<animation type="Conditional" condition="!Control.HasFocus(901)">
			<effect type="fade" start="100" end="50" delay="0" time="0" />
		</animation>
                            <top>0</top>
                            <left>0</left>
                            <width>250</width>
                            <height>250</height>
                          <texture diffuse="masks/Mask440x440r16.png">$INFO[ListItem.ActualIcon]</texture> 
<aspectratio scalediffuse="false" align="center" aligny="center">scale</aspectratio>
                        </control>

                             <control type="image">
<animation type="UnFocus">
<effect type="fade" start="100" end="0" delay="0" time="25"/>
		</animation>
<animation type="Focus">
<effect type="fade" start="0" end="100" delay="0" time="25"/>
		</animation>
                            <top>-5</top>
                            <left>-5</left>
                            <width>260</width>
                            <height>260</height>
                          <texture border="100" diffuse="masks/Mask440x440r16.png">masks/Selector420x626r16.png</texture> 
                        <visible>Control.HasFocus(901)</visible>
                        </control>


                        </control>
                        
                    </control>
                </focusedlayout>
                <content>
                  
				 <item id="0">

			<label2>My Games & Apps</label2>
			<thumb>icons/library.png</thumb>
			<onclick>ActivateWindow(9001)</onclick>
		</item>

				 <item id="2">

			<label2>Recently Launched</label2>
			<thumb>icons/rocket-fill.png</thumb>
			<onclick>down</onclick>
		</item>

		

	
                </content>
 <content type="programs">special://xbmc/games</content>
            </control>

 <control type="label">
<animation type="Visible">
			<effect type="fade" start="0" end="100" delay="0" time="300" />
			<effect type="slide" start="0,15" end="0,0" delay="0" time="200" tween="sine" easing="inout" />
		</animation>

<animation type="Hidden">
			<effect type="fade" start="100" end="0" delay="0" time="200" />
		</animation>
                                <top>-280</top>
                                <left>420</left>
                                <width>1500</width>
                                <textcolor>TextBright</textcolor>
                                <font>HomeTitle9</font>
                                <align>left</align>
                                <label>Installed UWP Apps</label>
                             <visible>Container(901).HasFocus(2) + Container(900).HasFocus(3)</visible>
                            </control>
                            
<control type="panel" id="9001">
            
<animation type="Visible">
			<effect type="fade" start="0" end="100" delay="0" time="300" />
			<effect type="slide" start="0,15" end="0,0" delay="0" time="200" tween="sine" easing="inout" />
		</animation>

<animation type="Hidden">
			<effect type="fade" start="100" end="0" delay="0" time="200" />
		</animation>
		
<onclick condition="String.IsEmpty(ListItem.Label2)">Skin.SetString(temprecenticon, $INFO[ListItem.Path]$INFO[ListItem.Label]/icon.png)</onclick>
<onclick condition="String.IsEmpty(ListItem.Label2)">Skin.SetString(temprecenname, $INFO[ListItem.Label])</onclick>
<onclick condition="String.IsEmpty(ListItem.Label2)">Skin.SetString(temprecentexe, $INFO[ListItem.Path]$INFO[ListItem.Label]/app.py)</onclick>
<onclick condition="String.IsEmpty(ListItem.Label2)">Skin.SetString(temprecenttype, uwpapp)</onclick>

<onclick condition="String.IsEmpty(ListItem.Label2)">RunScript($INFO[ListItem.Path]$INFO[ListItem.Label]/app.py)</onclick>
<onclick condition="String.IsEmpty(ListItem.Label2)">Skin.SetString(gamefanart, )</onclick>
<onclick condition="String.IsEmpty(ListItem.Label2)">ActivateWindow(9000)</onclick>

<visible>Container(901).HasFocus(2) + Container(900).HasFocus(3)</visible>




                <left>405</left>
                <!-- <left>950</left> -->
                <width>3500</width>
                <height>1700</height>
                <top>1000</top>
                <focusposition>2</focusposition>

                <onup>901</onup>
                <ondown>-</ondown>
<onright>-</onright>
<onleft>-</onleft>
                <itemlayout width="610" height="610">
                    <control type="group">
                        <left>9</left>
                        <top>20</top>
                        <width>480</width>
                        <height>160</height>
                        <control type="image">
<animation type="Conditional" condition="true">
			<effect type="fade" start="100" end="50" delay="0" time="0" />
		</animation>
                            <top>0</top>
                            <left>0</left>
                            <width>580</width>
                            <height>580</height>
                          <texture diffuse="masks/Mask440x440r16.png">color_white.png</texture> 
                          <colordiffuse>ff303030</colordiffuse>
                        </control>
<control type="image">
                            <top>215</top>
                            <left>225</left>
                            <width>125</width>
                            <height>125</height>
                            <texture fallback="icons/apps.png" diffuse="masks/Mask440x440r16.png">$INFO[ListItem.Path]$INFO[ListItem.Label]/icon.png</texture> 
                        </control>
 <control type="label">
                               <top>490</top>
                                <left>30</left>
                                <width>370</width>
                                <textcolor>TextBright</textcolor>
                                <font>SettingsTiles</font>
                                <align>left</align>
                                <label>$INFO[ListItem.label]</label>
                                <scroll>false</scroll>
                            </control>
                    </control>
                </itemlayout>

                <focusedlayout width="610" height="610">
                    <control type="group">
<animation type="Visible">
			<effect type="fade" start="0" end="100" delay="0" time="200" />
		</animation>

<animation type="Hidden">
			<effect type="fade" start="100" end="0" delay="0" time="200" />
		</animation>


                        <left>9</left>
                        <top>20</top>
                        <width>480</width>
                        <height>160</height>
                        <control type="group">
<control type="image">
<animation type="Conditional" condition="true">
			<effect type="fade" start="100" end="50" delay="0" time="0" />
		</animation>
                            <top>0</top>
                            <left>0</left>
                            <width>580</width>
                            <height>580</height>
                          <texture diffuse="masks/Mask440x440r16.png">color_white.png</texture> 
                          <colordiffuse>ff303030</colordiffuse>
                        </control>
<control type="image">
                            <top>215</top>
                            <left>225</left>
                            <width>125</width>
                            <height>125</height>
                            <texture fallback="icons/apps.png" diffuse="masks/Mask440x440r16.png">$INFO[ListItem.Path]$INFO[ListItem.Label]/icon.png</texture> 
                        </control>
 <control type="label">
                               <top>490</top>
                                <left>30</left>
                                <width>370</width>
                                <textcolor>TextBright</textcolor>
                                <font>SettingsTiles</font>
                                <align>left</align>
                                <label>$INFO[ListItem.label]</label>
                                <scroll>false</scroll>
                            </control>
                             <control type="image">
<animation type="UnFocus">
<effect type="fade" start="100" end="0" delay="0" time="125"/>
		</animation>
<animation type="Focus">
<effect type="fade" start="0" end="100" delay="0" time="125"/>
		</animation>
<animation type="Hidden">
			<effect type="fade" start="100" end="0" delay="0" time="250" />
		</animation>
<animation type="Visible">
			<effect type="fade" start="0" end="100" delay="0" time="150" />
		</animation>
                            <top>-5</top>
                            <left>-5</left>
                            <width>590</width>
                            <height>590</height>
                          <texture border="100" diffuse="masks/Mask440x440r16.png">masks/Selector420x626r16.png</texture> 
                        <visible>Control.HasFocus(9001)</visible>
                        </control>

                        </control>
                        
                    </control>
                </focusedlayout>

<content type="programs">special://xbmc/uwpapps</content>
                
            </control>
            
            
             <control type="label">
<animation type="Visible">
			<effect type="fade" start="0" end="100" delay="0" time="300" />
			<effect type="slide" start="0,15" end="0,0" delay="0" time="200" tween="sine" easing="inout" />
		</animation>

<animation type="Hidden">
			<effect type="fade" start="100" end="0" delay="0" time="200" />
		</animation>
                                <top>-280</top>
                                <left>420</left>
                                <width>1500</width>
                                <textcolor>TextBright</textcolor>
                                <font>HomeTitle9</font>
                                <align>left</align>
                                <label>Recently Launched</label>
                             <visible>Container(901).HasFocus(2) + Container(900).HasFocus(2)</visible>
                            </control>
                            
<control type="panel" id="9001">
            
<animation type="Visible">
			<effect type="fade" start="0" end="100" delay="0" time="300" />
			<effect type="slide" start="0,15" end="0,0" delay="0" time="200" tween="sine" easing="inout" />
		</animation>

<animation type="Hidden">
			<effect type="fade" start="100" end="0" delay="0" time="200" />
		</animation>
		

<visible>Container(901).HasFocus(2) + Container(900).HasFocus(2)</visible>




                <left>405</left>
                <!-- <left>950</left> -->
                <width>3500</width>
                <height>1700</height>
                <top>1000</top>
                <focusposition>2</focusposition>

                <onup>901</onup>
                <ondown>-</ondown>
<onright>-</onright>
<onleft>-</onleft>
                <itemlayout width="610" height="610">
                    <control type="group">
                        <left>9</left>
                        <top>20</top>
                        <width>480</width>
                        <height>160</height>
                        <control type="image">
<animation type="Conditional" condition="true">
			<effect type="fade" start="100" end="50" delay="0" time="0" />
		</animation>
                            <top>0</top>
                            <left>0</left>
                            <width>580</width>
                            <height>580</height>
                          <texture diffuse="masks/Mask440x440r16.png">color_white.png</texture> 
                          <colordiffuse>ff303030</colordiffuse>
                        </control>
                        <control type="image">
                           <visible>String.IsEmpty(ListItem.Thumb)</visible>
                             <top>0</top>
                            <left>0</left>
                            <width>580</width>
                            <height>580</height>
                            <texture fallback="icons/apps.png" diffuse="masks/Mask440x440r16.png">$INFO[ListItem.ActualIcon]</texture> 
                        </control>
<control type="image">
                            <top>215</top>
                            <left>225</left>
                            <width>125</width>
                            <height>125</height>
                            <texture diffuse="masks/Mask440x440r16.png">$INFO[ListItem.Thumb]</texture> 
                        </control>
 <control type="label">
                               <top>490</top>
                                <left>30</left>
                                <width>370</width>
                                <textcolor>TextBright</textcolor>
                                <font>SettingsTiles</font>
                                <align>left</align>
                                <label>$INFO[ListItem.label2]</label>
                                <scroll>false</scroll>
                            </control>
                    </control>
                </itemlayout>

                <focusedlayout width="610" height="610">
                    <control type="group">
<animation type="Visible">
			<effect type="fade" start="0" end="100" delay="0" time="200" />
		</animation>

<animation type="Hidden">
			<effect type="fade" start="100" end="0" delay="0" time="200" />
		</animation>


                        <left>9</left>
                        <top>20</top>
                        <width>480</width>
                        <height>160</height>
                        <control type="group">
<control type="image">
<animation type="Conditional" condition="true">
			<effect type="fade" start="100" end="50" delay="0" time="0" />
		</animation>
                            <top>0</top>
                            <left>0</left>
                            <width>580</width>
                            <height>580</height>
                          <texture diffuse="masks/Mask440x440r16.png">color_white.png</texture> 
                          <colordiffuse>ff303030</colordiffuse>
                        </control>
                        <control type="image">
                        <visible>String.IsEmpty(ListItem.Thumb)</visible>
                             <top>0</top>
                            <left>0</left>
                            <width>580</width>
                            <height>580</height>
                            <texture fallback="icons/apps.png" diffuse="masks/Mask440x440r16.png">$INFO[ListItem.ActualIcon]</texture> 
                        </control>
<control type="image">
                            <top>215</top>
                            <left>225</left>
                            <width>125</width>
                            <height>125</height>
                            <texture diffuse="masks/Mask440x440r16.png">$INFO[ListItem.Thumb]</texture> 
                        </control>
 <control type="label">
                               <top>490</top>
                                <left>30</left>
                                <width>370</width>
                                <textcolor>TextBright</textcolor>
                                <font>SettingsTiles</font>
                                <align>left</align>
                                <label>$INFO[ListItem.label2]</label>
                                <scroll>false</scroll>
                            </control>
                             <control type="image">
<animation type="UnFocus">
<effect type="fade" start="100" end="0" delay="0" time="125"/>
		</animation>
<animation type="Focus">
<effect type="fade" start="0" end="100" delay="0" time="125"/>
		</animation>
<animation type="Hidden">
			<effect type="fade" start="100" end="0" delay="0" time="250" />
		</animation>
<animation type="Visible">
			<effect type="fade" start="0" end="100" delay="0" time="150" />
		</animation>
                            <top>-5</top>
                            <left>-5</left>
                            <width>590</width>
                            <height>590</height>
                          <texture border="100" diffuse="masks/Mask440x440r16.png">masks/Selector420x626r16.png</texture> 
                        <visible>Control.HasFocus(9001)</visible>
                        </control>

                        </control>
                        
                    </control>
                </focusedlayout>

<content>

<item id="3">

			<label2>$INFO[Skin.String(recen1name)]</label2>
			<thumb>$INFO[Skin.String(recent1icon)]</thumb>
												<onclick>RunScript($INFO[Skin.String(recent1exe)])</onclick>
<onclick>Skin.SetString(gamefanart, )</onclick>
<onclick>ActivateWindow(9000)</onclick>
						<visible>Skin.String(recent1type, uwpapp) | Skin.String(recent1type, winapp)</visible>
		</item>
<item id="3">
			<label2>$INFO[Skin.String(recen1name)]</label2>
			<thumb>$INFO[Skin.String(recent1icon)]</thumb>
												<onclick>RunScript($INFO[Skin.String(recent1exe)])</onclick>
<onclick>Skin.SetString(gamefanart, )</onclick>
<onclick>ActivateWindow(9000)</onclick>
						<visible>Skin.String(recent1type, app)</visible>
		</item>
<item id="3">

			<icon>$INFO[Skin.String(recent1icon)]</icon>
												<onclick>RunScript($INFO[Skin.String(recent1exe)])</onclick>
<onclick>Skin.SetString(gamefanart, $INFO[Skin.String(recent1art)])</onclick>
<onclick>ActivateWindow(9000)</onclick>
<visible>Skin.String(recent1type, game)</visible>
		</item>
<item id="3">
			<label2>$INFO[Skin.String(recen1name)]</label2>
			<thumb>$INFO[Skin.String(recent1icon)]</thumb>
										<onclick>RunScript($INFO[Skin.String(recent1exe)])</onclick>
<onclick>Skin.SetString(gamefanart, )</onclick>
<onclick>ActivateWindow(9000)</onclick>
<visible>Skin.String(recent1type, wingame)</visible>
		</item>

<item id="3">

			<label2>$INFO[Skin.String(recen2name)]</label2>
			<thumb>$INFO[Skin.String(recent2icon)]</thumb>
												<onclick>RunScript($INFO[Skin.String(recent2exe)])</onclick>
<onclick>Skin.SetString(gamefanart, )</onclick>
<onclick>ActivateWindow(9000)</onclick>
						<visible>Skin.String(recent2type, uwpapp) | Skin.String(recent2type, winapp)</visible>
		</item>
<item id="3">

			<label2>$INFO[Skin.String(recen2name)]</label2>
			<thumb>$INFO[Skin.String(recent2icon)]</thumb>
												<onclick>RunScript($INFO[Skin.String(recent2exe)])</onclick>
<onclick>Skin.SetString(gamefanart, )</onclick>
<onclick>ActivateWindow(9000)</onclick>
						<visible>Skin.String(recent2type, app)</visible>
		</item>
<item id="3">


			<icon>$INFO[Skin.String(recent2icon)]</icon>
												<onclick>RunScript($INFO[Skin.String(recent2exe)])</onclick>	
<onclick>Skin.SetString(gamefanart, $INFO[Skin.String(recent2art)])</onclick>
<onclick>ActivateWindow(9000)</onclick>
<visible>Skin.String(recent2type, game)</visible>
		</item>
<item id="3">

			<label2>$INFO[Skin.String(recen2name)]</label2>
			<thumb>$INFO[Skin.String(recent2icon)]</thumb>
										<onclick>RunScript($INFO[Skin.String(recent2exe)])</onclick>
<onclick>Skin.SetString(gamefanart, )</onclick>
<onclick>ActivateWindow(9000)</onclick>
<visible>Skin.String(recent2type, wingame)</visible>
		</item>

<item id="3">

			<label2>$INFO[Skin.String(recen3name)]</label2>
			<thumb>$INFO[Skin.String(recent3icon)]</thumb>
												<onclick>RunScript($INFO[Skin.String(recent3exe)])</onclick>
<onclick>Skin.SetString(gamefanart, )</onclick>
<onclick>ActivateWindow(9000)</onclick>
						<visible>Skin.String(recent3type, uwpapp) | Skin.String(recent3type, winapp)</visible>
		</item>
<item id="3">

			<label2>$INFO[Skin.String(recen3name)]</label2>
			<thumb>$INFO[Skin.String(recent3icon)]</thumb>
												<onclick>RunScript($INFO[Skin.String(recent3exe)])</onclick>
<onclick>Skin.SetString(gamefanart, )</onclick>
<onclick>ActivateWindow(9000)</onclick>
						<visible>Skin.String(recent3type, app)</visible>
		</item>
<item id="3">


			<icon>$INFO[Skin.String(recent3icon)]</icon>
												<onclick>RunScript($INFO[Skin.String(recent3exe)])</onclick>	
<onclick>Skin.SetString(gamefanart, $INFO[Skin.String(recent3art)])</onclick>
<onclick>ActivateWindow(9000)</onclick>
<visible>Skin.String(recent3type, game)</visible>
		</item>
<item id="3">

			<label2>$INFO[Skin.String(recen3name)]</label2>
			<thumb>$INFO[Skin.String(recent3icon)]</thumb>
										<onclick>RunScript($INFO[Skin.String(recent3exe)])</onclick>
<onclick>Skin.SetString(gamefanart, )</onclick>
<onclick>ActivateWindow(9000)</onclick>
<visible>Skin.String(recent3type, wingame)</visible>
		</item>

<item id="3">

			<label2>$INFO[Skin.String(recen4name)]</label2>
			<thumb>$INFO[Skin.String(recent4icon)]</thumb>
												<onclick>RunScript($INFO[Skin.String(recent4exe)])</onclick>
<onclick>Skin.SetString(gamefanart, )</onclick>
<onclick>ActivateWindow(9000)</onclick>
						<visible>Skin.String(recent4type, uwpapp) | Skin.String(recent4type, winapp)</visible>
		</item>
<item id="3">

			<label2>$INFO[Skin.String(recen4name)]</label2>
			<thumb>$INFO[Skin.String(recent4icon)]</thumb>
												<onclick>RunScript($INFO[Skin.String(recent4exe)])</onclick>
<onclick>Skin.SetString(gamefanart, )</onclick>
<onclick>ActivateWindow(9000)</onclick>
						<visible>Skin.String(recent4type, app)</visible>
		</item>
<item id="3">


			<icon>$INFO[Skin.String(recent4icon)]</icon>
												<onclick>RunScript($INFO[Skin.String(recent4exe)])</onclick>	
<onclick>Skin.SetString(gamefanart, $INFO[Skin.String(recent4art)])</onclick>
<onclick>ActivateWindow(9000)</onclick>
<visible>Skin.String(recent4type, game)</visible>
		</item>
<item id="3">

			<label2>$INFO[Skin.String(recen4name)]</label2>
			<thumb>$INFO[Skin.String(recent4icon)]</thumb>
										<onclick>RunScript($INFO[Skin.String(recent4exe)])</onclick>
<onclick>Skin.SetString(gamefanart, )</onclick>
<onclick>ActivateWindow(9000)</onclick>
<visible>Skin.String(recent4type, wingame)</visible>
		</item>

<item id="3">

			<label2>$INFO[Skin.String(recen5name)]</label2>
			<thumb>$INFO[Skin.String(recent5icon)]</thumb>
												<onclick>RunScript($INFO[Skin.String(recent5exe)])</onclick>
<onclick>Skin.SetString(gamefanart, )</onclick>
<onclick>ActivateWindow(9000)</onclick>
						<visible>Skin.String(recent5type, uwpapp) | Skin.String(recent5type, winapp)</visible>
		</item>
<item id="3">

			<label2>$INFO[Skin.String(recen5name)]</label2>
			<thumb>$INFO[Skin.String(recent5icon)]</thumb>
												<onclick>RunScript($INFO[Skin.String(recent5exe)])</onclick>
<onclick>Skin.SetString(gamefanart, )</onclick>
<onclick>ActivateWindow(9000)</onclick>
						<visible>Skin.String(recent5type, app)</visible>
		</item>
<item id="3">


			<icon>$INFO[Skin.String(recent5icon)]</icon>
												<onclick>RunScript($INFO[Skin.String(recent5exe)])</onclick>	
<onclick>Skin.SetString(gamefanart, $INFO[Skin.String(recent5art)])</onclick>
<onclick>ActivateWindow(9000)</onclick>
<visible>Skin.String(recent5type, game)</visible>
		</item>
<item id="3">

			<label2>$INFO[Skin.String(recen5name)]</label2>
			<thumb>$INFO[Skin.String(recent5icon)]</thumb>
										<onclick>RunScript($INFO[Skin.String(recent5exe)])</onclick>
<onclick>Skin.SetString(gamefanart, )</onclick>
<onclick>ActivateWindow(9000)</onclick>
<visible>Skin.String(recent5type, wingame)</visible>
		</item>
		
<item id="3">

			<label2>$INFO[Skin.String(recen6name)]</label2>
			<thumb>$INFO[Skin.String(recent6icon)]</thumb>
												<onclick>RunScript($INFO[Skin.String(recent6exe)])</onclick>
<onclick>Skin.SetString(gamefanart, )</onclick>
<onclick>ActivateWindow(9000)</onclick>
						<visible>Skin.String(recent6type, uwpapp) | Skin.String(recent6type, winapp)</visible>
		</item>
<item id="3">

			<label2>$INFO[Skin.String(recen6name)]</label2>
			<thumb>$INFO[Skin.String(recent6icon)]</thumb>
												<onclick>RunScript($INFO[Skin.String(recent6exe)])</onclick>
<onclick>Skin.SetString(gamefanart, )</onclick>
<onclick>ActivateWindow(9000)</onclick>
						<visible>Skin.String(recent6type, app)</visible>
		</item>
<item id="3">


			<icon>$INFO[Skin.String(recent6icon)]</icon>
												<onclick>RunScript($INFO[Skin.String(recent6exe)])</onclick>	
<onclick>Skin.SetString(gamefanart, $INFO[Skin.String(recent6art)])</onclick>
<onclick>ActivateWindow(9000)</onclick>
<visible>Skin.String(recent6type, game)</visible>
		</item>
<item id="3">

			<label2>$INFO[Skin.String(recen6name)]</label2>
			<thumb>$INFO[Skin.String(recent6icon)]</thumb>
										<onclick>RunScript($INFO[Skin.String(recent6exe)])</onclick>
<onclick>Skin.SetString(gamefanart, )</onclick>
<onclick>ActivateWindow(9000)</onclick>
<visible>Skin.String(recent6type, wingame)</visible>
		</item>
<item id="3">

			<label2>$INFO[Skin.String(recen7name)]</label2>
			<thumb>$INFO[Skin.String(recent7icon)]</thumb>
												<onclick>RunScript($INFO[Skin.String(recent7exe)])</onclick>
<onclick>Skin.SetString(gamefanart, )</onclick>
<onclick>ActivateWindow(9000)</onclick>
						<visible>Skin.String(recent7type, uwpapp) | Skin.String(recent7type, winapp)</visible>
		</item>
<item id="3">

			<label2>$INFO[Skin.String(recen7name)]</label2>
			<thumb>$INFO[Skin.String(recent7icon)]</thumb>
												<onclick>RunScript($INFO[Skin.String(recent7exe)])</onclick>
<onclick>Skin.SetString(gamefanart, )</onclick>
<onclick>ActivateWindow(9000)</onclick>
						<visible>Skin.String(recent7type, app)</visible>
		</item>
<item id="3">


			<icon>$INFO[Skin.String(recent7icon)]</icon>
												<onclick>RunScript($INFO[Skin.String(recent7exe)])</onclick>	
<onclick>Skin.SetString(gamefanart, $INFO[Skin.String(recent7art)])</onclick>
<onclick>ActivateWindow(9000)</onclick>
<visible>Skin.String(recent7type, game)</visible>
		</item>
<item id="3">

			<label2>$INFO[Skin.String(recen7name)]</label2>
			<thumb>$INFO[Skin.String(recent7icon)]</thumb>
										<onclick>RunScript($INFO[Skin.String(recent7exe)])</onclick>
<onclick>Skin.SetString(gamefanart, )</onclick>
<onclick>ActivateWindow(9000)</onclick>
<visible>Skin.String(recent7type, wingame)</visible>
		</item>
		
		<item id="3">

			<label2>$INFO[Skin.String(recen8name)]</label2>
			<thumb>$INFO[Skin.String(recent8icon)]</thumb>
												<onclick>RunScript($INFO[Skin.String(recent8exe)])</onclick>
<onclick>Skin.SetString(gamefanart, )</onclick>
<onclick>ActivateWindow(9000)</onclick>
						<visible>Skin.String(recent8type, uwpapp) | Skin.String(recent8type, winapp)</visible>
		</item>
<item id="3">

			<label2>$INFO[Skin.String(recen8name)]</label2>
			<thumb>$INFO[Skin.String(recent8icon)]</thumb>
												<onclick>RunScript($INFO[Skin.String(recent8exe)])</onclick>
<onclick>Skin.SetString(gamefanart, )</onclick>
<onclick>ActivateWindow(9000)</onclick>
						<visible>Skin.String(recent8type, app)</visible>
		</item>
<item id="3">


			<icon>$INFO[Skin.String(recent8icon)]</icon>
												<onclick>RunScript($INFO[Skin.String(recent8exe)])</onclick>	
<onclick>Skin.SetString(gamefanart, $INFO[Skin.String(recent8art)])</onclick>
<onclick>ActivateWindow(9000)</onclick>
<visible>Skin.String(recent8type, game)</visible>
		</item>
<item id="3">

<label2>$INFO[Skin.String(recen8name)]</label2>
			<label>$INFO[Skin.String(recen8name)]</label>
			<thumb>$INFO[Skin.String(recent8icon)]</thumb>
										<onclick>RunScript($INFO[Skin.String(recent8exe)])</onclick>
<onclick>Skin.SetString(gamefanart, )</onclick>
<onclick>ActivateWindow(9000)</onclick>
<visible>Skin.String(recent8type, wingame)</visible>
		</item>


		<item id="3">

			<label2>$INFO[Skin.String(recen9name)]</label2>
			<thumb>$INFO[Skin.String(recent9icon)]</thumb>
												<onclick>RunScript($INFO[Skin.String(recent9exe)])</onclick>
<onclick>Skin.SetString(gamefanart, )</onclick>
<onclick>ActivateWindow(9000)</onclick>
						<visible>Skin.String(recent9type, uwpapp) | Skin.String(recent9type, winapp)</visible>
		</item>
<item id="3">

			<label2>$INFO[Skin.String(recen9name)]</label2>
			<thumb>$INFO[Skin.String(recent9icon)]</thumb>
												<onclick>RunScript($INFO[Skin.String(recent9exe)])</onclick>
<onclick>Skin.SetString(gamefanart, )</onclick>
<onclick>ActivateWindow(9000)</onclick>
						<visible>Skin.String(recent9type, app)</visible>
		</item>
<item id="3">


			<icon>$INFO[Skin.String(recent9icon)]</icon>
												<onclick>RunScript($INFO[Skin.String(recent9exe)])</onclick>	
<onclick>Skin.SetString(gamefanart, $INFO[Skin.String(recent9art)])</onclick>
<onclick>ActivateWindow(9000)</onclick>
<visible>Skin.String(recent9type, game)</visible>
		</item>
<item id="3">

<label2>$INFO[Skin.String(recen9name)]</label2>
			<label>$INFO[Skin.String(recen9name)]</label>
			<thumb>$INFO[Skin.String(recent9icon)]</thumb>
										<onclick>RunScript($INFO[Skin.String(recent9exe)])</onclick>
<onclick>Skin.SetString(gamefanart, )</onclick>
<onclick>ActivateWindow(9000)</onclick>
<visible>Skin.String(recent9type, wingame)</visible>
		</item>

		<item id="3">

			<label2>$INFO[Skin.String(recen10name)]</label2>
			<thumb>$INFO[Skin.String(recent10icon)]</thumb>
												<onclick>RunScript($INFO[Skin.String(recent10exe)])</onclick>
<onclick>Skin.SetString(gamefanart, )</onclick>
<onclick>ActivateWindow(9000)</onclick>
						<visible>Skin.String(recent10type, uwpapp) | Skin.String(recent10type, winapp)</visible>
		</item>
<item id="3">

			<label2>$INFO[Skin.String(recen10name)]</label2>
			<thumb>$INFO[Skin.String(recent10icon)]</thumb>
												<onclick>RunScript($INFO[Skin.String(recent10exe)])</onclick>
<onclick>Skin.SetString(gamefanart, )</onclick>
<onclick>ActivateWindow(9000)</onclick>
						<visible>Skin.String(recent10type, app)</visible>
		</item>
<item id="3">


			<icon>$INFO[Skin.String(recent10icon)]</icon>
												<onclick>RunScript($INFO[Skin.String(recent10exe)])</onclick>	
<onclick>Skin.SetString(gamefanart, $INFO[Skin.String(recent10art)])</onclick>
<onclick>ActivateWindow(9000)</onclick>
<visible>Skin.String(recent10type, game)</visible>
		</item>
<item id="3">

<label2>$INFO[Skin.String(recen10name)]</label2>
			<label>$INFO[Skin.String(recen10name)]</label>
			<thumb>$INFO[Skin.String(recent10icon)]</thumb>
										<onclick>RunScript($INFO[Skin.String(recent10exe)])</onclick>
<onclick>Skin.SetString(gamefanart, )</onclick>
<onclick>ActivateWindow(9000)</onclick>
<visible>Skin.String(recent10type, wingame)</visible>
		</item>
</content>
                
            </control>


<control type="fixedlist" id="901">
            
<animation type="Visible">
			<effect type="fade" start="0" end="100" delay="0" time="300" />
			<effect type="slide" start="0,15" end="0,0" delay="0" time="200" tween="sine" easing="inout" />
		</animation>

<animation type="Hidden">
			<effect type="fade" start="100" end="0" delay="0" time="200" />
		</animation>
		
    <visible>Container(900).HasFocus(3)</visible>

                 <left>-100</left>
                <!-- <left>950</left> -->
                <width>4550</width>
                <top>480</top>
                <orientation>horizontal</orientation>
                <focusposition>2</focusposition>

                <onup>900</onup>
                <ondown>9001</ondown>
<onright>-</onright>
<onleft>-</onleft>
<onclick condition="String.IsEmpty(ListItem.Label2)">Skin.SetString(temprecenticon, $INFO[ListItem.Path]$INFO[ListItem.Label]/icon.jpg)</onclick>
<onclick condition="String.IsEmpty(ListItem.Label2)">Skin.SetString(temprecenname, $INFO[ListItem.Label])</onclick>
<onclick condition="String.IsEmpty(ListItem.Label2)">Skin.SetString(temprecentexe, $INFO[ListItem.Path]$INFO[ListItem.Label]/app.py)</onclick>
<onclick condition="String.IsEmpty(ListItem.Label2)">Skin.SetString(temprecenttype, app)</onclick>

<onclick condition="String.IsEmpty(ListItem.Label2)">RunScript($INFO[ListItem.Path]$INFO[ListItem.Label]/app.py)</onclick>
<onclick condition="String.IsEmpty(ListItem.Label2)">Skin.SetString(gamefanart, )</onclick>
<onclick condition="String.IsEmpty(ListItem.Label2)">ActivateWindow(9000)</onclick>
                <itemlayout width="280" height="160">
                    <control type="group">
                        <left>9</left>
                        <top>20</top>
                        <width>480</width>
                        <height>160</height>
 <control type="image">
<animation type="Conditional" condition="true">
			<effect type="fade" start="100" end="60" delay="0" time="0" />
		</animation>
                            <top>0</top>
                            <left>0</left>
                            <width>250</width>
                            <height>250</height>
                          <texture diffuse="masks/Mask440x440r16.png">color_black.png</texture> 
                          <colordiffuse>ff303030</colordiffuse>
                        </control>
                        <control type="image">
<animation type="Conditional" condition="true">
			<effect type="fade" start="100" end="60" delay="0" time="0" />
		</animation>
                            <top>62.5</top>
                            <left>62.5</left>
                            <width>125</width>
                            <height>125</height>
                          <texture diffuse="masks/Mask440x440r16.png">$INFO[ListItem.ActualIcon]</texture> 
                        </control>
                          <control type="image">
<animation type="Conditional" condition="true">
			<effect type="fade" start="100" end="60" delay="0" time="0" />
		</animation>
                            <top>0</top>
                            <left>0</left>
                            <width>250</width>
                            <height>250</height>
                          <texture diffuse="masks/Mask440x440r16.png">$INFO[ListItem.Thumb]</texture> 
<aspectratio scalediffuse="false" align="center" aligny="center">scale</aspectratio>
                        </control>
<control type="image">
<animation type="Conditional" condition="true">
			<effect type="fade" start="100" end="60" delay="0" time="0" />
		</animation>
                            <top>62.5</top>
                            <left>62.5</left>
                            <width>125</width>
                            <height>125</height>
                          <texture diffuse="masks/Mask440x440r16.png">$INFO[ListItem.Path]$INFO[ListItem.Label]/icon.png</texture> 
<aspectratio scalediffuse="false" align="center" aligny="center">scale</aspectratio>
                        </control>
                    </control>
                </itemlayout>

                <focusedlayout width="280" height="160">
                    <control type="group">
<visible>Control.HasFocus(901)</visible>
<animation type="Visible">
			<effect type="fade" start="0" end="100" delay="0" time="200" />
		</animation>

<animation type="Hidden">
			<effect type="fade" start="100" end="0" delay="0" time="200" />
		</animation>

<animation type="Focus">
			<effect type="fade" start="0" end="100" delay="0" time="200" />
		</animation>

<animation type="UnFocus">
			<effect type="fade" start="100" end="0" delay="0" time="200" />
		</animation>
                        <left>9</left>
                        <top>20</top>
                        <width>480</width>
                        <height>160</height>
 <control type="label">

                                <top>300</top>
                                <left>330</left>
                                <width>1500</width>
                                <textcolor>TextBright</textcolor>
                                <font>HomeTitle2</font>
                                <align>left</align>
                                <label>$INFO[ListItem.Label2]$INFO[ListItem.Label]</label>
                             
                            </control>
                            </control>
                    <control type="group">
<animation type="Visible">
			<effect type="fade" start="0" end="100" delay="0" time="200" />
		</animation>

<animation type="Hidden">
			<effect type="fade" start="100" end="0" delay="0" time="200" />
		</animation>

<animation type="Focus">
<effect type="zoom" start="100" end="135" delay="0" time="200" tween="sine" easing="out" center="135,10"/>
		</animation>

<animation type="UnFocus">
<effect type="zoom" start="135" end="100" delay="0" time="100" tween="sine" easing="out" center="135,10"/>
		</animation>
                        <left>9</left>
                        <top>20</top>
                        <width>480</width>
                        <height>160</height>
                        <control type="group">
 <control type="image">
<animation type="UnFocus">
<effect type="fade" start="100" end="60" delay="0" time="150"/>
		</animation>
<animation type="Focus">
<effect type="fade" start="60" end="100" delay="0" time="150"/>
		</animation>
<animation type="Conditional" condition="!Control.HasFocus(901)">
			<effect type="fade" start="100" end="50" delay="0" time="0" />
		</animation>
                            <top>0</top>
                            <left>0</left>
                            <width>250</width>
                            <height>250</height>
                          <texture diffuse="masks/Mask440x440r16.png">color_black.png</texture> 
                          <colordiffuse>ff303030</colordiffuse>
                        </control>
                          <control type="image">
<animation type="UnFocus">
<effect type="fade" start="100" end="60" delay="0" time="150"/>
		</animation>
<animation type="Focus">
<effect type="fade" start="60" end="100" delay="0" time="150"/>
		</animation>
<animation type="Conditional" condition="!Control.HasFocus(901)">
			<effect type="fade" start="100" end="50" delay="0" time="0" />
		</animation>
                            <top>62.5</top>
                            <left>62.5</left>
                            <width>125</width>
                            <height>125</height>
                          <texture diffuse="masks/Mask440x440r16.png">$INFO[ListItem.ActualIcon]</texture> 
                        </control>
                          <control type="image">
<animation type="UnFocus">
<effect type="fade" start="100" end="60" delay="0" time="150"/>
		</animation>
<animation type="Focus">
<effect type="fade" start="60" end="100" delay="0" time="150"/>
		</animation>
<animation type="Conditional" condition="!Control.HasFocus(901)">
			<effect type="fade" start="100" end="50" delay="0" time="0" />
		</animation>
                            <top>0</top>
                            <left>0</left>
                            <width>250</width>
                            <height>250</height>
                          <texture diffuse="masks/Mask440x440r16.png">$INFO[ListItem.Thumb]</texture> 
<aspectratio scalediffuse="false" align="center" aligny="center">scale</aspectratio>
                        </control>
<control type="image">
<animation type="UnFocus">
<effect type="fade" start="100" end="60" delay="0" time="150"/>
		</animation>
<animation type="Focus">
<effect type="fade" start="60" end="100" delay="0" time="150"/>
		</animation>
<animation type="Conditional" condition="!Control.HasFocus(901)">
			<effect type="fade" start="100" end="50" delay="0" time="0" />
		</animation>
                            <top>62.5</top>
                            <left>62.5</left>
                            <width>125</width>
                            <height>125</height>
                          <texture diffuse="masks/Mask440x440r16.png">$INFO[ListItem.Path]$INFO[ListItem.Label]/icon.png</texture> 
<aspectratio scalediffuse="false" align="center" aligny="center">scale</aspectratio>
                        </control>

                             <control type="image">
<animation type="UnFocus">
<effect type="fade" start="100" end="0" delay="0" time="25"/>
		</animation>
<animation type="Focus">
<effect type="fade" start="0" end="100" delay="0" time="25"/>
		</animation>
                            <top>-5</top>
                            <left>-5</left>
                            <width>260</width>
                            <height>260</height>
                          <texture border="100" diffuse="masks/Mask440x440r16.png">masks/Selector420x626r16.png</texture> 
                        <visible>Control.HasFocus(901)</visible>
                        </control>


                        </control>
                        
                    </control>
                </focusedlayout>
                <content>
                    

		
		 <item id="3">

			<label2>Manage</label2>
			<icon>icons/hdd.png</icon>
			<onclick>ActivateWindow(9009)</onclick>
		</item>
				 <item id="2">

			<label2>UWP Apps</label2>
			<icon>icons/microsoft-fill2.png</icon>
			<onclick>down</onclick>
			<visible>Skin.HasSetting(uwptab)</visible>
		</item>
		
                </content>
             <content type="programs">special://xbmc/apps</content>
            </control>
            
            
          


            
                 


 


                            
 
        </control>

<control type="group">
                                  
                            
                                     <control type="label">
<animation type="Visible">
			<effect type="fade" start="0" end="100" delay="0" time="300"/>
			<effect type="slide" start="0,15" end="0,0" delay="0" time="200" tween="sine" easing="inout"/>
		</animation>

<animation type="Hidden">
			<effect type="fade" start="100" end="0" delay="0" time="150"/>
		</animation>
                                <top>900</top>
                                <left>460</left>
                                <textcolor>TextBright</textcolor>
                                <font>SemiBold160</font>
                                <align>left</align>
                                <label>$INFO[Container(901).ListItem.Label]</label>
                                 <visible>String.IsEmpty(Container(901).ListItem.Label2) + Container(900).HasFocus(3) + !Control.HasFocus(900)</visible>
                            </control>

   <control type="label">
<animation type="Visible">
			<effect type="fade" start="0" end="100" delay="0" time="300"/>
			<effect type="slide" start="0,15" end="0,0" delay="0" time="200" tween="sine" easing="inout"/>
		</animation>

<animation type="Hidden">
			<effect type="fade" start="100" end="0" delay="0" time="150"/>
		</animation>
                                <top>900</top>
                                <left>460</left>
                                <textcolor>TextBright</textcolor>
                                <font>SemiBold160</font>
                                <align>left</align>
                                <label>$INFO[Container(901).ListItem.Label]</label>
                                 <visible>String.IsEmpty(Container(901).ListItem.Label2) + Container(900).HasFocus(2) + !Control.HasFocus(900)</visible>
                            </control>

      
 <control type="image">
<animation type="Visible">
			<effect type="fade" start="0" end="100" delay="0" time="300"/>
			<effect type="slide" start="0,15" end="0,0" delay="0" time="200" tween="sine" easing="inout"/>
		</animation>

<animation type="Hidden">
			<effect type="fade" start="100" end="0" delay="0" time="150"/>
		</animation>
            <left>3050</left>
            <top>1100</top>
            <width>500</width>
            <height>500</height>
            <fadetime>400</fadetime>
            <texture border="100" diffuse="masks/Mask440x440r16.png">$INFO[Container(901).ListItem.Path]$INFO[ListItem.Label]/icon.jpg</texture>
            <visible>Container(900).HasFocus(2) | Container(900).HasFocus(3) + !Control.HasFocus(900) + !Container(901).HasFocus(1)</visible>
        </control>
        </control>
        <include>bottombar</include>
        <control type="group">
        <animation type="Conditional" condition="Control.HasFocus(9001)">
			<effect type="slide" start="0,0" end="0,-450" delay="0" time="250" tween="sine" easing="inout" />
		</animation>
<animation type="Conditional" condition="!Control.HasFocus(9001) + Container(900).HasFocus(2)">
			<effect type="slide" end="0,0" delay="0" time="150" tween="sine" easing="inout" />
		</animation>
                    		<animation type="WindowOpen" condition="Window.Previous(Startup)">
			<effect type="fade" start="0" end="100" delay="500" time="300"/>
		<effect type="slide" start="0,15" end="0,0" delay="500" time="200" tween="sine" easing="inout"/>
                    </animation>

		<animation type="WindowOpen" condition="!Window.Previous(Startup)">
			<effect type="fade" start="0" end="100" delay="0" time="300"/>
			<effect type="slide" start="0,15" end="0,0" delay="0" time="200" tween="sine" easing="inout"/>
                    </animation>
<left>-100</left>
<control type="image">
<animation type="Visible">
			<effect type="fade" start="0" end="100" delay="0" time="300"/>
		</animation>
<animation type="Hidden">
			<effect type="fade" start="100" end="0" delay="0" time="300"/>
		</animation>
                            <top>130</top>
                            <left>3375</left>
                            <width>60</width>
                            <height>60</height>
                          <texture>icons\nowifi.png</texture> 
                          <visible>!System.InternetState</visible>
                        </control>
<control type="image">
<animation type="Visible">
			<effect type="fade" start="0" end="100" delay="0" time="300"/>
		</animation>
<animation type="Hidden">
			<effect type="fade" start="100" end="0" delay="0" time="300"/>
		</animation>
                            <top>130</top>
                            <left>3375</left>
                            <width>60</width>
                            <height>60</height>
                          <texture>icons\wifi.png</texture> 
                          <visible>System.InternetState</visible>
                        </control>

                          <control type="image">
                            <top>100</top>
                            <left>3500</left>
                            <width>125</width>
                            <height>125</height>
                          <texture diffuse="masks/Mask80x80r40.png" fallback="DefaultActorSolid.png">$INFO[Skin.String(profileimage)]</texture> 
                        </control>

 <control type="label">
                                 <top>-1832</top>
                                <posx>2470</posx>
                                <textcolor>TextBright</textcolor>
                                <font>font27</font>
                                <align>center</align>
                                <label>$INFO[System.Time]</label>
                            </control>

</control>
    </include>

</includes>