﻿<?xml version="1.0" encoding="UTF-8"?>
<window>
<onload>RunScript(special://skin/scripts/version.py)</onload>
    <defaultcontrol>7000</defaultcontrol>
    <controls>
		<control type="group">
		
		<animation type="WindowOpen">
			<effect type="fade" start="0" end="100" delay="0" time="300"/>
                    </animation>
<animation type="WindowClose">
			<effect type="fade" start="100" end="0" delay="0" time="300"/>
                    </animation>

 <control type="image">
            <left>0</left>
            <top>0</top>
            <width>3840</width>
            <height>2160</height>
            <fadetime>400</fadetime>
            <texture background="true" fallback="demo/homebg2.jpg">demo/appbg.jpg</texture>
        </control>
<control type="image">
				 <left>0</left>
            <top>0</top>
            <width>3840</width>
            <height>2160</height>
            <fadetime>400</fadetime>
			<texture background="true">color_white.png</texture>
			<colordiffuse>8C000000</colordiffuse>
				<animation effect="fade" start="0" end="100" time="200" condition="$PARAM[animate]">WindowOpen</animation>
				<animation effect="fade" start="100" end="0" time="200" delay="70" condition="$PARAM[animate]">WindowClose</animation>
			</control>
        </control>
<control type="group">
<left>120</left>
 <control type="label">
		<animation type="WindowOpen">
			<effect type="fade" start="0" end="100" delay="0" time="300"/>
			<effect type="slide" start="0,15" end="0,0" delay="0" time="200" tween="sine" easing="inout"/>
                    </animation>
<animation type="WindowClose">
			<effect type="fade" start="100" end="0" delay="0" time="300"/>
                    </animation>
                                 <top>-1632</top>
                                <left>205</left>
                                <textcolor>TextBright</textcolor>
                                <font>font37</font>
                                <align>left</align>
                                <label>Settings</label>
                            </control>
                            
                            
                                                        <control type="label">
                                 <top>-1480</top>
                                <left>205</left>
                                <textcolor>TextBright</textcolor>
                                <font>Version</font>
                               <align>left</align>
                                <label>Version: $INFO[Skin.String(currentver)]</label>
                            </control>
                            
                            
</control>

        <control type="grouplist" id="7000">
		<animation type="WindowOpen">
			<effect type="fade" start="0" end="100" delay="0" time="300"/>
			<effect type="slide" start="0,15" end="0,0" delay="0" time="200" tween="sine" easing="inout"/>
                    </animation>
<animation type="WindowClose">
			<effect type="fade" start="100" end="0" delay="0" time="300"/>
                    </animation>
            <top>0</top>
            <left>920</left>
            <width>3840</width>
            <height>2160</height>
            <align>center</align>


            <control type="button" id="7001">
                <description>Unfocused widget brightness</description>
                <width>2000</width>
                <align>left</align>
                <include>Button120</include>
                <label>Windows settings</label>
			<onclick>Skin.SetString(gamelaunch, /windows/settings.lnk)</onclick>
			<onclick>RunScript(special://xbmc/uwpapps/settings/app.py)</onclick>
            </control>
            <control type="button" id="7002">
                <description>Unfocused widget brightness</description>
                <width>2000</width>
                <align>left</align>
                <include>Button120</include>
                <label>Personalization</label>
			<onclick>ActivateWindow(9020)</onclick>
            </control>


  <control type="radiobutton" id="7003">
                <description>Setup home menus</description>
                <width>2000</width>
                <align>left</align>
                <include>Button120</include>
                <label>Auto sign in</label>
                <onclick>Skin.ToggleSetting(autosign)</onclick>
                <selected>Skin.HasSetting(autosign)</selected>
            </control>
            
                        <control type="radiobutton" id="7004">
                <description>Setup home menus</description>
                <width>2000</width>
                <align>left</align>
                <include>Button120</include>
                <label>Automatic updates</label>
                <onclick condition="!Skin.HasSetting(autoupdate)">Skin.SetString(autoupdate, 1)</onclick>
                <onclick condition="!Skin.HasSetting(autoupdate)">RunScript(special://skin/scripts/autoupdate.py)</onclick>
                <onclick condition="!Skin.HasSetting(autoupdate)">Skin.ToggleSetting(autoupdate)</onclick>

                <onclick condition="Skin.HasSetting(autoupdate)">Skin.SetString(autoupdate, 0)</onclick>
                <onclick condition="Skin.HasSetting(autoupdate)">RunScript(special://skin/scripts/autoupdate.py)</onclick>
                <onclick condition="Skin.HasSetting(autoupdate)">Skin.ToggleSetting(autoupdate)</onclick>
                <selected>Skin.HasSetting(autoupdate)</selected>
            </control>

<control type="radiobutton" id="7005">
                <description>Setup home menus</description>
                <width>2000</width>
                <align>left</align>
                <include>Button120</include>
                <label>Auto UWP integration (Recommended)</label>
                <onclick>Skin.ToggleSetting(generateuwp)</onclick>
                <selected>Skin.HasSetting(generateuwp)</selected>
                <visible>false</visible>
            </control>
            
            <control type="radiobutton" id="7006">
                <description>Setup home menus</description>
                <width>2000</width>
                <align>left</align>
                <include>Button120</include>
                <label>Auto Game importing (Experimental)</label>
                <onclick>Skin.ToggleSetting(generategames)</onclick>
                <selected>Skin.HasSetting(generategames)</selected>
            </control>
            
 <control type="radiobutton" id="7007">
                <description>Setup home menus</description>
                <width>2000</width>
                <align>left</align>
                <include>Button120</include>
                <label>Start with Windows</label>
                                <onclick condition="!Skin.HasSetting(autostart)">RunScript(special://skin/scripts/addstartup.py)</onclick>
                <onclick condition="!Skin.HasSetting(autostart)">Skin.ToggleSetting(autostart)</onclick>
                                <onclick condition="Skin.HasSetting(autostart)">RunScript(special://skin/scripts/removestartup.py)</onclick>
                <onclick condition="Skin.HasSetting(autostart)">Skin.ToggleSetting(autostart)</onclick>
                <selected>Skin.HasSetting(autostart)</selected>
            </control>
            

 <control type="button" id="7008">
                <description>Unfocused widget brightness</description>
                <width>2000</width>
                <align>left</align>
                <include>Button120</include>
                <label>Input method</label>
			<onclick>ActivateWindow(9016)</onclick>
            </control>


 <control type="button" id="7009">
                <description>Unfocused widget brightness</description>
                <width>2000</width>
                <align>left</align>
                <include>Button120</include>
                <label>Import Steam executable</label>
	<onclick>ActivateWindow(9023)</onclick>
            </control>
            



          
        </control>
        		<include>bottombar</include>
    </controls>
</window>