﻿<?xml version="1.0" encoding="UTF-8"?>
<window>
    <defaultcontrol always="true">900</defaultcontrol>
<onload>RunScript(special://skin/scripts/profileimage.py)</onload>
<onload condition="Skin.HasSetting(winwallpaper)">RunScript(special://skin/scripts/wallpaper.py)</onload>
<onload>RunScript(special://skin/scripts/profilename.py)</onload>
 
    <onload condition="Skin.HasSetting(autosign) + Skin.HasSetting(firsttimerun)">ReplaceWindow(Home)</onload>

<onload condition="!Skin.HasSetting(firsttimerun)">ActivateWindow(9007)</onload>
<onload condition="Skin.HasSetting(generateuwp)">RunScript(special://skin/scripts/generateuwp.py)</onload>
<onload condition="Skin.HasSetting(generategames) + System.InternetState">RunScript(special://skin/scripts/generategames.py)</onload>
	<controls>
	
	<control type="group">
			<visible>!Skin.HasSetting(autosign) + Skin.HasSetting(firsttimerun)</visible>
	<animation type="WindowOpen">
			<effect type="fade" start="0" end="100" delay="500" time="300"/>
                    </animation>
<include>wallpaper</include>
	</control>
		<!-- Background -->
		<control type="group">
		<visible>!Skin.HasSetting(autosign) + Skin.HasSetting(firsttimerun)</visible>
		<animation type="WindowOpen">
			<effect type="fade" start="0" end="100" delay="0" time="300"/>
			<effect type="slide" start="0,15" end="0,0" delay="0" time="200" tween="sine" easing="inout"/>
                    </animation>

        <animation type="WindowClose">
			<effect type="fade" start="100" end="0" delay="500" time="700"/>
                    </animation>
                    
<control type="group">

<top>100</top>

 <control type="image">
            <left>0</left>
            <top>-100</top>
            <width>3840</width>
            <height>2160</height>
            <fadetime>400</fadetime>
            <texture background="true" fallback="demo/homebg2.jpg">demo/appbg.jpg</texture>
        </control>
<control type="image">
				 <left>0</left>
            <top>-100</top>
            <width>3840</width>
            <height>2160</height>
            <fadetime>400</fadetime>
			<texture background="true">color_white.png</texture>
			<colordiffuse>8C000000</colordiffuse>
				<animation effect="fade" start="0" end="100" time="200" condition="$PARAM[animate]">WindowOpen</animation>
				<animation effect="fade" start="100" end="0" time="200" delay="70" condition="$PARAM[animate]">WindowClose</animation>
			</control>

</control>    
 <control type="image">
<visible>!Skin.String(inputmethod, PS) + !Skin.String(inputmethod, KEYBOARD)</visible>
<animation type="WindowClose">
			<effect type="fade" start="100" end="0" delay="0" time="300"/>
                    </animation>
            <left>1820</left>
            <top>1380</top>
            <width>200</width>
            <height>200</height>
            <fadetime>400</fadetime>
            <texture>demo/startupa.png</texture>
        </control>
 <control type="image">
<visible>Skin.String(inputmethod, PS)</visible>
<animation type="WindowClose">
			<effect type="fade" start="100" end="0" delay="0" time="300"/>
                    </animation>
            <left>1870</left>
            <top>1430</top>
            <width>100</width>
            <height>100</height>
            <fadetime>400</fadetime>
            <texture>demo/ps_startupa.png</texture>
        </control>
 <control type="image">
<visible>Skin.String(inputmethod, KEYBOARD)</visible>
<animation type="WindowClose">
			<effect type="fade" start="100" end="0" delay="0" time="300"/>
                    </animation>
            <left>1880</left>
            <top>1440</top>
            <width>80</width>
            <height>80</height>
            <fadetime>400</fadetime>
            <texture>demo/kb_startupa.png</texture>
        </control>
 <control type="image">
<animation type="WindowClose">
			<effect type="fade" start="100" end="0" delay="0" time="300"/>
                    </animation>
 <animation type="Conditional" condition="true" loop="true">
			<effect type="fade" start="0" end="100" delay="200" time="600"/>
			<effect type="zoom" start="90" end="110" delay="200" time="800" tween="sine" easing="inout" center="auto"/>
<effect type="zoom" start="110" end="90" delay="600" time="800" tween="sine" easing="inout" center="auto"/>
		<effect type="fade" start="100" end="0" delay="600" time="600"/>
		</animation>
            <left>1820</left>
            <top>1380</top>
            <width>200</width>
            <height>200</height>
            <fadetime>400</fadetime>
            <texture>demo/startuparing.png</texture>
        </control>
<control type="group">
<animation type="WindowClose">
			<effect type="fade" start="100" end="0" delay="0" time="300"/>
                    </animation>
<left>-230</left>
<top>-200</top>

<control type="list" id="900">

                
		


                <left>0</left>
                <!-- <left>950</left> -->
                <width>0</width>
                <top>0</top>
                <orientation>horizontal</orientation>


                <onup>-</onup>
                <ondown>-</ondown>
<onright>-</onright>

                <itemlayout width="280" height="160">
                    <control type="group">
                        <left>150</left>
                        <width>480</width>
                        <height>160</height>
                    </control>
                </itemlayout>

                <focusedlayout width="280" height="160">
                    <control type="group">
                        <left>150</left>
                        <width>480</width>
                        <height>160</height>
                        <control type="group">
                         
                        </control>
                        
                    </control>
                </focusedlayout>
                <content>
                    <item id="1">
			<label2>-</label2>
			<icon>-</icon>
			<onclick>ReplaceWindow(Home)</onclick>
		</item>
		
                </content>
            </control>
                            
  

 

                                               <control type="label">
                                <top>0</top>
                                <left>210</left>
                                <textcolor>TextBright</textcolor>
                                <font>HomeTitle</font>
                                <align>center</align>
                                <label>Welcome back, $INFO[Skin.String(profilename)]!</label>
                                <visible>!String.IsEmpty(Skin.String(profilename)</visible>
                            </control>
                                               <control type="label">
                                <top>0</top>
                                <left>210</left>
                                <textcolor>TextBright</textcolor>
                                <font>HomeTitle</font>
                                <align>center</align>
                                <label>Welcome back!</label>
                                <visible>String.IsEmpty(Skin.String(profilename)</visible>
                            </control>
                               <control type="label">
<visible>!Skin.String(inputmethod, PS) + !Skin.String(inputmethod, KEYBOARD)</visible>
                                <top>300</top>
                                <left>210</left>
                                <textcolor>TextMid</textcolor>
                                <font>HomeTitle2</font>
                                <align>center</align>
                                <label>Press A to sign in.</label>
                            </control>
  <control type="label">
<visible>Skin.String(inputmethod, PS)</visible>
                                <top>300</top>
                                <left>210</left>
                                <textcolor>TextMid</textcolor>
                                <font>HomeTitle2</font>
                                <align>center</align>
                                <label>Press X to sign in.</label>
                            </control>
  <control type="label">
<visible>Skin.String(inputmethod, KEYBOARD)</visible>
                                <top>300</top>
                                <left>210</left>
                                <textcolor>TextMid</textcolor>
                                <font>HomeTitle2</font>
                                <align>center</align>
                                <label>Press Enter to sign in.</label>
                            </control>


            </control>
		

		</control>
		<!-- Home items -->
	</controls>


</window>